-- phpMyAdmin SQL Dump
-- version 5.2.1
-- https://www.phpmyadmin.net/
--
-- Host: 127.0.0.1
-- Generation Time: Jul 12, 2025 at 04:08 PM
-- Server version: 10.4.28-MariaDB
-- PHP Version: 8.2.4

SET SQL_MODE = "NO_AUTO_VALUE_ON_ZERO";
START TRANSACTION;
SET time_zone = "+00:00";


/*!40101 SET @OLD_CHARACTER_SET_CLIENT=@@CHARACTER_SET_CLIENT */;
/*!40101 SET @OLD_CHARACTER_SET_RESULTS=@@CHARACTER_SET_RESULTS */;
/*!40101 SET @OLD_COLLATION_CONNECTION=@@COLLATION_CONNECTION */;
/*!40101 SET NAMES utf8mb4 */;

--
-- Database: `u742242489_decore`
--

-- --------------------------------------------------------

--
-- Table structure for table `calculation_records`
--

CREATE TABLE `calculation_records` (
  `id` int(11) NOT NULL,
  `client_id` int(11) NOT NULL,
  `company_id` int(11) NOT NULL,
  `window_type` varchar(50) NOT NULL,
  `height` decimal(10,2) NOT NULL,
  `width` decimal(10,2) NOT NULL,
  `quantity` int(11) NOT NULL,
  `total_area` decimal(10,2) NOT NULL,
  `total_cost` decimal(10,2) NOT NULL,
  `calculation_data` longtext CHARACTER SET utf8mb4 COLLATE utf8mb4_bin NOT NULL CHECK (json_valid(`calculation_data`)),
  `created_at` timestamp NOT NULL DEFAULT current_timestamp(),
  `svg_data` text DEFAULT NULL
) ENGINE=InnoDB DEFAULT CHARSET=utf8mb4 COLLATE=utf8mb4_general_ci;

--
-- Dumping data for table `calculation_records`
--

INSERT INTO `calculation_records` (`id`, `client_id`, `company_id`, `window_type`, `height`, `width`, `quantity`, `total_area`, `total_cost`, `calculation_data`, `created_at`, `svg_data`) VALUES
(116, 38, 1, 'Door', 4.00, 4.00, 1, 16.00, 7160.00, '{\"dimensions\":{\"height\":4,\"width\":4,\"quantity\":1,\"area\":16},\"materials\":{\"frame\":{\"length\":\"0.63\",\"cost\":60},\"sash\":{\"length\":\"0.84\",\"cost\":800},\"beading\":{\"length\":\"0.84\",\"cost\":1600},\"panel\":{\"length\":\"2.53\",\"cost\":2400},\"steel\":{\"quantity\":\"3.50\",\"cost\":35},\"glass\":{\"area\":\"8.00\",\"cost\":1600}},\"hardware\":{\"items\":{\"Fitting Screw\":15,\"Rawal Plug\":15,\"Silicon White\":2,\"Self Screw\":40,\"Sada Screw\":30,\"Hinges\":4,\"Locks\":1},\"costs\":{\"Fitting Screw\":75,\"Rawal Plug\":150,\"Silicon White\":60,\"Self Screw\":200,\"Sada Screw\":150,\"Hinges\":20,\"Locks\":10},\"total\":665},\"totals\":{\"materials\":4895,\"hardware\":665,\"glass\":1600,\"grandTotal\":7160}}', '2025-07-01 07:44:13', NULL),
(117, 44, 3, 'Door', 6.00, 6.00, 1, 36.00, 3600.00, '{\"dimensions\":{\"height\":6,\"width\":6,\"quantity\":1,\"area\":36},\"materials\":{\"frame\":{\"length\":\"0.95\",\"cost\":0},\"sash\":{\"length\":\"1.26\",\"cost\":0},\"beading\":{\"length\":\"1.26\",\"cost\":0},\"panel\":{\"length\":\"5.68\",\"cost\":0},\"steel\":{\"quantity\":\"5.25\",\"cost\":0},\"glass\":{\"area\":\"18.00\",\"cost\":3600}},\"hardware\":{\"items\":{\"Fitting Screw\":15,\"Rawal Plug\":15,\"Silicon White\":2,\"Self Screw\":40,\"Sada Screw\":30,\"Hinges\":4,\"Locks\":1},\"costs\":{\"Fitting Screw\":0,\"Rawal Plug\":0,\"Silicon White\":0,\"Self Screw\":0,\"Sada Screw\":0,\"Hinges\":0,\"Locks\":0},\"total\":0},\"totals\":{\"materials\":0,\"hardware\":0,\"glass\":3600,\"grandTotal\":3600}}', '2025-07-01 07:48:23', NULL),
(118, 43, 2, 'Door', 5.00, 5.00, 1, 25.00, 2500.00, '{\"dimensions\":{\"height\":5,\"width\":5,\"quantity\":1,\"area\":25},\"materials\":{\"frame\":{\"length\":\"0.79\",\"cost\":0},\"sash\":{\"length\":\"1.05\",\"cost\":0},\"beading\":{\"length\":\"1.05\",\"cost\":0},\"panel\":{\"length\":\"3.95\",\"cost\":0},\"steel\":{\"quantity\":\"4.38\",\"cost\":0},\"glass\":{\"area\":\"12.50\",\"cost\":2500}},\"hardware\":{\"items\":{\"Fitting Screw\":15,\"Rawal Plug\":15,\"Silicon White\":2,\"Self Screw\":40,\"Sada Screw\":30,\"Hinges\":4,\"Locks\":1},\"costs\":{\"Fitting Screw\":0,\"Rawal Plug\":0,\"Silicon White\":0,\"Self Screw\":0,\"Sada Screw\":0,\"Hinges\":0,\"Locks\":0},\"total\":0},\"totals\":{\"materials\":0,\"hardware\":0,\"glass\":2500,\"grandTotal\":2500}}', '2025-07-01 08:01:12', NULL),
(119, 33, 1, '3PSL', 6.00, 6.00, 1, 36.00, 15930.50, '{\"dimensions\":{\"height\":6,\"width\":6,\"quantity\":1,\"area\":36},\"materials\":{\"frame\":{\"length\":\"1.26\",\"cost\":120},\"sash\":{\"length\":\"2.27\",\"cost\":432},\"netSash\":{\"length\":\"1.14\",\"cost\":432},\"beading\":{\"length\":\"2.27\",\"cost\":4320},\"interlock\":{\"length\":\"0.76\",\"cost\":432},\"steel\":{\"quantity\":\"11.10\",\"cost\":111.00000000000001},\"net\":{\"area\":\"24.00\",\"cost\":480},\"netRubber\":{\"quantity\":\"0.27\",\"cost\":13.5},\"burshi\":{\"length\":\"66.00\",\"cost\":660}},\"hardware\":{\"locks\":{\"quantity\":2,\"cost\":40},\"dummy\":{\"quantity\":2,\"cost\":40},\"boofer\":{\"quantity\":4,\"cost\":120},\"stopper\":{\"quantity\":4,\"cost\":160},\"doubleWheel\":{\"quantity\":4,\"cost\":200},\"netWheel\":{\"quantity\":4,\"cost\":40},\"sadaScrew\":{\"quantity\":40,\"cost\":200},\"fittingScrew\":{\"quantity\":30,\"cost\":150},\"selfScrew\":{\"quantity\":70,\"cost\":350},\"rawalPlug\":{\"quantity\":30,\"cost\":300},\"siliconWhite\":{\"quantity\":2,\"cost\":60},\"holeCaps\":{\"quantity\":30,\"cost\":60},\"waterCaps\":{\"quantity\":2,\"cost\":10}},\"totals\":{\"materials\":7000.5,\"hardware\":1730,\"glass\":7200,\"grandTotal\":15930.5}}', '2025-07-01 12:29:37', NULL),
(120, 33, 1, '2PSL', 6.00, 5.00, 1, 30.00, 14276.10, '{\"dimensions\":{\"height\":6,\"width\":5,\"quantity\":1,\"area\":30},\"materials\":{\"frame\":{\"length\":\"1.16\",\"cost\":110},\"sash\":{\"length\":\"1.74\",\"cost\":330},\"netSash\":{\"length\":\"0.87\",\"cost\":330},\"beading\":{\"length\":\"1.74\",\"cost\":3300},\"interlock\":{\"length\":\"0.58\",\"cost\":330},\"steel\":{\"quantity\":\"8.94\",\"cost\":1698.1},\"net\":{\"area\":\"15.00\",\"cost\":300},\"netRubber\":{\"quantity\":\"3.92\",\"cost\":196},\"burshi\":{\"length\":\"42.00\",\"cost\":420}},\"hardware\":{\"locks\":{\"quantity\":1,\"cost\":20},\"dummy\":{\"quantity\":2,\"cost\":40},\"boofer\":{\"quantity\":2,\"cost\":60},\"stopper\":{\"quantity\":2,\"cost\":80},\"doubleWheel\":{\"quantity\":2,\"cost\":100},\"netWheel\":{\"quantity\":2,\"cost\":20},\"sadaScrew\":{\"quantity\":20,\"cost\":100},\"fittingScrew\":{\"quantity\":16,\"cost\":80},\"selfScrew\":{\"quantity\":100,\"cost\":500},\"rawalPlug\":{\"quantity\":16,\"cost\":160},\"siliconWhite\":{\"quantity\":2,\"cost\":60},\"holeCaps\":{\"quantity\":16,\"cost\":32},\"waterCaps\":{\"quantity\":2,\"cost\":10}},\"totals\":{\"materials\":7014.1,\"hardware\":1262,\"glass\":6000,\"grandTotal\":14276.1}}', '2025-07-01 13:00:53', NULL),
(121, 39, 1, '2PSL', 5.00, 5.00, 1, 25.00, 12583.80, '{\"dimensions\":{\"height\":5,\"width\":5,\"quantity\":1,\"area\":25},\"materials\":{\"frame\":{\"length\":\"1.05\",\"cost\":100},\"sash\":{\"length\":\"1.58\",\"cost\":300},\"netSash\":{\"length\":\"0.79\",\"cost\":300},\"beading\":{\"length\":\"1.58\",\"cost\":3000},\"interlock\":{\"length\":\"0.53\",\"cost\":300},\"steel\":{\"quantity\":\"8.13\",\"cost\":1543.8},\"net\":{\"area\":\"12.50\",\"cost\":250},\"netRubber\":{\"quantity\":\"3.56\",\"cost\":178},\"burshi\":{\"length\":\"35.00\",\"cost\":350}},\"hardware\":{\"locks\":{\"quantity\":1,\"cost\":20},\"dummy\":{\"quantity\":2,\"cost\":40},\"boofer\":{\"quantity\":2,\"cost\":60},\"stopper\":{\"quantity\":2,\"cost\":80},\"doubleWheel\":{\"quantity\":2,\"cost\":100},\"netWheel\":{\"quantity\":2,\"cost\":20},\"sadaScrew\":{\"quantity\":20,\"cost\":100},\"fittingScrew\":{\"quantity\":16,\"cost\":80},\"selfScrew\":{\"quantity\":100,\"cost\":500},\"rawalPlug\":{\"quantity\":16,\"cost\":160},\"siliconWhite\":{\"quantity\":2,\"cost\":60},\"holeCaps\":{\"quantity\":16,\"cost\":32},\"waterCaps\":{\"quantity\":2,\"cost\":10}},\"totals\":{\"materials\":6321.8,\"hardware\":1262,\"glass\":5000,\"grandTotal\":12583.8}}', '2025-07-01 15:17:58', NULL),
(122, 39, 1, '3PSL', 4.00, 4.00, 1, 16.00, 9490.33, '{\"dimensions\":{\"height\":4,\"width\":4,\"quantity\":1,\"area\":16},\"materials\":{\"frame\":{\"length\":\"0.84\",\"cost\":80},\"sash\":{\"length\":\"1.52\",\"cost\":288},\"netSash\":{\"length\":\"0.76\",\"cost\":288},\"beading\":{\"length\":\"1.52\",\"cost\":2880},\"interlock\":{\"length\":\"0.51\",\"cost\":288},\"steel\":{\"quantity\":\"7.40\",\"cost\":74.00000000000001},\"net\":{\"area\":\"10.67\",\"cost\":213.33333333333331},\"netRubber\":{\"quantity\":\"0.18\",\"cost\":9},\"burshi\":{\"length\":\"44.00\",\"cost\":440}},\"hardware\":{\"locks\":{\"quantity\":2,\"cost\":40},\"dummy\":{\"quantity\":2,\"cost\":40},\"boofer\":{\"quantity\":4,\"cost\":120},\"stopper\":{\"quantity\":4,\"cost\":160},\"doubleWheel\":{\"quantity\":4,\"cost\":200},\"netWheel\":{\"quantity\":4,\"cost\":40},\"sadaScrew\":{\"quantity\":40,\"cost\":200},\"fittingScrew\":{\"quantity\":30,\"cost\":150},\"selfScrew\":{\"quantity\":70,\"cost\":350},\"rawalPlug\":{\"quantity\":30,\"cost\":300},\"siliconWhite\":{\"quantity\":2,\"cost\":60},\"holeCaps\":{\"quantity\":30,\"cost\":60},\"waterCaps\":{\"quantity\":2,\"cost\":10}},\"totals\":{\"materials\":4560.333333333333,\"hardware\":1730,\"glass\":3200,\"grandTotal\":9490.333333333332}}', '2025-07-01 15:18:44', NULL),
(123, 38, 1, 'Fix Window', 5.00, 5.00, 1, 25.00, 7480.00, '{\"dimensions\":{\"height\":5,\"width\":5,\"quantity\":1,\"area\":25},\"materials\":{\"frame\":{\"length\":\"1.05\",\"cost\":100},\"beading\":{\"length\":\"1.05\",\"cost\":2000},\"steel\":{\"quantity\":\"2.50\",\"cost\":25}},\"hardware\":{\"selfScrew\":{\"quantity\":20,\"cost\":100},\"fittingScrew\":{\"quantity\":15,\"cost\":75},\"holeCaps\":{\"quantity\":15,\"cost\":30},\"rawalPlug\":{\"quantity\":15,\"cost\":150}},\"totals\":{\"materials\":2125,\"hardware\":355,\"glass\":5000,\"grandTotal\":7480}}', '2025-07-01 16:08:27', NULL),
(124, 42, 1, '2PSL', 5.00, 5.00, 1, 25.00, 12583.80, '{\"dimensions\":{\"height\":5,\"width\":5,\"quantity\":1,\"area\":25},\"materials\":{\"frame\":{\"length\":\"1.05\",\"cost\":100},\"sash\":{\"length\":\"1.58\",\"cost\":300},\"netSash\":{\"length\":\"0.79\",\"cost\":300},\"beading\":{\"length\":\"1.58\",\"cost\":3000},\"interlock\":{\"length\":\"0.53\",\"cost\":300},\"steel\":{\"quantity\":\"8.13\",\"cost\":1543.8},\"net\":{\"area\":\"12.50\",\"cost\":250},\"netRubber\":{\"quantity\":\"3.56\",\"cost\":178},\"burshi\":{\"length\":\"35.00\",\"cost\":350}},\"hardware\":{\"locks\":{\"quantity\":1,\"cost\":20},\"dummy\":{\"quantity\":2,\"cost\":40},\"boofer\":{\"quantity\":2,\"cost\":60},\"stopper\":{\"quantity\":2,\"cost\":80},\"doubleWheel\":{\"quantity\":2,\"cost\":100},\"netWheel\":{\"quantity\":2,\"cost\":20},\"sadaScrew\":{\"quantity\":20,\"cost\":100},\"fittingScrew\":{\"quantity\":16,\"cost\":80},\"selfScrew\":{\"quantity\":100,\"cost\":500},\"rawalPlug\":{\"quantity\":16,\"cost\":160},\"siliconWhite\":{\"quantity\":2,\"cost\":60},\"holeCaps\":{\"quantity\":16,\"cost\":32},\"waterCaps\":{\"quantity\":2,\"cost\":10}},\"totals\":{\"materials\":6321.8,\"hardware\":1262,\"glass\":5000,\"grandTotal\":12583.8}}', '2025-07-01 16:23:42', NULL),
(125, 43, 2, '2PSL', 5.00, 5.00, 1, 25.00, 5000.00, '{\"dimensions\":{\"height\":5,\"width\":5,\"quantity\":1,\"area\":25},\"materials\":{\"frame\":{\"length\":\"1.05\",\"cost\":0},\"sash\":{\"length\":\"1.58\",\"cost\":0},\"netSash\":{\"length\":\"0.79\",\"cost\":0},\"beading\":{\"length\":\"1.58\",\"cost\":0},\"interlock\":{\"length\":\"0.53\",\"cost\":0},\"steel\":{\"quantity\":\"8.13\",\"cost\":0},\"net\":{\"area\":\"12.50\",\"cost\":0},\"netRubber\":{\"quantity\":\"3.56\",\"cost\":0},\"burshi\":{\"length\":\"35.00\",\"cost\":0}},\"hardware\":{\"locks\":{\"quantity\":1,\"cost\":0},\"dummy\":{\"quantity\":2,\"cost\":0},\"boofer\":{\"quantity\":2,\"cost\":0},\"stopper\":{\"quantity\":2,\"cost\":0},\"doubleWheel\":{\"quantity\":2,\"cost\":0},\"netWheel\":{\"quantity\":2,\"cost\":0},\"sadaScrew\":{\"quantity\":20,\"cost\":0},\"fittingScrew\":{\"quantity\":16,\"cost\":0},\"selfScrew\":{\"quantity\":100,\"cost\":0},\"rawalPlug\":{\"quantity\":16,\"cost\":0},\"siliconWhite\":{\"quantity\":2,\"cost\":0},\"holeCaps\":{\"quantity\":16,\"cost\":0},\"waterCaps\":{\"quantity\":2,\"cost\":0}},\"totals\":{\"materials\":0,\"hardware\":0,\"glass\":5000,\"grandTotal\":5000}}', '2025-07-01 16:58:15', NULL),
(126, 43, 2, '2PSL', 5.00, 5.00, 1, 25.00, 5000.00, '{\"dimensions\":{\"height\":5,\"width\":5,\"quantity\":1,\"area\":25},\"materials\":{\"frame\":{\"length\":\"1.05\",\"cost\":0},\"sash\":{\"length\":\"1.58\",\"cost\":0},\"netSash\":{\"length\":\"0.79\",\"cost\":0},\"beading\":{\"length\":\"1.58\",\"cost\":0},\"interlock\":{\"length\":\"0.53\",\"cost\":0},\"steel\":{\"quantity\":\"8.13\",\"cost\":0},\"net\":{\"area\":\"12.50\",\"cost\":0},\"netRubber\":{\"quantity\":\"3.56\",\"cost\":0},\"burshi\":{\"length\":\"35.00\",\"cost\":0}},\"hardware\":{\"locks\":{\"quantity\":1,\"cost\":0},\"dummy\":{\"quantity\":2,\"cost\":0},\"boofer\":{\"quantity\":2,\"cost\":0},\"stopper\":{\"quantity\":2,\"cost\":0},\"doubleWheel\":{\"quantity\":2,\"cost\":0},\"netWheel\":{\"quantity\":2,\"cost\":0},\"sadaScrew\":{\"quantity\":20,\"cost\":0},\"fittingScrew\":{\"quantity\":16,\"cost\":0},\"selfScrew\":{\"quantity\":100,\"cost\":0},\"rawalPlug\":{\"quantity\":16,\"cost\":0},\"siliconWhite\":{\"quantity\":2,\"cost\":0},\"holeCaps\":{\"quantity\":16,\"cost\":0},\"waterCaps\":{\"quantity\":2,\"cost\":0}},\"totals\":{\"materials\":0,\"hardware\":0,\"glass\":5000,\"grandTotal\":5000}}', '2025-07-01 16:58:30', NULL),
(127, 35, 1, '2PSL', 5.00, 5.00, 1, 25.00, 12583.80, '{\"dimensions\":{\"height\":5,\"width\":5,\"quantity\":1,\"area\":25},\"materials\":{\"frame\":{\"length\":\"1.05\",\"cost\":100},\"sash\":{\"length\":\"1.58\",\"cost\":300},\"netSash\":{\"length\":\"0.79\",\"cost\":300},\"beading\":{\"length\":\"1.58\",\"cost\":3000},\"interlock\":{\"length\":\"0.53\",\"cost\":300},\"steel\":{\"quantity\":\"8.13\",\"cost\":1543.8},\"net\":{\"area\":\"12.50\",\"cost\":250},\"netRubber\":{\"quantity\":\"3.56\",\"cost\":178},\"burshi\":{\"length\":\"35.00\",\"cost\":350}},\"hardware\":{\"locks\":{\"quantity\":1,\"cost\":20},\"dummy\":{\"quantity\":2,\"cost\":40},\"boofer\":{\"quantity\":2,\"cost\":60},\"stopper\":{\"quantity\":2,\"cost\":80},\"doubleWheel\":{\"quantity\":2,\"cost\":100},\"netWheel\":{\"quantity\":2,\"cost\":20},\"sadaScrew\":{\"quantity\":20,\"cost\":100},\"fittingScrew\":{\"quantity\":16,\"cost\":80},\"selfScrew\":{\"quantity\":100,\"cost\":500},\"rawalPlug\":{\"quantity\":16,\"cost\":160},\"siliconWhite\":{\"quantity\":2,\"cost\":60},\"holeCaps\":{\"quantity\":16,\"cost\":32},\"waterCaps\":{\"quantity\":2,\"cost\":10}},\"totals\":{\"materials\":6321.8,\"hardware\":1262,\"glass\":5000,\"grandTotal\":12583.8}}', '2025-07-02 07:47:52', NULL),
(128, 35, 1, '2PSL', 6.00, 6.00, 1, 36.00, 16301.50, '{\"dimensions\":{\"height\":6,\"width\":6,\"quantity\":1,\"area\":36},\"materials\":{\"frame\":{\"length\":\"1.26\",\"cost\":120},\"sash\":{\"length\":\"1.89\",\"cost\":360},\"netSash\":{\"length\":\"0.95\",\"cost\":360},\"beading\":{\"length\":\"1.89\",\"cost\":3600},\"interlock\":{\"length\":\"0.63\",\"cost\":360},\"steel\":{\"quantity\":\"9.75\",\"cost\":1852.5},\"net\":{\"area\":\"18.00\",\"cost\":360},\"netRubber\":{\"quantity\":\"4.28\",\"cost\":214},\"burshi\":{\"length\":\"42.00\",\"cost\":420}},\"hardware\":{\"locks\":{\"quantity\":1,\"cost\":20},\"dummy\":{\"quantity\":2,\"cost\":40},\"boofer\":{\"quantity\":2,\"cost\":60},\"stopper\":{\"quantity\":2,\"cost\":80},\"doubleWheel\":{\"quantity\":2,\"cost\":100},\"netWheel\":{\"quantity\":2,\"cost\":20},\"sadaScrew\":{\"quantity\":20,\"cost\":100},\"fittingScrew\":{\"quantity\":20,\"cost\":100},\"selfScrew\":{\"quantity\":125,\"cost\":625},\"rawalPlug\":{\"quantity\":20,\"cost\":200},\"siliconWhite\":{\"quantity\":2,\"cost\":60},\"holeCaps\":{\"quantity\":20,\"cost\":40},\"waterCaps\":{\"quantity\":2,\"cost\":10}},\"totals\":{\"materials\":7646.5,\"hardware\":1455,\"glass\":7200,\"grandTotal\":16301.5}}', '2025-07-02 07:48:08', NULL),
(129, 40, 1, '2PSL', 5.00, 5.00, 1, 25.00, 12583.80, '{\"dimensions\":{\"height\":5,\"width\":5,\"quantity\":1,\"area\":25},\"materials\":{\"frame\":{\"length\":\"1.05\",\"cost\":100},\"sash\":{\"length\":\"1.58\",\"cost\":300},\"netSash\":{\"length\":\"0.79\",\"cost\":300},\"beading\":{\"length\":\"1.58\",\"cost\":3000},\"interlock\":{\"length\":\"0.53\",\"cost\":300},\"steel\":{\"quantity\":\"8.13\",\"cost\":1543.8},\"net\":{\"area\":\"12.50\",\"cost\":250},\"netRubber\":{\"quantity\":\"3.56\",\"cost\":178},\"burshi\":{\"length\":\"35.00\",\"cost\":350}},\"hardware\":{\"locks\":{\"quantity\":1,\"cost\":20},\"dummy\":{\"quantity\":2,\"cost\":40},\"boofer\":{\"quantity\":2,\"cost\":60},\"stopper\":{\"quantity\":2,\"cost\":80},\"doubleWheel\":{\"quantity\":2,\"cost\":100},\"netWheel\":{\"quantity\":2,\"cost\":20},\"sadaScrew\":{\"quantity\":20,\"cost\":100},\"fittingScrew\":{\"quantity\":16,\"cost\":80},\"selfScrew\":{\"quantity\":100,\"cost\":500},\"rawalPlug\":{\"quantity\":16,\"cost\":160},\"siliconWhite\":{\"quantity\":2,\"cost\":60},\"holeCaps\":{\"quantity\":16,\"cost\":32},\"waterCaps\":{\"quantity\":2,\"cost\":10}},\"totals\":{\"materials\":6321.8,\"hardware\":1262,\"glass\":5000,\"grandTotal\":12583.8}}', '2025-07-02 07:52:16', NULL),
(130, 40, 1, '2PSL', 8.00, 8.00, 1, 64.00, 24610.00, '{\"dimensions\":{\"height\":8,\"width\":8,\"quantity\":1,\"area\":64},\"materials\":{\"frame\":{\"length\":\"1.68\",\"cost\":160},\"sash\":{\"length\":\"2.53\",\"cost\":480},\"netSash\":{\"length\":\"1.26\",\"cost\":480},\"beading\":{\"length\":\"2.53\",\"cost\":4800},\"interlock\":{\"length\":\"0.84\",\"cost\":480},\"steel\":{\"quantity\":\"13.00\",\"cost\":2470},\"net\":{\"area\":\"32.00\",\"cost\":640},\"netRubber\":{\"quantity\":\"5.70\",\"cost\":285},\"burshi\":{\"length\":\"56.00\",\"cost\":560}},\"hardware\":{\"locks\":{\"quantity\":1,\"cost\":20},\"dummy\":{\"quantity\":2,\"cost\":40},\"boofer\":{\"quantity\":2,\"cost\":60},\"stopper\":{\"quantity\":2,\"cost\":80},\"doubleWheel\":{\"quantity\":2,\"cost\":100},\"netWheel\":{\"quantity\":2,\"cost\":20},\"sadaScrew\":{\"quantity\":20,\"cost\":100},\"fittingScrew\":{\"quantity\":20,\"cost\":100},\"selfScrew\":{\"quantity\":125,\"cost\":625},\"rawalPlug\":{\"quantity\":20,\"cost\":200},\"siliconWhite\":{\"quantity\":2,\"cost\":60},\"holeCaps\":{\"quantity\":20,\"cost\":40},\"waterCaps\":{\"quantity\":2,\"cost\":10}},\"totals\":{\"materials\":10355,\"hardware\":1455,\"glass\":12800,\"grandTotal\":24610}}', '2025-07-02 07:52:34', NULL),
(131, 37, 1, '2PSL', 5.00, 5.00, 1, 25.00, 12583.80, '{\"dimensions\":{\"height\":5,\"width\":5,\"quantity\":1,\"area\":25},\"materials\":{\"frame\":{\"length\":\"1.05\",\"cost\":100},\"sash\":{\"length\":\"1.58\",\"cost\":300},\"netSash\":{\"length\":\"0.79\",\"cost\":300},\"beading\":{\"length\":\"1.58\",\"cost\":3000},\"interlock\":{\"length\":\"0.53\",\"cost\":300},\"steel\":{\"quantity\":\"8.13\",\"cost\":1543.8},\"net\":{\"area\":\"12.50\",\"cost\":250},\"netRubber\":{\"quantity\":\"3.56\",\"cost\":178},\"burshi\":{\"length\":\"35.00\",\"cost\":350}},\"hardware\":{\"locks\":{\"quantity\":1,\"cost\":20},\"dummy\":{\"quantity\":2,\"cost\":40},\"boofer\":{\"quantity\":2,\"cost\":60},\"stopper\":{\"quantity\":2,\"cost\":80},\"doubleWheel\":{\"quantity\":2,\"cost\":100},\"netWheel\":{\"quantity\":2,\"cost\":20},\"sadaScrew\":{\"quantity\":20,\"cost\":100},\"fittingScrew\":{\"quantity\":16,\"cost\":80},\"selfScrew\":{\"quantity\":100,\"cost\":500},\"rawalPlug\":{\"quantity\":16,\"cost\":160},\"siliconWhite\":{\"quantity\":2,\"cost\":60},\"holeCaps\":{\"quantity\":16,\"cost\":32},\"waterCaps\":{\"quantity\":2,\"cost\":10}},\"totals\":{\"materials\":6321.8,\"hardware\":1262,\"glass\":5000,\"grandTotal\":12583.8}}', '2025-07-02 08:00:45', NULL),
(132, 38, 1, '2PSL', 5.00, 5.00, 1, 25.00, 6112.00, '{\"dimensions\":{\"height\":5,\"width\":5,\"quantity\":1,\"area\":25},\"materials\":{\"frame\":{\"length\":\"1.05\",\"cost\":0},\"sash\":{\"length\":\"1.58\",\"cost\":0},\"netSash\":{\"length\":\"0.79\",\"cost\":300},\"beading\":{\"length\":\"1.58\",\"cost\":0},\"interlock\":{\"length\":\"0.53\",\"cost\":0},\"steel\":{\"quantity\":\"8.13\",\"cost\":0},\"net\":{\"area\":\"12.50\",\"cost\":0},\"netRubber\":{\"quantity\":\"3.56\",\"cost\":0},\"burshi\":{\"length\":\"35.00\",\"cost\":0}},\"hardware\":{\"locks\":{\"quantity\":1,\"cost\":0},\"dummy\":{\"quantity\":2,\"cost\":0},\"boofer\":{\"quantity\":2,\"cost\":0},\"stopper\":{\"quantity\":2,\"cost\":80},\"doubleWheel\":{\"quantity\":2,\"cost\":0},\"netWheel\":{\"quantity\":2,\"cost\":20},\"sadaScrew\":{\"quantity\":20,\"cost\":100},\"fittingScrew\":{\"quantity\":16,\"cost\":80},\"selfScrew\":{\"quantity\":100,\"cost\":500},\"rawalPlug\":{\"quantity\":16,\"cost\":0},\"siliconWhite\":{\"quantity\":2,\"cost\":0},\"holeCaps\":{\"quantity\":16,\"cost\":32},\"waterCaps\":{\"quantity\":2,\"cost\":0}},\"totals\":{\"materials\":300,\"hardware\":812,\"glass\":5000,\"grandTotal\":6112}}', '2025-07-06 18:57:37', NULL),
(133, 38, 1, '2PSL', 5.00, 5.00, 1, 25.00, 6112.00, '{\"dimensions\":{\"height\":5,\"width\":5,\"quantity\":1,\"area\":25},\"materials\":{\"frame\":{\"length\":\"1.05\",\"cost\":0},\"sash\":{\"length\":\"1.58\",\"cost\":0},\"netSash\":{\"length\":\"0.79\",\"cost\":300},\"beading\":{\"length\":\"1.58\",\"cost\":0},\"interlock\":{\"length\":\"0.53\",\"cost\":0},\"steel\":{\"quantity\":\"8.13\",\"cost\":0},\"net\":{\"area\":\"12.50\",\"cost\":0},\"netRubber\":{\"quantity\":\"3.56\",\"cost\":0},\"burshi\":{\"length\":\"35.00\",\"cost\":0}},\"hardware\":{\"locks\":{\"quantity\":1,\"cost\":0},\"dummy\":{\"quantity\":2,\"cost\":0},\"boofer\":{\"quantity\":2,\"cost\":0},\"stopper\":{\"quantity\":2,\"cost\":80},\"doubleWheel\":{\"quantity\":2,\"cost\":0},\"netWheel\":{\"quantity\":2,\"cost\":20},\"sadaScrew\":{\"quantity\":20,\"cost\":100},\"fittingScrew\":{\"quantity\":16,\"cost\":80},\"selfScrew\":{\"quantity\":100,\"cost\":500},\"rawalPlug\":{\"quantity\":16,\"cost\":0},\"siliconWhite\":{\"quantity\":2,\"cost\":0},\"holeCaps\":{\"quantity\":16,\"cost\":32},\"waterCaps\":{\"quantity\":2,\"cost\":0}},\"totals\":{\"materials\":300,\"hardware\":812,\"glass\":5000,\"grandTotal\":6112}}', '2025-07-07 06:40:54', NULL),
(134, 43, 2, '2PSL', 5.00, 5.00, 1, 25.00, 5000.00, '{\"dimensions\":{\"height\":5,\"width\":5,\"quantity\":1,\"area\":25},\"materials\":{\"frame\":{\"length\":\"1.05\",\"cost\":0},\"sash\":{\"length\":\"1.58\",\"cost\":0},\"netSash\":{\"length\":\"0.79\",\"cost\":0},\"beading\":{\"length\":\"1.58\",\"cost\":0},\"interlock\":{\"length\":\"0.53\",\"cost\":0},\"steel\":{\"quantity\":\"8.13\",\"cost\":0},\"net\":{\"area\":\"12.50\",\"cost\":0},\"netRubber\":{\"quantity\":\"3.56\",\"cost\":0},\"burshi\":{\"length\":\"35.00\",\"cost\":0}},\"hardware\":{\"locks\":{\"quantity\":1,\"cost\":0},\"dummy\":{\"quantity\":2,\"cost\":0},\"boofer\":{\"quantity\":2,\"cost\":0},\"stopper\":{\"quantity\":2,\"cost\":0},\"doubleWheel\":{\"quantity\":2,\"cost\":0},\"netWheel\":{\"quantity\":2,\"cost\":0},\"sadaScrew\":{\"quantity\":20,\"cost\":0},\"fittingScrew\":{\"quantity\":16,\"cost\":0},\"selfScrew\":{\"quantity\":100,\"cost\":0},\"rawalPlug\":{\"quantity\":16,\"cost\":0},\"siliconWhite\":{\"quantity\":2,\"cost\":0},\"holeCaps\":{\"quantity\":16,\"cost\":0},\"waterCaps\":{\"quantity\":2,\"cost\":0}},\"totals\":{\"materials\":0,\"hardware\":0,\"glass\":5000,\"grandTotal\":5000}}', '2025-07-07 09:33:52', NULL),
(135, 33, 1, '2PSL', 5.00, 5.00, 1, 25.00, 6112.00, '{\"dimensions\":{\"height\":5,\"width\":5,\"quantity\":1,\"area\":25},\"materials\":{\"frame\":{\"length\":\"1.05\",\"cost\":0},\"sash\":{\"length\":\"1.58\",\"cost\":0},\"netSash\":{\"length\":\"0.79\",\"cost\":300},\"beading\":{\"length\":\"1.58\",\"cost\":0},\"interlock\":{\"length\":\"0.53\",\"cost\":0},\"steel\":{\"quantity\":\"8.13\",\"cost\":0},\"net\":{\"area\":\"12.50\",\"cost\":0},\"netRubber\":{\"quantity\":\"3.56\",\"cost\":0},\"burshi\":{\"length\":\"35.00\",\"cost\":0}},\"hardware\":{\"locks\":{\"quantity\":1,\"cost\":0},\"dummy\":{\"quantity\":2,\"cost\":0},\"boofer\":{\"quantity\":2,\"cost\":0},\"stopper\":{\"quantity\":2,\"cost\":80},\"doubleWheel\":{\"quantity\":2,\"cost\":0},\"netWheel\":{\"quantity\":2,\"cost\":20},\"sadaScrew\":{\"quantity\":20,\"cost\":100},\"fittingScrew\":{\"quantity\":16,\"cost\":80},\"selfScrew\":{\"quantity\":100,\"cost\":500},\"rawalPlug\":{\"quantity\":16,\"cost\":0},\"siliconWhite\":{\"quantity\":2,\"cost\":0},\"holeCaps\":{\"quantity\":16,\"cost\":32},\"waterCaps\":{\"quantity\":2,\"cost\":0}},\"totals\":{\"materials\":300,\"hardware\":812,\"glass\":5000,\"grandTotal\":6112}}', '2025-07-07 09:42:41', NULL),
(136, 38, 1, 'Openable Door', 5.00, 5.00, 1, 25.00, 6200.00, '{\"dimensions\":{\"height\":5,\"width\":5,\"quantity\":1,\"area\":25},\"materials\":{\"frame\":{\"length\":\"1.05\",\"cost\":0},\"sash\":{\"length\":\"2.63\",\"cost\":0},\"mullion\":{\"length\":\"1.05\",\"cost\":0},\"beading\":{\"length\":\"2.63\",\"cost\":0},\"steel\":{\"quantity\":\"219.69\",\"cost\":0}},\"hardware\":{\"lock\":{\"quantity\":2,\"cost\":0},\"double_wheel\":{\"quantity\":4,\"cost\":0},\"net_wheel\":{\"quantity\":4,\"cost\":40},\"dummy\":{\"quantity\":4,\"cost\":0},\"boofer\":{\"quantity\":4,\"cost\":0},\"stoper\":{\"quantity\":4,\"cost\":160},\"fitting_screw\":{\"quantity\":30,\"cost\":150},\"rawal_plug\":{\"quantity\":30,\"cost\":0},\"silicon\":{\"quantity\":2,\"cost\":0},\"self_screw\":{\"quantity\":120,\"cost\":600},\"sada_screw\":{\"quantity\":50,\"cost\":250}},\"totals\":{\"materials\":0,\"hardware\":1200,\"glass\":5000,\"grandTotal\":6200}}', '2025-07-07 10:56:43', NULL),
(137, 33, 1, 'Glass Door', 7.00, 7.00, 1, 49.00, 5285.00, '{\"dimensions\":{\"height\":7,\"width\":7,\"quantity\":1,\"area\":49},\"materials\":{\"frame\":{\"length\":\"1.11\",\"cost\":0},\"sash\":{\"length\":\"2.21\",\"cost\":0},\"mullion\":{\"length\":\"0.37\",\"cost\":0},\"beading\":{\"length\":\"2.21\",\"cost\":0},\"steel\":{\"quantity\":\"66.50\",\"cost\":0},\"full_panel\":{\"quantity\":\"0.64\",\"cost\":0},\"half_panel\":{\"quantity\":\"0.32\",\"cost\":0}},\"hardware\":{\"fitting_screw\":{\"quantity\":15,\"cost\":75},\"rawal_plug\":{\"quantity\":15,\"cost\":0},\"silicon\":{\"quantity\":2,\"cost\":0},\"self_screw\":{\"quantity\":60,\"cost\":300},\"hinges\":{\"quantity\":8,\"cost\":0},\"locks\":{\"quantity\":1,\"cost\":0},\"tower_bolt\":{\"quantity\":1,\"cost\":10}},\"totals\":{\"materials\":0,\"hardware\":385,\"glass\":4900,\"grandTotal\":5285}}', '2025-07-07 11:18:31', NULL),
(138, 38, 1, '2PSL', 4.00, 4.00, 1, 16.00, 3859.00, '{\"dimensions\":{\"height\":4,\"width\":4,\"quantity\":1,\"area\":16},\"materials\":{\"frame\":{\"length\":\"0.84\",\"cost\":0},\"sash\":{\"length\":\"1.26\",\"cost\":0},\"netSash\":{\"length\":\"0.63\",\"cost\":0},\"beading\":{\"length\":\"1.26\",\"cost\":0},\"interlock\":{\"length\":\"0.42\",\"cost\":0},\"steel\":{\"quantity\":\"6.50\",\"cost\":0},\"net\":{\"area\":\"8.00\",\"cost\":0},\"netRubber\":{\"quantity\":\"2.85\",\"cost\":0},\"burshi\":{\"length\":\"28.00\",\"cost\":0}},\"hardware\":{\"locks\":{\"quantity\":1,\"cost\":0},\"dummy\":{\"quantity\":2,\"cost\":0},\"boofer\":{\"quantity\":2,\"cost\":0},\"stopper\":{\"quantity\":2,\"cost\":80},\"doubleWheel\":{\"quantity\":2,\"cost\":0},\"netWheel\":{\"quantity\":2,\"cost\":20},\"sadaScrew\":{\"quantity\":20,\"cost\":100},\"fittingScrew\":{\"quantity\":12,\"cost\":60},\"selfScrew\":{\"quantity\":75,\"cost\":375},\"rawalPlug\":{\"quantity\":12,\"cost\":0},\"siliconWhite\":{\"quantity\":2,\"cost\":0},\"holeCaps\":{\"quantity\":12,\"cost\":24},\"waterCaps\":{\"quantity\":2,\"cost\":0}},\"totals\":{\"materials\":0,\"hardware\":659,\"glass\":3200,\"grandTotal\":3859}}', '2025-07-07 11:53:47', NULL),
(139, 33, 1, '2PSL', 4.00, 4.00, 1, 16.00, 3859.00, '{\"dimensions\":{\"height\":4,\"width\":4,\"quantity\":1,\"area\":16},\"materials\":{\"frame\":{\"length\":\"0.84\",\"cost\":0},\"sash\":{\"length\":\"1.26\",\"cost\":0},\"netSash\":{\"length\":\"0.63\",\"cost\":0},\"beading\":{\"length\":\"1.26\",\"cost\":0},\"interlock\":{\"length\":\"0.42\",\"cost\":0},\"steel\":{\"quantity\":\"6.50\",\"cost\":0},\"net\":{\"area\":\"8.00\",\"cost\":0},\"netRubber\":{\"quantity\":\"2.85\",\"cost\":0},\"burshi\":{\"length\":\"28.00\",\"cost\":0}},\"hardware\":{\"locks\":{\"quantity\":1,\"cost\":0},\"dummy\":{\"quantity\":2,\"cost\":0},\"boofer\":{\"quantity\":2,\"cost\":0},\"stopper\":{\"quantity\":2,\"cost\":80},\"doubleWheel\":{\"quantity\":2,\"cost\":0},\"netWheel\":{\"quantity\":2,\"cost\":20},\"sadaScrew\":{\"quantity\":20,\"cost\":100},\"fittingScrew\":{\"quantity\":12,\"cost\":60},\"selfScrew\":{\"quantity\":75,\"cost\":375},\"rawalPlug\":{\"quantity\":12,\"cost\":0},\"siliconWhite\":{\"quantity\":2,\"cost\":0},\"holeCaps\":{\"quantity\":12,\"cost\":24},\"waterCaps\":{\"quantity\":2,\"cost\":0}},\"totals\":{\"materials\":0,\"hardware\":659,\"glass\":3200,\"grandTotal\":3859}}', '2025-07-07 11:55:51', NULL),
(140, 38, 1, '2PSL', 4.00, 4.00, 1, 16.00, 3859.00, '{\"dimensions\":{\"height\":4,\"width\":4,\"quantity\":1,\"area\":16},\"materials\":{\"frame\":{\"length\":\"0.84\",\"cost\":0},\"sash\":{\"length\":\"1.26\",\"cost\":0},\"netSash\":{\"length\":\"0.63\",\"cost\":0},\"beading\":{\"length\":\"1.26\",\"cost\":0},\"interlock\":{\"length\":\"0.42\",\"cost\":0},\"steel\":{\"quantity\":\"6.50\",\"cost\":0},\"net\":{\"area\":\"8.00\",\"cost\":0},\"netRubber\":{\"quantity\":\"2.85\",\"cost\":0},\"burshi\":{\"length\":\"28.00\",\"cost\":0}},\"hardware\":{\"locks\":{\"quantity\":1,\"cost\":0},\"dummy\":{\"quantity\":2,\"cost\":0},\"boofer\":{\"quantity\":2,\"cost\":0},\"stopper\":{\"quantity\":2,\"cost\":80},\"doubleWheel\":{\"quantity\":2,\"cost\":0},\"netWheel\":{\"quantity\":2,\"cost\":20},\"sadaScrew\":{\"quantity\":20,\"cost\":100},\"fittingScrew\":{\"quantity\":12,\"cost\":60},\"selfScrew\":{\"quantity\":75,\"cost\":375},\"rawalPlug\":{\"quantity\":12,\"cost\":0},\"siliconWhite\":{\"quantity\":2,\"cost\":0},\"holeCaps\":{\"quantity\":12,\"cost\":24},\"waterCaps\":{\"quantity\":2,\"cost\":0}},\"totals\":{\"materials\":0,\"hardware\":659,\"glass\":3200,\"grandTotal\":3859}}', '2025-07-07 11:58:37', NULL),
(141, 31, 1, '2PSL', 4.00, 4.00, 1, 16.00, 3859.00, '{\"dimensions\":{\"height\":4,\"width\":4,\"quantity\":1,\"area\":16},\"materials\":{\"frame\":{\"length\":\"0.84\",\"cost\":0},\"sash\":{\"length\":\"1.26\",\"cost\":0},\"netSash\":{\"length\":\"0.63\",\"cost\":0},\"beading\":{\"length\":\"1.26\",\"cost\":0},\"interlock\":{\"length\":\"0.42\",\"cost\":0},\"steel\":{\"quantity\":\"6.50\",\"cost\":0},\"net\":{\"area\":\"8.00\",\"cost\":0},\"netRubber\":{\"quantity\":\"2.85\",\"cost\":0},\"burshi\":{\"length\":\"28.00\",\"cost\":0}},\"hardware\":{\"locks\":{\"quantity\":1,\"cost\":0},\"dummy\":{\"quantity\":2,\"cost\":0},\"boofer\":{\"quantity\":2,\"cost\":0},\"stopper\":{\"quantity\":2,\"cost\":80},\"doubleWheel\":{\"quantity\":2,\"cost\":0},\"netWheel\":{\"quantity\":2,\"cost\":20},\"sadaScrew\":{\"quantity\":20,\"cost\":100},\"fittingScrew\":{\"quantity\":12,\"cost\":60},\"selfScrew\":{\"quantity\":75,\"cost\":375},\"rawalPlug\":{\"quantity\":12,\"cost\":0},\"siliconWhite\":{\"quantity\":2,\"cost\":0},\"holeCaps\":{\"quantity\":12,\"cost\":24},\"waterCaps\":{\"quantity\":2,\"cost\":0}},\"totals\":{\"materials\":0,\"hardware\":659,\"glass\":3200,\"grandTotal\":3859}}', '2025-07-07 12:00:12', NULL),
(142, 31, 1, '2PSL', 4.00, 4.00, 1, 16.00, 3859.00, '{\"dimensions\":{\"height\":4,\"width\":4,\"quantity\":1,\"area\":16},\"materials\":{\"frame\":{\"length\":\"0.84\",\"cost\":0},\"sash\":{\"length\":\"1.26\",\"cost\":0},\"netSash\":{\"length\":\"0.63\",\"cost\":0},\"beading\":{\"length\":\"1.26\",\"cost\":0},\"interlock\":{\"length\":\"0.42\",\"cost\":0},\"steel\":{\"quantity\":\"6.50\",\"cost\":0},\"net\":{\"area\":\"8.00\",\"cost\":0},\"netRubber\":{\"quantity\":\"2.85\",\"cost\":0},\"burshi\":{\"length\":\"28.00\",\"cost\":0}},\"hardware\":{\"locks\":{\"quantity\":1,\"cost\":0},\"dummy\":{\"quantity\":2,\"cost\":0},\"boofer\":{\"quantity\":2,\"cost\":0},\"stopper\":{\"quantity\":2,\"cost\":80},\"doubleWheel\":{\"quantity\":2,\"cost\":0},\"netWheel\":{\"quantity\":2,\"cost\":20},\"sadaScrew\":{\"quantity\":20,\"cost\":100},\"fittingScrew\":{\"quantity\":12,\"cost\":60},\"selfScrew\":{\"quantity\":75,\"cost\":375},\"rawalPlug\":{\"quantity\":12,\"cost\":0},\"siliconWhite\":{\"quantity\":2,\"cost\":0},\"holeCaps\":{\"quantity\":12,\"cost\":24},\"waterCaps\":{\"quantity\":2,\"cost\":0}},\"totals\":{\"materials\":0,\"hardware\":659,\"glass\":3200,\"grandTotal\":3859}}', '2025-07-07 12:00:36', NULL),
(143, 31, 1, '2PSL', 4.00, 4.00, 1, 16.00, 3859.00, '{\"dimensions\":{\"height\":4,\"width\":4,\"quantity\":1,\"area\":16},\"materials\":{\"frame\":{\"length\":\"0.84\",\"cost\":0},\"sash\":{\"length\":\"1.26\",\"cost\":0},\"netSash\":{\"length\":\"0.63\",\"cost\":0},\"beading\":{\"length\":\"1.26\",\"cost\":0},\"interlock\":{\"length\":\"0.42\",\"cost\":0},\"steel\":{\"quantity\":\"6.50\",\"cost\":0},\"net\":{\"area\":\"8.00\",\"cost\":0},\"netRubber\":{\"quantity\":\"2.85\",\"cost\":0},\"burshi\":{\"length\":\"28.00\",\"cost\":0}},\"hardware\":{\"locks\":{\"quantity\":1,\"cost\":0},\"dummy\":{\"quantity\":2,\"cost\":0},\"boofer\":{\"quantity\":2,\"cost\":0},\"stopper\":{\"quantity\":2,\"cost\":80},\"doubleWheel\":{\"quantity\":2,\"cost\":0},\"netWheel\":{\"quantity\":2,\"cost\":20},\"sadaScrew\":{\"quantity\":20,\"cost\":100},\"fittingScrew\":{\"quantity\":12,\"cost\":60},\"selfScrew\":{\"quantity\":75,\"cost\":375},\"rawalPlug\":{\"quantity\":12,\"cost\":0},\"siliconWhite\":{\"quantity\":2,\"cost\":0},\"holeCaps\":{\"quantity\":12,\"cost\":24},\"waterCaps\":{\"quantity\":2,\"cost\":0}},\"totals\":{\"materials\":0,\"hardware\":659,\"glass\":3200,\"grandTotal\":3859}}', '2025-07-07 12:15:34', NULL),
(144, 38, 1, '2PSL', 3.00, 3.00, 1, 9.00, 2320.00, '{\"dimensions\":{\"height\":3,\"width\":3,\"quantity\":1,\"area\":9},\"materials\":{\"frame\":{\"length\":\"0.63\",\"cost\":0},\"sash\":{\"length\":\"0.95\",\"cost\":0},\"netSash\":{\"length\":\"0.47\",\"cost\":0},\"beading\":{\"length\":\"0.95\",\"cost\":0},\"interlock\":{\"length\":\"0.32\",\"cost\":0},\"steel\":{\"quantity\":\"4.88\",\"cost\":0},\"net\":{\"area\":\"4.50\",\"cost\":0},\"netRubber\":{\"quantity\":\"2.14\",\"cost\":0},\"burshi\":{\"length\":\"21.00\",\"cost\":0}},\"hardware\":{\"locks\":{\"quantity\":1,\"cost\":0},\"dummy\":{\"quantity\":2,\"cost\":0},\"boofer\":{\"quantity\":2,\"cost\":0},\"stopper\":{\"quantity\":2,\"cost\":80},\"doubleWheel\":{\"quantity\":2,\"cost\":0},\"netWheel\":{\"quantity\":2,\"cost\":20},\"sadaScrew\":{\"quantity\":20,\"cost\":100},\"fittingScrew\":{\"quantity\":10,\"cost\":50},\"selfScrew\":{\"quantity\":50,\"cost\":250},\"rawalPlug\":{\"quantity\":10,\"cost\":0},\"siliconWhite\":{\"quantity\":2,\"cost\":0},\"holeCaps\":{\"quantity\":10,\"cost\":20},\"waterCaps\":{\"quantity\":2,\"cost\":0}},\"totals\":{\"materials\":0,\"hardware\":520,\"glass\":1800,\"grandTotal\":2320}}', '2025-07-07 12:17:28', NULL),
(145, 33, 1, '2PSL', 4.00, 4.00, 1, 16.00, 3859.00, '{\"dimensions\":{\"height\":4,\"width\":4,\"quantity\":1,\"area\":16},\"materials\":{\"frame\":{\"length\":\"0.84\",\"cost\":0},\"sash\":{\"length\":\"1.26\",\"cost\":0},\"netSash\":{\"length\":\"0.63\",\"cost\":0},\"beading\":{\"length\":\"1.26\",\"cost\":0},\"interlock\":{\"length\":\"0.42\",\"cost\":0},\"steel\":{\"quantity\":\"6.50\",\"cost\":0},\"net\":{\"area\":\"8.00\",\"cost\":0},\"netRubber\":{\"quantity\":\"2.85\",\"cost\":0},\"burshi\":{\"length\":\"28.00\",\"cost\":0}},\"hardware\":{\"locks\":{\"quantity\":1,\"cost\":0},\"dummy\":{\"quantity\":2,\"cost\":0},\"boofer\":{\"quantity\":2,\"cost\":0},\"stopper\":{\"quantity\":2,\"cost\":80},\"doubleWheel\":{\"quantity\":2,\"cost\":0},\"netWheel\":{\"quantity\":2,\"cost\":20},\"sadaScrew\":{\"quantity\":20,\"cost\":100},\"fittingScrew\":{\"quantity\":12,\"cost\":60},\"selfScrew\":{\"quantity\":75,\"cost\":375},\"rawalPlug\":{\"quantity\":12,\"cost\":0},\"siliconWhite\":{\"quantity\":2,\"cost\":0},\"holeCaps\":{\"quantity\":12,\"cost\":24},\"waterCaps\":{\"quantity\":2,\"cost\":0}},\"totals\":{\"materials\":0,\"hardware\":659,\"glass\":3200,\"grandTotal\":3859}}', '2025-07-07 12:22:14', NULL),
(146, 38, 1, '2PSL', 4.00, 4.00, 1, 16.00, 3859.00, '{\"dimensions\":{\"height\":4,\"width\":4,\"quantity\":1,\"area\":16},\"materials\":{\"frame\":{\"length\":\"0.84\",\"cost\":0},\"sash\":{\"length\":\"1.26\",\"cost\":0},\"netSash\":{\"length\":\"0.63\",\"cost\":0},\"beading\":{\"length\":\"1.26\",\"cost\":0},\"interlock\":{\"length\":\"0.42\",\"cost\":0},\"steel\":{\"quantity\":\"6.50\",\"cost\":0},\"net\":{\"area\":\"8.00\",\"cost\":0},\"netRubber\":{\"quantity\":\"2.85\",\"cost\":0},\"burshi\":{\"length\":\"28.00\",\"cost\":0}},\"hardware\":{\"locks\":{\"quantity\":1,\"cost\":0},\"dummy\":{\"quantity\":2,\"cost\":0},\"boofer\":{\"quantity\":2,\"cost\":0},\"stopper\":{\"quantity\":2,\"cost\":80},\"doubleWheel\":{\"quantity\":2,\"cost\":0},\"netWheel\":{\"quantity\":2,\"cost\":20},\"sadaScrew\":{\"quantity\":20,\"cost\":100},\"fittingScrew\":{\"quantity\":12,\"cost\":60},\"selfScrew\":{\"quantity\":75,\"cost\":375},\"rawalPlug\":{\"quantity\":12,\"cost\":0},\"siliconWhite\":{\"quantity\":2,\"cost\":0},\"holeCaps\":{\"quantity\":12,\"cost\":24},\"waterCaps\":{\"quantity\":2,\"cost\":0}},\"totals\":{\"materials\":0,\"hardware\":659,\"glass\":3200,\"grandTotal\":3859}}', '2025-07-07 12:24:28', NULL),
(147, 43, 2, '2PSL', 4.00, 4.00, 1, 16.00, 3200.00, '{\"dimensions\":{\"height\":4,\"width\":4,\"quantity\":1,\"area\":16},\"materials\":{\"frame\":{\"length\":\"0.84\",\"cost\":0},\"sash\":{\"length\":\"1.26\",\"cost\":0},\"netSash\":{\"length\":\"0.63\",\"cost\":0},\"beading\":{\"length\":\"1.26\",\"cost\":0},\"interlock\":{\"length\":\"0.42\",\"cost\":0},\"steel\":{\"quantity\":\"6.50\",\"cost\":0},\"net\":{\"area\":\"8.00\",\"cost\":0},\"netRubber\":{\"quantity\":\"2.85\",\"cost\":0},\"burshi\":{\"length\":\"28.00\",\"cost\":0}},\"hardware\":{\"locks\":{\"quantity\":1,\"cost\":0},\"dummy\":{\"quantity\":2,\"cost\":0},\"boofer\":{\"quantity\":2,\"cost\":0},\"stopper\":{\"quantity\":2,\"cost\":0},\"doubleWheel\":{\"quantity\":2,\"cost\":0},\"netWheel\":{\"quantity\":2,\"cost\":0},\"sadaScrew\":{\"quantity\":20,\"cost\":0},\"fittingScrew\":{\"quantity\":12,\"cost\":0},\"selfScrew\":{\"quantity\":75,\"cost\":0},\"rawalPlug\":{\"quantity\":12,\"cost\":0},\"siliconWhite\":{\"quantity\":2,\"cost\":0},\"holeCaps\":{\"quantity\":12,\"cost\":0},\"waterCaps\":{\"quantity\":2,\"cost\":0}},\"totals\":{\"materials\":0,\"hardware\":0,\"glass\":3200,\"grandTotal\":3200}}', '2025-07-07 12:26:35', NULL),
(148, 39, 1, '2PSL', 4.00, 4.00, 1, 16.00, 3859.00, '{\"dimensions\":{\"height\":4,\"width\":4,\"quantity\":1,\"area\":16},\"materials\":{\"frame\":{\"length\":\"0.84\",\"cost\":0},\"sash\":{\"length\":\"1.26\",\"cost\":0},\"netSash\":{\"length\":\"0.63\",\"cost\":0},\"beading\":{\"length\":\"1.26\",\"cost\":0},\"interlock\":{\"length\":\"0.42\",\"cost\":0},\"steel\":{\"quantity\":\"6.50\",\"cost\":0},\"net\":{\"area\":\"8.00\",\"cost\":0},\"netRubber\":{\"quantity\":\"2.85\",\"cost\":0},\"burshi\":{\"length\":\"28.00\",\"cost\":0}},\"hardware\":{\"locks\":{\"quantity\":1,\"cost\":0},\"dummy\":{\"quantity\":2,\"cost\":0},\"boofer\":{\"quantity\":2,\"cost\":0},\"stopper\":{\"quantity\":2,\"cost\":80},\"doubleWheel\":{\"quantity\":2,\"cost\":0},\"netWheel\":{\"quantity\":2,\"cost\":20},\"sadaScrew\":{\"quantity\":20,\"cost\":100},\"fittingScrew\":{\"quantity\":12,\"cost\":60},\"selfScrew\":{\"quantity\":75,\"cost\":375},\"rawalPlug\":{\"quantity\":12,\"cost\":0},\"siliconWhite\":{\"quantity\":2,\"cost\":0},\"holeCaps\":{\"quantity\":12,\"cost\":24},\"waterCaps\":{\"quantity\":2,\"cost\":0}},\"totals\":{\"materials\":0,\"hardware\":659,\"glass\":3200,\"grandTotal\":3859}}', '2025-07-07 12:38:06', NULL),
(149, 45, 2, 'Openable Door', 12.00, 43.00, 1, 516.00, 103200.00, '{\"dimensions\":{\"height\":12,\"width\":43,\"quantity\":1,\"area\":516},\"materials\":{\"frame\":{\"length\":\"5.79\",\"cost\":0},\"sash\":{\"length\":\"9.58\",\"cost\":0},\"mullion\":{\"length\":\"2.53\",\"cost\":0},\"beading\":{\"length\":\"9.58\",\"cost\":0},\"steel\":{\"quantity\":\"858.56\",\"cost\":0}},\"hardware\":{\"lock\":{\"quantity\":2,\"cost\":0},\"double_wheel\":{\"quantity\":4,\"cost\":0},\"net_wheel\":{\"quantity\":4,\"cost\":0},\"dummy\":{\"quantity\":4,\"cost\":0},\"boofer\":{\"quantity\":4,\"cost\":0},\"stoper\":{\"quantity\":4,\"cost\":0},\"fitting_screw\":{\"quantity\":30,\"cost\":0},\"rawal_plug\":{\"quantity\":30,\"cost\":0},\"silicon\":{\"quantity\":2,\"cost\":0},\"self_screw\":{\"quantity\":120,\"cost\":0},\"sada_screw\":{\"quantity\":50,\"cost\":0}},\"totals\":{\"materials\":0,\"hardware\":0,\"glass\":103200,\"grandTotal\":103200}}', '2025-07-07 12:43:42', NULL),
(150, 45, 2, '2PSL', 2.00, 2.00, 1, 4.00, 800.00, '{\"dimensions\":{\"height\":2,\"width\":2,\"quantity\":1,\"area\":4},\"materials\":{\"frame\":{\"length\":\"0.42\",\"cost\":0},\"sash\":{\"length\":\"0.63\",\"cost\":0},\"netSash\":{\"length\":\"0.32\",\"cost\":0},\"beading\":{\"length\":\"0.63\",\"cost\":0},\"interlock\":{\"length\":\"0.21\",\"cost\":0},\"steel\":{\"quantity\":\"3.25\",\"cost\":0},\"net\":{\"area\":\"2.00\",\"cost\":0},\"netRubber\":{\"quantity\":\"1.43\",\"cost\":0},\"burshi\":{\"length\":\"14.00\",\"cost\":0}},\"hardware\":{\"locks\":{\"quantity\":1,\"cost\":0},\"dummy\":{\"quantity\":2,\"cost\":0},\"boofer\":{\"quantity\":2,\"cost\":0},\"stopper\":{\"quantity\":2,\"cost\":0},\"doubleWheel\":{\"quantity\":2,\"cost\":0},\"netWheel\":{\"quantity\":2,\"cost\":0},\"sadaScrew\":{\"quantity\":20,\"cost\":0},\"fittingScrew\":{\"quantity\":8,\"cost\":0},\"selfScrew\":{\"quantity\":25,\"cost\":0},\"rawalPlug\":{\"quantity\":8,\"cost\":0},\"siliconWhite\":{\"quantity\":2,\"cost\":0},\"holeCaps\":{\"quantity\":8,\"cost\":0},\"waterCaps\":{\"quantity\":2,\"cost\":0}},\"totals\":{\"materials\":0,\"hardware\":0,\"glass\":800,\"grandTotal\":800}}', '2025-07-07 12:44:10', NULL),
(151, 45, 2, '3PSL', 2.00, 3.00, 1, 6.00, 1200.00, '{\"dimensions\":{\"height\":2,\"width\":3,\"quantity\":1,\"area\":6},\"materials\":{\"frame\":{\"length\":\"0.53\",\"cost\":0},\"sash\":{\"length\":\"0.95\",\"cost\":0},\"netSash\":{\"length\":\"0.47\",\"cost\":0},\"beading\":{\"length\":\"0.95\",\"cost\":0},\"interlock\":{\"length\":\"0.32\",\"cost\":0},\"steel\":{\"quantity\":\"4.63\",\"cost\":0},\"net\":{\"area\":\"4.00\",\"cost\":0},\"netRubber\":{\"quantity\":\"0.11\",\"cost\":0},\"burshi\":{\"length\":\"26.00\",\"cost\":0}},\"hardware\":{\"locks\":{\"quantity\":2,\"cost\":0},\"dummy\":{\"quantity\":2,\"cost\":0},\"boofer\":{\"quantity\":4,\"cost\":0},\"stopper\":{\"quantity\":4,\"cost\":0},\"doubleWheel\":{\"quantity\":4,\"cost\":0},\"netWheel\":{\"quantity\":4,\"cost\":0},\"sadaScrew\":{\"quantity\":40,\"cost\":0},\"fittingScrew\":{\"quantity\":30,\"cost\":0},\"selfScrew\":{\"quantity\":70,\"cost\":0},\"rawalPlug\":{\"quantity\":30,\"cost\":0},\"siliconWhite\":{\"quantity\":2,\"cost\":0},\"holeCaps\":{\"quantity\":30,\"cost\":0},\"waterCaps\":{\"quantity\":2,\"cost\":0}},\"totals\":{\"materials\":0,\"hardware\":0,\"glass\":1200,\"grandTotal\":1200}}', '2025-07-07 12:44:55', NULL),
(152, 45, 2, 'Fix Window', 1.00, 2.00, 1, 2.00, 400.00, '{\"dimensions\":{\"height\":1,\"width\":2,\"quantity\":1,\"area\":2},\"materials\":{\"frame\":{\"length\":\"0.32\",\"cost\":0},\"beading\":{\"length\":\"0.32\",\"cost\":0},\"steel\":{\"quantity\":\"0.75\",\"cost\":0}},\"hardware\":{\"selfScrew\":{\"quantity\":20,\"cost\":0},\"fittingScrew\":{\"quantity\":15,\"cost\":0},\"holeCaps\":{\"quantity\":15,\"cost\":0},\"rawalPlug\":{\"quantity\":15,\"cost\":0}},\"totals\":{\"materials\":0,\"hardware\":0,\"glass\":400,\"grandTotal\":400}}', '2025-07-07 12:45:21', NULL),
(153, 45, 2, 'Top Hung', 22.00, 22.00, 1, 484.00, 96800.00, '{\"dimensions\":{\"height\":22,\"width\":22,\"quantity\":1,\"area\":484},\"materials\":{\"frame\":{\"length\":\"4.63\",\"cost\":0},\"sash\":{\"length\":\"4.63\",\"cost\":0},\"beading\":{\"length\":\"4.63\",\"cost\":0},\"steel\":{\"quantity\":\"26.13\",\"cost\":0}},\"hardware\":{\"Fitting Screw\":{\"quantity\":10,\"cost\":0},\"Rawal Plug\":{\"quantity\":10,\"cost\":0},\"Self Screw\":{\"quantity\":18,\"cost\":0},\"Sada Screw\":{\"quantity\":15,\"cost\":0},\"Silicon\":{\"quantity\":1,\"cost\":0},\"Lock\":{\"quantity\":1,\"cost\":0},\"Friction Hinges\":{\"quantity\":2,\"cost\":0}},\"totals\":{\"materials\":0,\"hardware\":0,\"glass\":96800,\"grandTotal\":96800}}', '2025-07-07 12:45:50', NULL),
(154, 45, 2, 'Door', 5.70, 34.00, 1, 193.00, 19380.00, '{\"dimensions\":{\"height\":5.7,\"width\":34,\"quantity\":1,\"area\":193.8},\"materials\":{\"frame\":{\"length\":\"2.39\",\"cost\":0},\"sash\":{\"length\":\"4.18\",\"cost\":0},\"beading\":{\"length\":\"4.18\",\"cost\":0},\"panel\":{\"length\":\"30.60\",\"cost\":0},\"steel\":{\"quantity\":\"15.60\",\"cost\":0},\"glass\":{\"area\":\"96.90\",\"cost\":19380}},\"hardware\":{\"items\":{\"Fitting Screw\":15,\"Rawal Plug\":15,\"Silicon White\":2,\"Self Screw\":40,\"Sada Screw\":30,\"Hinges\":4,\"Locks\":1},\"costs\":{\"Fitting Screw\":0,\"Rawal Plug\":0,\"Silicon White\":0,\"Self Screw\":0,\"Sada Screw\":0,\"Hinges\":0,\"Locks\":0},\"total\":0},\"totals\":{\"materials\":0,\"hardware\":0,\"glass\":19380,\"grandTotal\":19380}}', '2025-07-07 12:46:20', NULL),
(155, 45, 2, 'Half Door', 22.00, 33.00, 1, 726.00, 145200.00, '{\"dimensions\":{\"height\":22,\"width\":33,\"quantity\":1,\"area\":726},\"materials\":{\"frame\":{\"length\":\"4.05\",\"cost\":0},\"sash\":{\"length\":\"5.79\",\"cost\":0},\"mullion\":{\"length\":\"1.74\",\"cost\":0},\"beading\":{\"length\":\"9.26\",\"cost\":0},\"steel\":{\"quantity\":\"27.50\",\"cost\":0}},\"hardware\":{\"fitting_screw\":{\"quantity\":15,\"cost\":0},\"rawal_plug\":{\"quantity\":15,\"cost\":0},\"silicon\":{\"quantity\":2,\"cost\":0},\"self_screw\":{\"quantity\":40,\"cost\":0},\"sada_screw\":{\"quantity\":30,\"cost\":0},\"hinges\":{\"quantity\":4,\"cost\":0},\"locks\":{\"quantity\":1,\"cost\":0}},\"totals\":{\"materials\":0,\"hardware\":0,\"glass\":145200,\"grandTotal\":145200}}', '2025-07-07 12:46:43', NULL),
(156, 45, 2, 'Half Door', 22.00, 22.00, 1, 484.00, 96800.00, '{\"dimensions\":{\"height\":22,\"width\":22,\"quantity\":1,\"area\":484},\"materials\":{\"frame\":{\"length\":\"3.47\",\"cost\":0},\"sash\":{\"length\":\"4.63\",\"cost\":0},\"mullion\":{\"length\":\"1.16\",\"cost\":0},\"beading\":{\"length\":\"6.95\",\"cost\":0},\"steel\":{\"quantity\":\"22.00\",\"cost\":0}},\"hardware\":{\"fitting_screw\":{\"quantity\":15,\"cost\":0},\"rawal_plug\":{\"quantity\":15,\"cost\":0},\"silicon\":{\"quantity\":2,\"cost\":0},\"self_screw\":{\"quantity\":40,\"cost\":0},\"sada_screw\":{\"quantity\":30,\"cost\":0},\"hinges\":{\"quantity\":4,\"cost\":0},\"locks\":{\"quantity\":1,\"cost\":0}},\"totals\":{\"materials\":0,\"hardware\":0,\"glass\":96800,\"grandTotal\":96800}}', '2025-07-07 12:47:08', NULL),
(157, 44, 3, 'Openable Door', 22.00, 22.00, 1, 484.00, 96800.00, '{\"dimensions\":{\"height\":22,\"width\":22,\"quantity\":1,\"area\":484},\"materials\":{\"frame\":{\"length\":\"4.63\",\"cost\":0},\"sash\":{\"length\":\"11.58\",\"cost\":0},\"mullion\":{\"length\":\"4.63\",\"cost\":0},\"beading\":{\"length\":\"11.58\",\"cost\":0},\"steel\":{\"quantity\":\"966.63\",\"cost\":0}},\"hardware\":{\"lock\":{\"quantity\":2,\"cost\":0},\"double_wheel\":{\"quantity\":4,\"cost\":0},\"net_wheel\":{\"quantity\":4,\"cost\":0},\"dummy\":{\"quantity\":4,\"cost\":0},\"boofer\":{\"quantity\":4,\"cost\":0},\"stoper\":{\"quantity\":4,\"cost\":0},\"fitting_screw\":{\"quantity\":30,\"cost\":0},\"rawal_plug\":{\"quantity\":30,\"cost\":0},\"silicon\":{\"quantity\":2,\"cost\":0},\"self_screw\":{\"quantity\":120,\"cost\":0},\"sada_screw\":{\"quantity\":50,\"cost\":0}},\"totals\":{\"materials\":0,\"hardware\":0,\"glass\":96800,\"grandTotal\":96800}}', '2025-07-07 12:47:38', NULL),
(158, 45, 2, 'Glass Door', 22.00, 22.00, 1, 484.00, 48400.00, '{\"dimensions\":{\"height\":22,\"width\":22,\"quantity\":1,\"area\":484},\"materials\":{\"frame\":{\"length\":\"3.47\",\"cost\":0},\"sash\":{\"length\":\"6.95\",\"cost\":0},\"mullion\":{\"length\":\"1.16\",\"cost\":0},\"beading\":{\"length\":\"6.95\",\"cost\":0},\"steel\":{\"quantity\":\"209.00\",\"cost\":0},\"full_panel\":{\"quantity\":\"6.37\",\"cost\":0},\"half_panel\":{\"quantity\":\"3.18\",\"cost\":0}},\"hardware\":{\"fitting_screw\":{\"quantity\":15,\"cost\":0},\"rawal_plug\":{\"quantity\":15,\"cost\":0},\"silicon\":{\"quantity\":2,\"cost\":0},\"self_screw\":{\"quantity\":60,\"cost\":0},\"hinges\":{\"quantity\":8,\"cost\":0},\"locks\":{\"quantity\":1,\"cost\":0},\"tower_bolt\":{\"quantity\":1,\"cost\":0}},\"totals\":{\"materials\":0,\"hardware\":0,\"glass\":48400,\"grandTotal\":48400}}', '2025-07-07 12:48:03', NULL),
(159, 45, 2, 'Openable Door', 11.00, 2.00, 1, 22.00, 4400.00, '{\"dimensions\":{\"height\":11,\"width\":2,\"quantity\":1,\"area\":22},\"materials\":{\"frame\":{\"length\":\"1.37\",\"cost\":0},\"sash\":{\"length\":\"4.84\",\"cost\":0},\"mullion\":{\"length\":\"2.32\",\"cost\":0},\"beading\":{\"length\":\"4.84\",\"cost\":0},\"steel\":{\"quantity\":\"387.13\",\"cost\":0}},\"hardware\":{\"lock\":{\"quantity\":2,\"cost\":0},\"double_wheel\":{\"quantity\":4,\"cost\":0},\"net_wheel\":{\"quantity\":4,\"cost\":0},\"dummy\":{\"quantity\":4,\"cost\":0},\"boofer\":{\"quantity\":4,\"cost\":0},\"stoper\":{\"quantity\":4,\"cost\":0},\"fitting_screw\":{\"quantity\":30,\"cost\":0},\"rawal_plug\":{\"quantity\":30,\"cost\":0},\"silicon\":{\"quantity\":2,\"cost\":0},\"self_screw\":{\"quantity\":120,\"cost\":0},\"sada_screw\":{\"quantity\":50,\"cost\":0}},\"totals\":{\"materials\":0,\"hardware\":0,\"glass\":4400,\"grandTotal\":4400}}', '2025-07-07 12:49:39', NULL),
(160, 45, 2, '2PSL', 5.00, 5.00, 1, 25.00, 5000.00, '{\"dimensions\":{\"height\":5,\"width\":5,\"quantity\":1,\"area\":25},\"materials\":{\"frame\":{\"length\":\"1.05\",\"cost\":0},\"sash\":{\"length\":\"1.58\",\"cost\":0},\"netSash\":{\"length\":\"0.79\",\"cost\":0},\"beading\":{\"length\":\"1.58\",\"cost\":0},\"interlock\":{\"length\":\"0.53\",\"cost\":0},\"steel\":{\"quantity\":\"8.13\",\"cost\":0},\"net\":{\"area\":\"12.50\",\"cost\":0},\"netRubber\":{\"quantity\":\"3.56\",\"cost\":0},\"burshi\":{\"length\":\"35.00\",\"cost\":0}},\"hardware\":{\"locks\":{\"quantity\":1,\"cost\":0},\"dummy\":{\"quantity\":2,\"cost\":0},\"boofer\":{\"quantity\":2,\"cost\":0},\"stopper\":{\"quantity\":2,\"cost\":0},\"doubleWheel\":{\"quantity\":2,\"cost\":0},\"netWheel\":{\"quantity\":2,\"cost\":0},\"sadaScrew\":{\"quantity\":20,\"cost\":0},\"fittingScrew\":{\"quantity\":16,\"cost\":0},\"selfScrew\":{\"quantity\":100,\"cost\":0},\"rawalPlug\":{\"quantity\":16,\"cost\":0},\"siliconWhite\":{\"quantity\":2,\"cost\":0},\"holeCaps\":{\"quantity\":16,\"cost\":0},\"waterCaps\":{\"quantity\":2,\"cost\":0}},\"totals\":{\"materials\":0,\"hardware\":0,\"glass\":5000,\"grandTotal\":5000}}', '2025-07-07 12:50:59', NULL);
INSERT INTO `calculation_records` (`id`, `client_id`, `company_id`, `window_type`, `height`, `width`, `quantity`, `total_area`, `total_cost`, `calculation_data`, `created_at`, `svg_data`) VALUES
(161, 45, 2, '3PSL', 6.00, 6.00, 1, 36.00, 7200.00, '{\"dimensions\":{\"height\":6,\"width\":6,\"quantity\":1,\"area\":36},\"materials\":{\"frame\":{\"length\":\"1.26\",\"cost\":0},\"sash\":{\"length\":\"2.27\",\"cost\":0},\"netSash\":{\"length\":\"1.14\",\"cost\":0},\"beading\":{\"length\":\"2.27\",\"cost\":0},\"interlock\":{\"length\":\"0.76\",\"cost\":0},\"steel\":{\"quantity\":\"11.10\",\"cost\":0},\"net\":{\"area\":\"24.00\",\"cost\":0},\"netRubber\":{\"quantity\":\"0.27\",\"cost\":0},\"burshi\":{\"length\":\"66.00\",\"cost\":0}},\"hardware\":{\"locks\":{\"quantity\":2,\"cost\":0},\"dummy\":{\"quantity\":2,\"cost\":0},\"boofer\":{\"quantity\":4,\"cost\":0},\"stopper\":{\"quantity\":4,\"cost\":0},\"doubleWheel\":{\"quantity\":4,\"cost\":0},\"netWheel\":{\"quantity\":4,\"cost\":0},\"sadaScrew\":{\"quantity\":40,\"cost\":0},\"fittingScrew\":{\"quantity\":30,\"cost\":0},\"selfScrew\":{\"quantity\":70,\"cost\":0},\"rawalPlug\":{\"quantity\":30,\"cost\":0},\"siliconWhite\":{\"quantity\":2,\"cost\":0},\"holeCaps\":{\"quantity\":30,\"cost\":0},\"waterCaps\":{\"quantity\":2,\"cost\":0}},\"totals\":{\"materials\":0,\"hardware\":0,\"glass\":7200,\"grandTotal\":7200}}', '2025-07-07 12:51:17', NULL),
(162, 45, 2, 'Fix Window', 7.00, 7.00, 1, 49.00, 9800.00, '{\"dimensions\":{\"height\":7,\"width\":7,\"quantity\":1,\"area\":49},\"materials\":{\"frame\":{\"length\":\"1.47\",\"cost\":0},\"beading\":{\"length\":\"1.47\",\"cost\":0},\"steel\":{\"quantity\":\"3.50\",\"cost\":0}},\"hardware\":{\"selfScrew\":{\"quantity\":20,\"cost\":0},\"fittingScrew\":{\"quantity\":15,\"cost\":0},\"holeCaps\":{\"quantity\":15,\"cost\":0},\"rawalPlug\":{\"quantity\":15,\"cost\":0}},\"totals\":{\"materials\":0,\"hardware\":0,\"glass\":9800,\"grandTotal\":9800}}', '2025-07-07 12:51:54', NULL),
(163, 45, 2, 'Top Hung', 6.00, 6.00, 1, 36.00, 7200.00, '{\"dimensions\":{\"height\":6,\"width\":6,\"quantity\":1,\"area\":36},\"materials\":{\"frame\":{\"length\":\"1.26\",\"cost\":0},\"sash\":{\"length\":\"1.26\",\"cost\":0},\"beading\":{\"length\":\"1.26\",\"cost\":0},\"steel\":{\"quantity\":\"7.13\",\"cost\":0}},\"hardware\":{\"Fitting Screw\":{\"quantity\":10,\"cost\":0},\"Rawal Plug\":{\"quantity\":10,\"cost\":0},\"Self Screw\":{\"quantity\":18,\"cost\":0},\"Sada Screw\":{\"quantity\":15,\"cost\":0},\"Silicon\":{\"quantity\":1,\"cost\":0},\"Lock\":{\"quantity\":1,\"cost\":0},\"Friction Hinges\":{\"quantity\":2,\"cost\":0}},\"totals\":{\"materials\":0,\"hardware\":0,\"glass\":7200,\"grandTotal\":7200}}', '2025-07-07 12:52:23', NULL),
(164, 45, 2, 'Door', 10.00, 10.00, 1, 100.00, 10000.00, '{\"dimensions\":{\"height\":10,\"width\":10,\"quantity\":1,\"area\":100},\"materials\":{\"frame\":{\"length\":\"1.58\",\"cost\":0},\"sash\":{\"length\":\"2.11\",\"cost\":0},\"beading\":{\"length\":\"2.11\",\"cost\":0},\"panel\":{\"length\":\"15.79\",\"cost\":0},\"steel\":{\"quantity\":\"8.75\",\"cost\":0},\"glass\":{\"area\":\"50.00\",\"cost\":10000}},\"hardware\":{\"items\":{\"Fitting Screw\":15,\"Rawal Plug\":15,\"Silicon White\":2,\"Self Screw\":40,\"Sada Screw\":30,\"Hinges\":4,\"Locks\":1},\"costs\":{\"Fitting Screw\":0,\"Rawal Plug\":0,\"Silicon White\":0,\"Self Screw\":0,\"Sada Screw\":0,\"Hinges\":0,\"Locks\":0},\"total\":0},\"totals\":{\"materials\":0,\"hardware\":0,\"glass\":10000,\"grandTotal\":10000}}', '2025-07-07 12:53:00', NULL),
(165, 45, 2, 'Half Door', 12.00, 12.00, 1, 144.00, 28800.00, '{\"dimensions\":{\"height\":12,\"width\":12,\"quantity\":1,\"area\":144},\"materials\":{\"frame\":{\"length\":\"1.89\",\"cost\":0},\"sash\":{\"length\":\"2.53\",\"cost\":0},\"mullion\":{\"length\":\"0.63\",\"cost\":0},\"beading\":{\"length\":\"3.79\",\"cost\":0},\"steel\":{\"quantity\":\"12.00\",\"cost\":0}},\"hardware\":{\"fitting_screw\":{\"quantity\":15,\"cost\":0},\"rawal_plug\":{\"quantity\":15,\"cost\":0},\"silicon\":{\"quantity\":2,\"cost\":0},\"self_screw\":{\"quantity\":40,\"cost\":0},\"sada_screw\":{\"quantity\":30,\"cost\":0},\"hinges\":{\"quantity\":4,\"cost\":0},\"locks\":{\"quantity\":1,\"cost\":0}},\"totals\":{\"materials\":0,\"hardware\":0,\"glass\":28800,\"grandTotal\":28800}}', '2025-07-07 12:53:23', NULL),
(166, 45, 2, 'Openable Door', 4267.20, 4267.20, 1, 18208995.00, 99999999.99, '{\"dimensions\":{\"height\":4267.2,\"width\":4267.2,\"quantity\":1,\"area\":18208995.84},\"materials\":{\"frame\":{\"length\":\"898.36\",\"cost\":0},\"sash\":{\"length\":\"2245.89\",\"cost\":0},\"mullion\":{\"length\":\"898.36\",\"cost\":0},\"beading\":{\"length\":\"2245.89\",\"cost\":0},\"steel\":{\"quantity\":\"187490.10\",\"cost\":0}},\"hardware\":{\"lock\":{\"quantity\":2,\"cost\":0},\"double_wheel\":{\"quantity\":4,\"cost\":0},\"net_wheel\":{\"quantity\":4,\"cost\":0},\"dummy\":{\"quantity\":4,\"cost\":0},\"boofer\":{\"quantity\":4,\"cost\":0},\"stoper\":{\"quantity\":4,\"cost\":0},\"fitting_screw\":{\"quantity\":30,\"cost\":0},\"rawal_plug\":{\"quantity\":30,\"cost\":0},\"silicon\":{\"quantity\":2,\"cost\":0},\"self_screw\":{\"quantity\":120,\"cost\":0},\"sada_screw\":{\"quantity\":50,\"cost\":0}},\"totals\":{\"materials\":0,\"hardware\":0,\"glass\":3641799168,\"grandTotal\":3641799168}}', '2025-07-07 12:53:51', NULL),
(167, 45, 2, 'Glass Door', 15.00, 15.00, 1, 225.00, 22500.00, '{\"dimensions\":{\"height\":15,\"width\":15,\"quantity\":1,\"area\":225},\"materials\":{\"frame\":{\"length\":\"2.37\",\"cost\":0},\"sash\":{\"length\":\"4.74\",\"cost\":0},\"mullion\":{\"length\":\"0.79\",\"cost\":0},\"beading\":{\"length\":\"4.74\",\"cost\":0},\"steel\":{\"quantity\":\"142.50\",\"cost\":0},\"full_panel\":{\"quantity\":\"2.96\",\"cost\":0},\"half_panel\":{\"quantity\":\"1.48\",\"cost\":0}},\"hardware\":{\"fitting_screw\":{\"quantity\":15,\"cost\":0},\"rawal_plug\":{\"quantity\":15,\"cost\":0},\"silicon\":{\"quantity\":2,\"cost\":0},\"self_screw\":{\"quantity\":60,\"cost\":0},\"hinges\":{\"quantity\":8,\"cost\":0},\"locks\":{\"quantity\":1,\"cost\":0},\"tower_bolt\":{\"quantity\":1,\"cost\":0}},\"totals\":{\"materials\":0,\"hardware\":0,\"glass\":22500,\"grandTotal\":22500}}', '2025-07-07 12:54:28', NULL),
(168, 45, 2, '2PSL', 5.00, 5.00, 1, 25.00, 5000.00, '{\"dimensions\":{\"height\":5,\"width\":5,\"quantity\":1,\"area\":25},\"materials\":{\"frame\":{\"length\":\"1.05\",\"cost\":0},\"sash\":{\"length\":\"1.58\",\"cost\":0},\"netSash\":{\"length\":\"0.79\",\"cost\":0},\"beading\":{\"length\":\"1.58\",\"cost\":0},\"interlock\":{\"length\":\"0.53\",\"cost\":0},\"steel\":{\"quantity\":\"8.13\",\"cost\":0},\"net\":{\"area\":\"12.50\",\"cost\":0},\"netRubber\":{\"quantity\":\"3.56\",\"cost\":0},\"burshi\":{\"length\":\"35.00\",\"cost\":0}},\"hardware\":{\"locks\":{\"quantity\":1,\"cost\":0},\"dummy\":{\"quantity\":2,\"cost\":0},\"boofer\":{\"quantity\":2,\"cost\":0},\"stopper\":{\"quantity\":2,\"cost\":0},\"doubleWheel\":{\"quantity\":2,\"cost\":0},\"netWheel\":{\"quantity\":2,\"cost\":0},\"sadaScrew\":{\"quantity\":20,\"cost\":0},\"fittingScrew\":{\"quantity\":16,\"cost\":0},\"selfScrew\":{\"quantity\":100,\"cost\":0},\"rawalPlug\":{\"quantity\":16,\"cost\":0},\"siliconWhite\":{\"quantity\":2,\"cost\":0},\"holeCaps\":{\"quantity\":16,\"cost\":0},\"waterCaps\":{\"quantity\":2,\"cost\":0}},\"totals\":{\"materials\":0,\"hardware\":0,\"glass\":5000,\"grandTotal\":5000}}', '2025-07-07 13:02:47', NULL),
(169, 45, 2, '3PSL', 8.00, 8.00, 1, 64.00, 12800.00, '{\"dimensions\":{\"height\":8,\"width\":8,\"quantity\":1,\"area\":64},\"materials\":{\"frame\":{\"length\":\"1.68\",\"cost\":0},\"sash\":{\"length\":\"3.03\",\"cost\":0},\"netSash\":{\"length\":\"1.52\",\"cost\":0},\"beading\":{\"length\":\"3.03\",\"cost\":0},\"interlock\":{\"length\":\"1.01\",\"cost\":0},\"steel\":{\"quantity\":\"14.80\",\"cost\":0},\"net\":{\"area\":\"42.67\",\"cost\":0},\"netRubber\":{\"quantity\":\"0.36\",\"cost\":0},\"burshi\":{\"length\":\"88.00\",\"cost\":0}},\"hardware\":{\"locks\":{\"quantity\":2,\"cost\":0},\"dummy\":{\"quantity\":2,\"cost\":0},\"boofer\":{\"quantity\":4,\"cost\":0},\"stopper\":{\"quantity\":4,\"cost\":0},\"doubleWheel\":{\"quantity\":4,\"cost\":0},\"netWheel\":{\"quantity\":4,\"cost\":0},\"sadaScrew\":{\"quantity\":40,\"cost\":0},\"fittingScrew\":{\"quantity\":30,\"cost\":0},\"selfScrew\":{\"quantity\":70,\"cost\":0},\"rawalPlug\":{\"quantity\":30,\"cost\":0},\"siliconWhite\":{\"quantity\":2,\"cost\":0},\"holeCaps\":{\"quantity\":30,\"cost\":0},\"waterCaps\":{\"quantity\":2,\"cost\":0}},\"totals\":{\"materials\":0,\"hardware\":0,\"glass\":12800,\"grandTotal\":12800}}', '2025-07-07 13:03:23', NULL),
(170, 45, 2, 'Fix Window', 9.00, 9.00, 1, 81.00, 16200.00, '{\"dimensions\":{\"height\":9,\"width\":9,\"quantity\":1,\"area\":81},\"materials\":{\"frame\":{\"length\":\"1.89\",\"cost\":0},\"beading\":{\"length\":\"1.89\",\"cost\":0},\"steel\":{\"quantity\":\"4.50\",\"cost\":0}},\"hardware\":{\"selfScrew\":{\"quantity\":20,\"cost\":0},\"fittingScrew\":{\"quantity\":15,\"cost\":0},\"holeCaps\":{\"quantity\":15,\"cost\":0},\"rawalPlug\":{\"quantity\":15,\"cost\":0}},\"totals\":{\"materials\":0,\"hardware\":0,\"glass\":16200,\"grandTotal\":16200}}', '2025-07-07 13:03:59', NULL),
(171, 45, 2, 'Top Hung', 6.00, 6.00, 1, 36.00, 7200.00, '{\"dimensions\":{\"height\":6,\"width\":6,\"quantity\":1,\"area\":36},\"materials\":{\"frame\":{\"length\":\"1.26\",\"cost\":0},\"sash\":{\"length\":\"1.26\",\"cost\":0},\"beading\":{\"length\":\"1.26\",\"cost\":0},\"steel\":{\"quantity\":\"7.13\",\"cost\":0}},\"hardware\":{\"Fitting Screw\":{\"quantity\":10,\"cost\":0},\"Rawal Plug\":{\"quantity\":10,\"cost\":0},\"Self Screw\":{\"quantity\":18,\"cost\":0},\"Sada Screw\":{\"quantity\":15,\"cost\":0},\"Silicon\":{\"quantity\":1,\"cost\":0},\"Lock\":{\"quantity\":1,\"cost\":0},\"Friction Hinges\":{\"quantity\":2,\"cost\":0}},\"totals\":{\"materials\":0,\"hardware\":0,\"glass\":7200,\"grandTotal\":7200}}', '2025-07-07 13:04:38', NULL),
(172, 45, 2, 'Door', 5.00, 5.00, 1, 25.00, 2500.00, '{\"dimensions\":{\"height\":5,\"width\":5,\"quantity\":1,\"area\":25},\"materials\":{\"frame\":{\"length\":\"0.79\",\"cost\":0},\"sash\":{\"length\":\"1.05\",\"cost\":0},\"beading\":{\"length\":\"1.05\",\"cost\":0},\"panel\":{\"length\":\"3.95\",\"cost\":0},\"steel\":{\"quantity\":\"4.38\",\"cost\":0},\"glass\":{\"area\":\"12.50\",\"cost\":2500}},\"hardware\":{\"items\":{\"Fitting Screw\":15,\"Rawal Plug\":15,\"Silicon White\":2,\"Self Screw\":40,\"Sada Screw\":30,\"Hinges\":4,\"Locks\":1},\"costs\":{\"Fitting Screw\":0,\"Rawal Plug\":0,\"Silicon White\":0,\"Self Screw\":0,\"Sada Screw\":0,\"Hinges\":0,\"Locks\":0},\"total\":0},\"totals\":{\"materials\":0,\"hardware\":0,\"glass\":2500,\"grandTotal\":2500}}', '2025-07-07 13:05:27', NULL),
(173, 45, 2, 'Half Door', 23.00, 34.00, 1, 782.00, 156400.00, '{\"dimensions\":{\"height\":23,\"width\":34,\"quantity\":1,\"area\":782},\"materials\":{\"frame\":{\"length\":\"4.21\",\"cost\":0},\"sash\":{\"length\":\"6.00\",\"cost\":0},\"mullion\":{\"length\":\"1.79\",\"cost\":0},\"beading\":{\"length\":\"9.58\",\"cost\":0},\"steel\":{\"quantity\":\"28.50\",\"cost\":0}},\"hardware\":{\"fitting_screw\":{\"quantity\":15,\"cost\":0},\"rawal_plug\":{\"quantity\":15,\"cost\":0},\"silicon\":{\"quantity\":2,\"cost\":0},\"self_screw\":{\"quantity\":40,\"cost\":0},\"sada_screw\":{\"quantity\":30,\"cost\":0},\"hinges\":{\"quantity\":4,\"cost\":0},\"locks\":{\"quantity\":1,\"cost\":0}},\"totals\":{\"materials\":0,\"hardware\":0,\"glass\":156400,\"grandTotal\":156400}}', '2025-07-07 13:06:15', NULL),
(174, 45, 2, 'Half Door', 3.00, 3.00, 1, 9.00, 1800.00, '{\"dimensions\":{\"height\":3,\"width\":3,\"quantity\":1,\"area\":9},\"materials\":{\"frame\":{\"length\":\"0.47\",\"cost\":0},\"sash\":{\"length\":\"0.63\",\"cost\":0},\"mullion\":{\"length\":\"0.16\",\"cost\":0},\"beading\":{\"length\":\"0.95\",\"cost\":0},\"steel\":{\"quantity\":\"3.00\",\"cost\":0}},\"hardware\":{\"fitting_screw\":{\"quantity\":15,\"cost\":0},\"rawal_plug\":{\"quantity\":15,\"cost\":0},\"silicon\":{\"quantity\":2,\"cost\":0},\"self_screw\":{\"quantity\":40,\"cost\":0},\"sada_screw\":{\"quantity\":30,\"cost\":0},\"hinges\":{\"quantity\":4,\"cost\":0},\"locks\":{\"quantity\":1,\"cost\":0}},\"totals\":{\"materials\":0,\"hardware\":0,\"glass\":1800,\"grandTotal\":1800}}', '2025-07-07 13:08:27', NULL),
(175, 45, 2, 'Openable Door', 6.00, 6.00, 1, 36.00, 7200.00, '{\"dimensions\":{\"height\":6,\"width\":6,\"quantity\":1,\"area\":36},\"materials\":{\"frame\":{\"length\":\"1.26\",\"cost\":0},\"sash\":{\"length\":\"3.16\",\"cost\":0},\"mullion\":{\"length\":\"1.26\",\"cost\":0},\"beading\":{\"length\":\"3.16\",\"cost\":0},\"steel\":{\"quantity\":\"263.63\",\"cost\":0}},\"hardware\":{\"lock\":{\"quantity\":2,\"cost\":0},\"double_wheel\":{\"quantity\":4,\"cost\":0},\"net_wheel\":{\"quantity\":4,\"cost\":0},\"dummy\":{\"quantity\":4,\"cost\":0},\"boofer\":{\"quantity\":4,\"cost\":0},\"stoper\":{\"quantity\":4,\"cost\":0},\"fitting_screw\":{\"quantity\":30,\"cost\":0},\"rawal_plug\":{\"quantity\":30,\"cost\":0},\"silicon\":{\"quantity\":2,\"cost\":0},\"self_screw\":{\"quantity\":120,\"cost\":0},\"sada_screw\":{\"quantity\":50,\"cost\":0}},\"totals\":{\"materials\":0,\"hardware\":0,\"glass\":7200,\"grandTotal\":7200}}', '2025-07-07 13:10:27', NULL),
(176, 45, 2, 'Glass Door', 7.00, 7.00, 1, 49.00, 4900.00, '{\"dimensions\":{\"height\":7,\"width\":7,\"quantity\":1,\"area\":49},\"materials\":{\"frame\":{\"length\":\"1.11\",\"cost\":0},\"sash\":{\"length\":\"2.21\",\"cost\":0},\"mullion\":{\"length\":\"0.37\",\"cost\":0},\"beading\":{\"length\":\"2.21\",\"cost\":0},\"steel\":{\"quantity\":\"66.50\",\"cost\":0},\"full_panel\":{\"quantity\":\"0.64\",\"cost\":0},\"half_panel\":{\"quantity\":\"0.32\",\"cost\":0}},\"hardware\":{\"fitting_screw\":{\"quantity\":15,\"cost\":0},\"rawal_plug\":{\"quantity\":15,\"cost\":0},\"silicon\":{\"quantity\":2,\"cost\":0},\"self_screw\":{\"quantity\":60,\"cost\":0},\"hinges\":{\"quantity\":8,\"cost\":0},\"locks\":{\"quantity\":1,\"cost\":0},\"tower_bolt\":{\"quantity\":1,\"cost\":0}},\"totals\":{\"materials\":0,\"hardware\":0,\"glass\":4900,\"grandTotal\":4900}}', '2025-07-07 13:11:08', NULL),
(177, 45, 2, 'Half Door', 5.00, 5.00, 1, 25.00, 5000.00, '{\"dimensions\":{\"height\":5,\"width\":5,\"quantity\":1,\"area\":25},\"materials\":{\"frame\":{\"length\":\"0.79\",\"cost\":0},\"sash\":{\"length\":\"1.05\",\"cost\":0},\"mullion\":{\"length\":\"0.26\",\"cost\":0},\"beading\":{\"length\":\"1.58\",\"cost\":0},\"steel\":{\"quantity\":\"5.00\",\"cost\":0}},\"hardware\":{\"fitting_screw\":{\"quantity\":15,\"cost\":0},\"rawal_plug\":{\"quantity\":15,\"cost\":0},\"silicon\":{\"quantity\":2,\"cost\":0},\"self_screw\":{\"quantity\":40,\"cost\":0},\"sada_screw\":{\"quantity\":30,\"cost\":0},\"hinges\":{\"quantity\":4,\"cost\":0},\"locks\":{\"quantity\":1,\"cost\":0}},\"totals\":{\"materials\":0,\"hardware\":0,\"glass\":5000,\"grandTotal\":5000}}', '2025-07-07 13:14:31', NULL),
(178, 45, 2, 'Door', 5.00, 5.00, 1, 25.00, 2500.00, '{\"dimensions\":{\"height\":5,\"width\":5,\"quantity\":1,\"area\":25},\"materials\":{\"frame\":{\"length\":\"0.79\",\"cost\":0},\"sash\":{\"length\":\"1.05\",\"cost\":0},\"beading\":{\"length\":\"1.05\",\"cost\":0},\"panel\":{\"length\":\"3.95\",\"cost\":0},\"steel\":{\"quantity\":\"4.38\",\"cost\":0},\"glass\":{\"area\":\"12.50\",\"cost\":2500}},\"hardware\":{\"items\":{\"Fitting Screw\":15,\"Rawal Plug\":15,\"Silicon White\":2,\"Self Screw\":40,\"Sada Screw\":30,\"Hinges\":4,\"Locks\":1},\"costs\":{\"Fitting Screw\":0,\"Rawal Plug\":0,\"Silicon White\":0,\"Self Screw\":0,\"Sada Screw\":0,\"Hinges\":0,\"Locks\":0},\"total\":0},\"totals\":{\"materials\":0,\"hardware\":0,\"glass\":2500,\"grandTotal\":2500}}', '2025-07-07 13:15:59', NULL),
(179, 45, 2, 'Half Door', 3.00, 3.00, 1, 9.00, 1800.00, '{\"dimensions\":{\"height\":3,\"width\":3,\"quantity\":1,\"area\":9},\"materials\":{\"frame\":{\"length\":\"0.47\",\"cost\":0},\"sash\":{\"length\":\"0.63\",\"cost\":0},\"mullion\":{\"length\":\"0.16\",\"cost\":0},\"beading\":{\"length\":\"0.95\",\"cost\":0},\"steel\":{\"quantity\":\"3.00\",\"cost\":0}},\"hardware\":{\"fitting_screw\":{\"quantity\":15,\"cost\":0},\"rawal_plug\":{\"quantity\":15,\"cost\":0},\"silicon\":{\"quantity\":2,\"cost\":0},\"self_screw\":{\"quantity\":40,\"cost\":0},\"sada_screw\":{\"quantity\":30,\"cost\":0},\"hinges\":{\"quantity\":4,\"cost\":0},\"locks\":{\"quantity\":1,\"cost\":0}},\"totals\":{\"materials\":0,\"hardware\":0,\"glass\":1800,\"grandTotal\":1800}}', '2025-07-07 13:16:35', NULL),
(180, 45, 2, '2PSL', 5.70, 43.00, 1, 245.00, 49020.00, '{\"dimensions\":{\"height\":5.7,\"width\":43,\"quantity\":1,\"area\":245.1},\"materials\":{\"frame\":{\"length\":\"5.13\",\"cost\":0},\"sash\":{\"length\":\"7.69\",\"cost\":0},\"netSash\":{\"length\":\"3.84\",\"cost\":0},\"beading\":{\"length\":\"7.69\",\"cost\":0},\"interlock\":{\"length\":\"2.56\",\"cost\":0},\"steel\":{\"quantity\":\"39.57\",\"cost\":0},\"net\":{\"area\":\"122.55\",\"cost\":0},\"netRubber\":{\"quantity\":\"17.35\",\"cost\":0},\"burshi\":{\"length\":\"39.90\",\"cost\":0}},\"hardware\":{\"locks\":{\"quantity\":1,\"cost\":0},\"dummy\":{\"quantity\":2,\"cost\":0},\"boofer\":{\"quantity\":2,\"cost\":0},\"stopper\":{\"quantity\":2,\"cost\":0},\"doubleWheel\":{\"quantity\":2,\"cost\":0},\"netWheel\":{\"quantity\":2,\"cost\":0},\"sadaScrew\":{\"quantity\":20,\"cost\":0},\"fittingScrew\":{\"quantity\":20,\"cost\":0},\"selfScrew\":{\"quantity\":125,\"cost\":0},\"rawalPlug\":{\"quantity\":20,\"cost\":0},\"siliconWhite\":{\"quantity\":2,\"cost\":0},\"holeCaps\":{\"quantity\":20,\"cost\":0},\"waterCaps\":{\"quantity\":2,\"cost\":0}},\"totals\":{\"materials\":0,\"hardware\":0,\"glass\":49020,\"grandTotal\":49020}}', '2025-07-07 13:18:21', NULL),
(181, 45, 2, '3PSL', 23.00, 23.00, 1, 529.00, 105800.00, '{\"dimensions\":{\"height\":23,\"width\":23,\"quantity\":1,\"area\":529},\"materials\":{\"frame\":{\"length\":\"4.84\",\"cost\":0},\"sash\":{\"length\":\"8.72\",\"cost\":0},\"netSash\":{\"length\":\"4.36\",\"cost\":0},\"beading\":{\"length\":\"8.72\",\"cost\":0},\"interlock\":{\"length\":\"2.91\",\"cost\":0},\"steel\":{\"quantity\":\"42.55\",\"cost\":0},\"net\":{\"area\":\"352.67\",\"cost\":0},\"netRubber\":{\"quantity\":\"1.04\",\"cost\":0},\"burshi\":{\"length\":\"253.00\",\"cost\":0}},\"hardware\":{\"locks\":{\"quantity\":2,\"cost\":0},\"dummy\":{\"quantity\":2,\"cost\":0},\"boofer\":{\"quantity\":4,\"cost\":0},\"stopper\":{\"quantity\":4,\"cost\":0},\"doubleWheel\":{\"quantity\":4,\"cost\":0},\"netWheel\":{\"quantity\":4,\"cost\":0},\"sadaScrew\":{\"quantity\":40,\"cost\":0},\"fittingScrew\":{\"quantity\":30,\"cost\":0},\"selfScrew\":{\"quantity\":70,\"cost\":0},\"rawalPlug\":{\"quantity\":30,\"cost\":0},\"siliconWhite\":{\"quantity\":2,\"cost\":0},\"holeCaps\":{\"quantity\":30,\"cost\":0},\"waterCaps\":{\"quantity\":2,\"cost\":0}},\"totals\":{\"materials\":0,\"hardware\":0,\"glass\":105800,\"grandTotal\":105800}}', '2025-07-07 13:18:47', NULL),
(182, 45, 2, 'Fix Window', 12.00, 342.00, 1, 4104.00, 820800.00, '{\"dimensions\":{\"height\":12,\"width\":342,\"quantity\":1,\"area\":4104},\"materials\":{\"frame\":{\"length\":\"37.26\",\"cost\":0},\"beading\":{\"length\":\"37.26\",\"cost\":0},\"steel\":{\"quantity\":\"88.50\",\"cost\":0}},\"hardware\":{\"selfScrew\":{\"quantity\":20,\"cost\":0},\"fittingScrew\":{\"quantity\":15,\"cost\":0},\"holeCaps\":{\"quantity\":15,\"cost\":0},\"rawalPlug\":{\"quantity\":15,\"cost\":0}},\"totals\":{\"materials\":0,\"hardware\":0,\"glass\":820800,\"grandTotal\":820800}}', '2025-07-07 13:19:16', NULL),
(183, 45, 2, 'Top Hung', 223.00, 23.00, 1, 5129.00, 1025800.00, '{\"dimensions\":{\"height\":223,\"width\":23,\"quantity\":1,\"area\":5129},\"materials\":{\"frame\":{\"length\":\"25.89\",\"cost\":0},\"sash\":{\"length\":\"25.89\",\"cost\":0},\"beading\":{\"length\":\"25.89\",\"cost\":0},\"steel\":{\"quantity\":\"146.06\",\"cost\":0}},\"hardware\":{\"Fitting Screw\":{\"quantity\":10,\"cost\":0},\"Rawal Plug\":{\"quantity\":10,\"cost\":0},\"Self Screw\":{\"quantity\":18,\"cost\":0},\"Sada Screw\":{\"quantity\":15,\"cost\":0},\"Silicon\":{\"quantity\":1,\"cost\":0},\"Lock\":{\"quantity\":1,\"cost\":0},\"Friction Hinges\":{\"quantity\":2,\"cost\":0}},\"totals\":{\"materials\":0,\"hardware\":0,\"glass\":1025800,\"grandTotal\":1025800}}', '2025-07-07 13:19:41', NULL),
(184, 45, 2, 'Door', 23.00, 32.00, 1, 736.00, 73600.00, '{\"dimensions\":{\"height\":23,\"width\":32,\"quantity\":1,\"area\":736},\"materials\":{\"frame\":{\"length\":\"4.11\",\"cost\":0},\"sash\":{\"length\":\"5.79\",\"cost\":0},\"beading\":{\"length\":\"5.79\",\"cost\":0},\"panel\":{\"length\":\"116.21\",\"cost\":0},\"steel\":{\"quantity\":\"23.50\",\"cost\":0},\"glass\":{\"area\":\"368.00\",\"cost\":73600}},\"hardware\":{\"items\":{\"Fitting Screw\":15,\"Rawal Plug\":15,\"Silicon White\":2,\"Self Screw\":40,\"Sada Screw\":30,\"Hinges\":4,\"Locks\":1},\"costs\":{\"Fitting Screw\":0,\"Rawal Plug\":0,\"Silicon White\":0,\"Self Screw\":0,\"Sada Screw\":0,\"Hinges\":0,\"Locks\":0},\"total\":0},\"totals\":{\"materials\":0,\"hardware\":0,\"glass\":73600,\"grandTotal\":73600}}', '2025-07-07 13:20:06', NULL),
(185, 45, 2, 'Half Door', 12.00, 12.00, 1, 144.00, 28800.00, '{\"dimensions\":{\"height\":12,\"width\":12,\"quantity\":1,\"area\":144},\"materials\":{\"frame\":{\"length\":\"1.89\",\"cost\":0},\"sash\":{\"length\":\"2.53\",\"cost\":0},\"mullion\":{\"length\":\"0.63\",\"cost\":0},\"beading\":{\"length\":\"3.79\",\"cost\":0},\"steel\":{\"quantity\":\"12.00\",\"cost\":0}},\"hardware\":{\"fitting_screw\":{\"quantity\":15,\"cost\":0},\"rawal_plug\":{\"quantity\":15,\"cost\":0},\"silicon\":{\"quantity\":2,\"cost\":0},\"self_screw\":{\"quantity\":40,\"cost\":0},\"sada_screw\":{\"quantity\":30,\"cost\":0},\"hinges\":{\"quantity\":4,\"cost\":0},\"locks\":{\"quantity\":1,\"cost\":0}},\"totals\":{\"materials\":0,\"hardware\":0,\"glass\":28800,\"grandTotal\":28800}}', '2025-07-07 13:20:33', NULL),
(186, 45, 2, 'Openable Door', 123.00, 23.00, 1, 2829.00, 565800.00, '{\"dimensions\":{\"height\":123,\"width\":23,\"quantity\":1,\"area\":2829},\"materials\":{\"frame\":{\"length\":\"15.37\",\"cost\":0},\"sash\":{\"length\":\"54.21\",\"cost\":0},\"mullion\":{\"length\":\"25.89\",\"cost\":0},\"beading\":{\"length\":\"54.21\",\"cost\":0},\"steel\":{\"quantity\":\"4335.56\",\"cost\":0}},\"hardware\":{\"lock\":{\"quantity\":2,\"cost\":0},\"double_wheel\":{\"quantity\":4,\"cost\":0},\"net_wheel\":{\"quantity\":4,\"cost\":0},\"dummy\":{\"quantity\":4,\"cost\":0},\"boofer\":{\"quantity\":4,\"cost\":0},\"stoper\":{\"quantity\":4,\"cost\":0},\"fitting_screw\":{\"quantity\":30,\"cost\":0},\"rawal_plug\":{\"quantity\":30,\"cost\":0},\"silicon\":{\"quantity\":2,\"cost\":0},\"self_screw\":{\"quantity\":120,\"cost\":0},\"sada_screw\":{\"quantity\":50,\"cost\":0}},\"totals\":{\"materials\":0,\"hardware\":0,\"glass\":565800,\"grandTotal\":565800}}', '2025-07-07 13:20:56', NULL),
(187, 45, 2, 'Glass Door', 123.00, 112.00, 1, 13776.00, 1377600.00, '{\"dimensions\":{\"height\":123,\"width\":112,\"quantity\":1,\"area\":13776},\"materials\":{\"frame\":{\"length\":\"18.84\",\"cost\":0},\"sash\":{\"length\":\"37.68\",\"cost\":0},\"mullion\":{\"length\":\"6.47\",\"cost\":0},\"beading\":{\"length\":\"37.68\",\"cost\":0},\"steel\":{\"quantity\":\"1142.38\",\"cost\":0},\"full_panel\":{\"quantity\":\"181.26\",\"cost\":0},\"half_panel\":{\"quantity\":\"90.63\",\"cost\":0}},\"hardware\":{\"fitting_screw\":{\"quantity\":15,\"cost\":0},\"rawal_plug\":{\"quantity\":15,\"cost\":0},\"silicon\":{\"quantity\":2,\"cost\":0},\"self_screw\":{\"quantity\":60,\"cost\":0},\"hinges\":{\"quantity\":8,\"cost\":0},\"locks\":{\"quantity\":1,\"cost\":0},\"tower_bolt\":{\"quantity\":1,\"cost\":0}},\"totals\":{\"materials\":0,\"hardware\":0,\"glass\":1377600,\"grandTotal\":1377600}}', '2025-07-07 13:21:19', NULL),
(188, 45, 2, '3PSL', 12.00, 21.00, 1, 252.00, 50400.00, '{\"dimensions\":{\"height\":12,\"width\":21,\"quantity\":1,\"area\":252},\"materials\":{\"frame\":{\"length\":\"3.47\",\"cost\":0},\"sash\":{\"length\":\"6.25\",\"cost\":0},\"netSash\":{\"length\":\"3.13\",\"cost\":0},\"beading\":{\"length\":\"6.25\",\"cost\":0},\"interlock\":{\"length\":\"2.08\",\"cost\":0},\"steel\":{\"quantity\":\"30.53\",\"cost\":0},\"net\":{\"area\":\"168.00\",\"cost\":0},\"netRubber\":{\"quantity\":\"0.74\",\"cost\":0},\"burshi\":{\"length\":\"168.00\",\"cost\":0}},\"hardware\":{\"locks\":{\"quantity\":2,\"cost\":0},\"dummy\":{\"quantity\":2,\"cost\":0},\"boofer\":{\"quantity\":4,\"cost\":0},\"stopper\":{\"quantity\":4,\"cost\":0},\"doubleWheel\":{\"quantity\":4,\"cost\":0},\"netWheel\":{\"quantity\":4,\"cost\":0},\"sadaScrew\":{\"quantity\":40,\"cost\":0},\"fittingScrew\":{\"quantity\":30,\"cost\":0},\"selfScrew\":{\"quantity\":70,\"cost\":0},\"rawalPlug\":{\"quantity\":30,\"cost\":0},\"siliconWhite\":{\"quantity\":2,\"cost\":0},\"holeCaps\":{\"quantity\":30,\"cost\":0},\"waterCaps\":{\"quantity\":2,\"cost\":0}},\"totals\":{\"materials\":0,\"hardware\":0,\"glass\":50400,\"grandTotal\":50400}}', '2025-07-07 13:29:57', NULL),
(189, 33, 1, '3PSL', 5.00, 5.00, 1, 25.00, 17913.58, '{\"dimensions\":{\"height\":5,\"width\":5,\"quantity\":1,\"area\":25},\"materials\":{\"frame\":{\"length\":\"1.05\",\"cost\":2200},\"sash\":{\"length\":\"1.89\",\"cost\":3600},\"netSash\":{\"length\":\"0.95\",\"cost\":1620},\"beading\":{\"length\":\"1.89\",\"cost\":2880},\"interlock\":{\"length\":\"0.63\",\"cost\":840},\"steel\":{\"quantity\":\"9.25\",\"cost\":185},\"net\":{\"area\":\"16.67\",\"cost\":333.33333333333337},\"netRubber\":{\"quantity\":\"0.23\",\"cost\":20.25},\"burshi\":{\"length\":\"55.00\",\"cost\":275}},\"hardware\":{\"locks\":{\"quantity\":2,\"cost\":0},\"dummy\":{\"quantity\":2,\"cost\":0},\"boofer\":{\"quantity\":4,\"cost\":0},\"stopper\":{\"quantity\":4,\"cost\":160},\"doubleWheel\":{\"quantity\":4,\"cost\":0},\"netWheel\":{\"quantity\":4,\"cost\":40},\"sadaScrew\":{\"quantity\":40,\"cost\":200},\"fittingScrew\":{\"quantity\":30,\"cost\":150},\"selfScrew\":{\"quantity\":70,\"cost\":350},\"rawalPlug\":{\"quantity\":30,\"cost\":0},\"siliconWhite\":{\"quantity\":2,\"cost\":0},\"holeCaps\":{\"quantity\":30,\"cost\":60},\"waterCaps\":{\"quantity\":2,\"cost\":0}},\"totals\":{\"materials\":11953.583333333334,\"hardware\":960,\"glass\":5000,\"grandTotal\":17913.583333333336}}', '2025-07-08 07:38:20', NULL),
(190, 33, 1, '2PSL', 12.00, 12.00, 1, 144.00, 62964.50, '{\"dimensions\":{\"height\":12,\"width\":12,\"quantity\":1,\"area\":144},\"materials\":{\"frame\":{\"length\":\"2.53\",\"cost\":5280},\"sash\":{\"length\":\"3.79\",\"cost\":7200},\"netSash\":{\"length\":\"1.89\",\"cost\":3240},\"beading\":{\"length\":\"3.79\",\"cost\":5760},\"interlock\":{\"length\":\"1.26\",\"cost\":1680},\"steel\":{\"quantity\":\"19.50\",\"cost\":7410},\"net\":{\"area\":\"72.00\",\"cost\":1440},\"netRubber\":{\"quantity\":\"8.55\",\"cost\":769.5000000000001},\"burshi\":{\"length\":\"84.00\",\"cost\":420}},\"hardware\":{\"locks\":{\"quantity\":1,\"cost\":0},\"dummy\":{\"quantity\":2,\"cost\":0},\"boofer\":{\"quantity\":2,\"cost\":0},\"stopper\":{\"quantity\":2,\"cost\":80},\"doubleWheel\":{\"quantity\":2,\"cost\":0},\"netWheel\":{\"quantity\":2,\"cost\":20},\"sadaScrew\":{\"quantity\":20,\"cost\":100},\"fittingScrew\":{\"quantity\":20,\"cost\":100},\"selfScrew\":{\"quantity\":125,\"cost\":625},\"rawalPlug\":{\"quantity\":20,\"cost\":0},\"siliconWhite\":{\"quantity\":2,\"cost\":0},\"holeCaps\":{\"quantity\":20,\"cost\":40},\"waterCaps\":{\"quantity\":2,\"cost\":0}},\"totals\":{\"materials\":33199.5,\"hardware\":965,\"glass\":28800,\"grandTotal\":62964.5}}', '2025-07-09 06:42:39', NULL),
(191, 33, 1, '3PSL', 12.00, 12.00, 1, 144.00, 59568.60, '{\"dimensions\":{\"height\":12,\"width\":12,\"quantity\":1,\"area\":144},\"materials\":{\"frame\":{\"length\":\"2.53\",\"cost\":5280},\"sash\":{\"length\":\"4.55\",\"cost\":8640},\"netSash\":{\"length\":\"2.27\",\"cost\":3888.0000000000005},\"beading\":{\"length\":\"4.55\",\"cost\":6912},\"interlock\":{\"length\":\"1.52\",\"cost\":2016},\"steel\":{\"quantity\":\"22.20\",\"cost\":444.00000000000006},\"net\":{\"area\":\"96.00\",\"cost\":1920},\"netRubber\":{\"quantity\":\"0.54\",\"cost\":48.6},\"burshi\":{\"length\":\"132.00\",\"cost\":660}},\"hardware\":{\"locks\":{\"quantity\":2,\"cost\":0},\"dummy\":{\"quantity\":2,\"cost\":0},\"boofer\":{\"quantity\":4,\"cost\":0},\"stopper\":{\"quantity\":4,\"cost\":160},\"doubleWheel\":{\"quantity\":4,\"cost\":0},\"netWheel\":{\"quantity\":4,\"cost\":40},\"sadaScrew\":{\"quantity\":40,\"cost\":200},\"fittingScrew\":{\"quantity\":30,\"cost\":150},\"selfScrew\":{\"quantity\":70,\"cost\":350},\"rawalPlug\":{\"quantity\":30,\"cost\":0},\"siliconWhite\":{\"quantity\":2,\"cost\":0},\"holeCaps\":{\"quantity\":30,\"cost\":60},\"waterCaps\":{\"quantity\":2,\"cost\":0}},\"totals\":{\"materials\":29808.6,\"hardware\":960,\"glass\":28800,\"grandTotal\":59568.6}}', '2025-07-09 09:14:38', NULL),
(192, 33, 1, '3PSL', 12.00, 12.00, 1, 144.00, 59568.60, '{\"dimensions\":{\"height\":12,\"width\":12,\"quantity\":1,\"area\":144},\"materials\":{\"frame\":{\"length\":\"2.53\",\"cost\":5280},\"sash\":{\"length\":\"4.55\",\"cost\":8640},\"netSash\":{\"length\":\"2.27\",\"cost\":3888.0000000000005},\"beading\":{\"length\":\"4.55\",\"cost\":6912},\"interlock\":{\"length\":\"1.52\",\"cost\":2016},\"steel\":{\"quantity\":\"22.20\",\"cost\":444.00000000000006},\"net\":{\"area\":\"96.00\",\"cost\":1920},\"netRubber\":{\"quantity\":\"0.54\",\"cost\":48.6},\"burshi\":{\"length\":\"132.00\",\"cost\":660}},\"hardware\":{\"locks\":{\"quantity\":2,\"cost\":0},\"dummy\":{\"quantity\":2,\"cost\":0},\"boofer\":{\"quantity\":4,\"cost\":0},\"stopper\":{\"quantity\":4,\"cost\":160},\"doubleWheel\":{\"quantity\":4,\"cost\":0},\"netWheel\":{\"quantity\":4,\"cost\":40},\"sadaScrew\":{\"quantity\":40,\"cost\":200},\"fittingScrew\":{\"quantity\":30,\"cost\":150},\"selfScrew\":{\"quantity\":70,\"cost\":350},\"rawalPlug\":{\"quantity\":30,\"cost\":0},\"siliconWhite\":{\"quantity\":2,\"cost\":0},\"holeCaps\":{\"quantity\":30,\"cost\":60},\"waterCaps\":{\"quantity\":2,\"cost\":0}},\"totals\":{\"materials\":29808.6,\"hardware\":960,\"glass\":28800,\"grandTotal\":59568.6}}', '2025-07-09 09:16:10', NULL),
(193, 33, 1, '3PSL', 22.00, 1.00, 22, 484.00, 715822.98, '{\"dimensions\":{\"height\":22,\"width\":1,\"quantity\":22,\"area\":484},\"materials\":{\"frame\":{\"length\":\"53.26\",\"cost\":111320},\"sash\":{\"length\":\"95.87\",\"cost\":182160},\"netSash\":{\"length\":\"47.94\",\"cost\":81972},\"beading\":{\"length\":\"95.87\",\"cost\":145728},\"interlock\":{\"length\":\"31.96\",\"cost\":42504},\"steel\":{\"quantity\":\"468.05\",\"cost\":9361},\"net\":{\"area\":\"322.67\",\"cost\":6453.333333333334},\"netRubber\":{\"quantity\":\"11.39\",\"cost\":1024.65},\"burshi\":{\"length\":\"3476.00\",\"cost\":17380}},\"hardware\":{\"locks\":{\"quantity\":44,\"cost\":0},\"dummy\":{\"quantity\":44,\"cost\":0},\"boofer\":{\"quantity\":88,\"cost\":0},\"stopper\":{\"quantity\":88,\"cost\":3520},\"doubleWheel\":{\"quantity\":88,\"cost\":0},\"netWheel\":{\"quantity\":88,\"cost\":880},\"sadaScrew\":{\"quantity\":880,\"cost\":4400},\"fittingScrew\":{\"quantity\":660,\"cost\":3300},\"selfScrew\":{\"quantity\":1540,\"cost\":7700},\"rawalPlug\":{\"quantity\":660,\"cost\":0},\"siliconWhite\":{\"quantity\":44,\"cost\":0},\"holeCaps\":{\"quantity\":660,\"cost\":1320},\"waterCaps\":{\"quantity\":44,\"cost\":0}},\"totals\":{\"materials\":597902.9833333334,\"hardware\":21120,\"glass\":96800,\"grandTotal\":715822.9833333334}}', '2025-07-09 09:19:57', NULL),
(194, 33, 1, '3PSL', 12.00, 12.00, 1, 144.00, 59568.60, '{\"dimensions\":{\"height\":12,\"width\":12,\"quantity\":1,\"area\":144},\"materials\":{\"frame\":{\"length\":\"2.53\",\"cost\":5280},\"sash\":{\"length\":\"4.55\",\"cost\":8640},\"netSash\":{\"length\":\"2.27\",\"cost\":3888.0000000000005},\"beading\":{\"length\":\"4.55\",\"cost\":6912},\"interlock\":{\"length\":\"1.52\",\"cost\":2016},\"steel\":{\"quantity\":\"22.20\",\"cost\":444.00000000000006},\"net\":{\"area\":\"96.00\",\"cost\":1920},\"netRubber\":{\"quantity\":\"0.54\",\"cost\":48.6},\"burshi\":{\"length\":\"132.00\",\"cost\":660}},\"hardware\":{\"locks\":{\"quantity\":2,\"cost\":0},\"dummy\":{\"quantity\":2,\"cost\":0},\"boofer\":{\"quantity\":4,\"cost\":0},\"stopper\":{\"quantity\":4,\"cost\":160},\"doubleWheel\":{\"quantity\":4,\"cost\":0},\"netWheel\":{\"quantity\":4,\"cost\":40},\"sadaScrew\":{\"quantity\":40,\"cost\":200},\"fittingScrew\":{\"quantity\":30,\"cost\":150},\"selfScrew\":{\"quantity\":70,\"cost\":350},\"rawalPlug\":{\"quantity\":30,\"cost\":0},\"siliconWhite\":{\"quantity\":2,\"cost\":0},\"holeCaps\":{\"quantity\":30,\"cost\":60},\"waterCaps\":{\"quantity\":2,\"cost\":0}},\"totals\":{\"materials\":29808.6,\"hardware\":960,\"glass\":28800,\"grandTotal\":59568.6}}', '2025-07-09 09:21:14', NULL),
(195, 33, 1, '2PSL', 12.00, 12.00, 1, 144.00, 62964.50, '{\"dimensions\":{\"height\":12,\"width\":12,\"quantity\":1,\"area\":144},\"materials\":{\"frame\":{\"length\":\"2.53\",\"cost\":5280},\"sash\":{\"length\":\"3.79\",\"cost\":7200},\"netSash\":{\"length\":\"1.89\",\"cost\":3240},\"beading\":{\"length\":\"3.79\",\"cost\":5760},\"interlock\":{\"length\":\"1.26\",\"cost\":1680},\"steel\":{\"quantity\":\"19.50\",\"cost\":7410},\"net\":{\"area\":\"72.00\",\"cost\":1440},\"netRubber\":{\"quantity\":\"8.55\",\"cost\":769.5000000000001},\"burshi\":{\"length\":\"84.00\",\"cost\":420}},\"hardware\":{\"locks\":{\"quantity\":1,\"cost\":0},\"dummy\":{\"quantity\":2,\"cost\":0},\"boofer\":{\"quantity\":2,\"cost\":0},\"stopper\":{\"quantity\":2,\"cost\":80},\"doubleWheel\":{\"quantity\":2,\"cost\":0},\"netWheel\":{\"quantity\":2,\"cost\":20},\"sadaScrew\":{\"quantity\":20,\"cost\":100},\"fittingScrew\":{\"quantity\":20,\"cost\":100},\"selfScrew\":{\"quantity\":125,\"cost\":625},\"rawalPlug\":{\"quantity\":20,\"cost\":0},\"siliconWhite\":{\"quantity\":2,\"cost\":0},\"holeCaps\":{\"quantity\":20,\"cost\":40},\"waterCaps\":{\"quantity\":2,\"cost\":0}},\"totals\":{\"materials\":33199.5,\"hardware\":965,\"glass\":28800,\"grandTotal\":62964.5}}', '2025-07-09 09:22:36', NULL),
(196, 33, 1, '2PSL', 12.00, 12.00, 1, 144.00, 62964.50, '{\"dimensions\":{\"height\":12,\"width\":12,\"quantity\":1,\"area\":144},\"materials\":{\"frame\":{\"length\":\"2.53\",\"cost\":5280},\"sash\":{\"length\":\"3.79\",\"cost\":7200},\"netSash\":{\"length\":\"1.89\",\"cost\":3240},\"beading\":{\"length\":\"3.79\",\"cost\":5760},\"interlock\":{\"length\":\"1.26\",\"cost\":1680},\"steel\":{\"quantity\":\"19.50\",\"cost\":7410},\"net\":{\"area\":\"72.00\",\"cost\":1440},\"netRubber\":{\"quantity\":\"8.55\",\"cost\":769.5000000000001},\"burshi\":{\"length\":\"84.00\",\"cost\":420}},\"hardware\":{\"locks\":{\"quantity\":1,\"cost\":0},\"dummy\":{\"quantity\":2,\"cost\":0},\"boofer\":{\"quantity\":2,\"cost\":0},\"stopper\":{\"quantity\":2,\"cost\":80},\"doubleWheel\":{\"quantity\":2,\"cost\":0},\"netWheel\":{\"quantity\":2,\"cost\":20},\"sadaScrew\":{\"quantity\":20,\"cost\":100},\"fittingScrew\":{\"quantity\":20,\"cost\":100},\"selfScrew\":{\"quantity\":125,\"cost\":625},\"rawalPlug\":{\"quantity\":20,\"cost\":0},\"siliconWhite\":{\"quantity\":2,\"cost\":0},\"holeCaps\":{\"quantity\":20,\"cost\":40},\"waterCaps\":{\"quantity\":2,\"cost\":0}},\"totals\":{\"materials\":33199.5,\"hardware\":965,\"glass\":28800,\"grandTotal\":62964.5}}', '2025-07-09 09:23:14', NULL),
(197, 33, 1, 'Door', 1.00, 1.00, 1, 1.00, 1582.50, '{\"dimensions\":{\"height\":1,\"width\":1,\"quantity\":1,\"area\":1},\"materials\":{\"frame\":{\"length\":\"0.16\",\"cost\":330},\"sash\":{\"length\":\"0.21\",\"cost\":240},\"beading\":{\"length\":\"0.21\",\"cost\":320},\"panel\":{\"length\":\"0.16\",\"cost\":150},\"steel\":{\"quantity\":\"0.88\",\"cost\":17.5},\"glass\":{\"area\":\"0.50\",\"cost\":100}},\"hardware\":{\"items\":{\"Fitting Screw\":15,\"Rawal Plug\":15,\"Silicon White\":2,\"Self Screw\":40,\"Sada Screw\":30,\"Hinges\":4,\"Locks\":1},\"costs\":{\"Fitting Screw\":75,\"Rawal Plug\":0,\"Silicon White\":0,\"Self Screw\":200,\"Sada Screw\":150,\"Hinges\":0,\"Locks\":0},\"total\":425},\"totals\":{\"materials\":1057.5,\"hardware\":425,\"glass\":100,\"grandTotal\":1582.5}}', '2025-07-09 11:54:24', NULL),
(198, 33, 1, 'Fix Window', 11.00, 11.00, 1, 121.00, 32875.00, '{\"dimensions\":{\"height\":11,\"width\":11,\"quantity\":1,\"area\":121},\"materials\":{\"frame\":{\"length\":\"2.32\",\"cost\":4840},\"beading\":{\"length\":\"2.32\",\"cost\":3520},\"steel\":{\"quantity\":\"5.50\",\"cost\":110}},\"hardware\":{\"selfScrew\":{\"quantity\":20,\"cost\":100},\"fittingScrew\":{\"quantity\":15,\"cost\":75},\"holeCaps\":{\"quantity\":15,\"cost\":30},\"rawalPlug\":{\"quantity\":15,\"cost\":0}},\"totals\":{\"materials\":8470,\"hardware\":205,\"glass\":24200,\"grandTotal\":32875}}', '2025-07-09 11:55:31', NULL),
(199, 33, 1, '3PSL', 1.00, 1.00, 1, 1.00, 3497.38, '{\"dimensions\":{\"height\":1,\"width\":1,\"quantity\":1,\"area\":1},\"materials\":{\"frame\":{\"length\":\"0.21\",\"cost\":440},\"sash\":{\"length\":\"0.38\",\"cost\":720},\"netSash\":{\"length\":\"0.19\",\"cost\":324},\"beading\":{\"length\":\"0.38\",\"cost\":576},\"interlock\":{\"length\":\"0.13\",\"cost\":168},\"steel\":{\"quantity\":\"1.85\",\"cost\":37.00000000000001},\"net\":{\"area\":\"0.67\",\"cost\":13.333333333333332},\"netRubber\":{\"quantity\":\"0.04\",\"cost\":4.05},\"burshi\":{\"length\":\"11.00\",\"cost\":55}},\"hardware\":{\"locks\":{\"quantity\":2,\"cost\":0},\"dummy\":{\"quantity\":2,\"cost\":0},\"boofer\":{\"quantity\":4,\"cost\":0},\"stopper\":{\"quantity\":4,\"cost\":160},\"doubleWheel\":{\"quantity\":4,\"cost\":0},\"netWheel\":{\"quantity\":4,\"cost\":40},\"sadaScrew\":{\"quantity\":40,\"cost\":200},\"fittingScrew\":{\"quantity\":30,\"cost\":150},\"selfScrew\":{\"quantity\":70,\"cost\":350},\"rawalPlug\":{\"quantity\":30,\"cost\":0},\"siliconWhite\":{\"quantity\":2,\"cost\":0},\"holeCaps\":{\"quantity\":30,\"cost\":60},\"waterCaps\":{\"quantity\":2,\"cost\":0}},\"totals\":{\"materials\":2337.3833333333337,\"hardware\":960,\"glass\":200,\"grandTotal\":3497.3833333333337}}', '2025-07-09 11:58:47', NULL),
(200, 33, 1, 'Top Hung', 1.00, 1.00, 1, 1.00, 1765.00, '{\"dimensions\":{\"height\":1,\"width\":1,\"quantity\":1,\"area\":1},\"materials\":{\"frame\":{\"length\":\"0.21\",\"cost\":440},\"sash\":{\"length\":\"0.21\",\"cost\":400},\"beading\":{\"length\":\"0.21\",\"cost\":320},\"steel\":{\"quantity\":\"1.19\",\"cost\":190}},\"hardware\":{\"Fitting Screw\":{\"quantity\":10,\"cost\":50},\"Rawal Plug\":{\"quantity\":10,\"cost\":0},\"Self Screw\":{\"quantity\":18,\"cost\":90},\"Sada Screw\":{\"quantity\":15,\"cost\":75},\"Silicon\":{\"quantity\":1,\"cost\":0},\"Lock\":{\"quantity\":1,\"cost\":0},\"Friction Hinges\":{\"quantity\":2,\"cost\":0}},\"totals\":{\"materials\":1350,\"hardware\":215,\"glass\":200,\"grandTotal\":1765}}', '2025-07-09 11:59:54', NULL),
(201, 33, 1, '3PSL', 11.00, 11.00, 1, 121.00, 52337.88, '{\"dimensions\":{\"height\":11,\"width\":11,\"quantity\":1,\"area\":121},\"materials\":{\"frame\":{\"length\":\"2.32\",\"cost\":4840},\"sash\":{\"length\":\"4.17\",\"cost\":7920.000000000002},\"netSash\":{\"length\":\"2.08\",\"cost\":3564.000000000001},\"beading\":{\"length\":\"4.17\",\"cost\":6336.000000000002},\"interlock\":{\"length\":\"1.39\",\"cost\":1848.0000000000002},\"steel\":{\"quantity\":\"20.35\",\"cost\":407},\"net\":{\"area\":\"80.67\",\"cost\":1613.3333333333335},\"netRubber\":{\"quantity\":\"0.50\",\"cost\":44.55000000000001},\"burshi\":{\"length\":\"121.00\",\"cost\":605}},\"hardware\":{\"locks\":{\"quantity\":2,\"cost\":0},\"dummy\":{\"quantity\":2,\"cost\":0},\"boofer\":{\"quantity\":4,\"cost\":0},\"stopper\":{\"quantity\":4,\"cost\":160},\"doubleWheel\":{\"quantity\":4,\"cost\":0},\"netWheel\":{\"quantity\":4,\"cost\":40},\"sadaScrew\":{\"quantity\":40,\"cost\":200},\"fittingScrew\":{\"quantity\":30,\"cost\":150},\"selfScrew\":{\"quantity\":70,\"cost\":350},\"rawalPlug\":{\"quantity\":30,\"cost\":0},\"siliconWhite\":{\"quantity\":2,\"cost\":0},\"holeCaps\":{\"quantity\":30,\"cost\":60},\"waterCaps\":{\"quantity\":2,\"cost\":0}},\"totals\":{\"materials\":27177.88333333334,\"hardware\":960,\"glass\":24200,\"grandTotal\":52337.88333333334}}', '2025-07-09 12:00:16', NULL),
(202, 45, 2, '2PSL', 1.00, 1.00, 1, 1.00, 200.00, '{\"dimensions\":{\"height\":1,\"width\":1,\"quantity\":1,\"area\":1},\"materials\":{\"frame\":{\"length\":\"0.21\",\"cost\":0},\"sash\":{\"length\":\"0.32\",\"cost\":0},\"netSash\":{\"length\":\"0.16\",\"cost\":0},\"beading\":{\"length\":\"0.32\",\"cost\":0},\"interlock\":{\"length\":\"0.11\",\"cost\":0},\"steel\":{\"quantity\":\"1.63\",\"cost\":0},\"net\":{\"area\":\"0.50\",\"cost\":0},\"netRubber\":{\"quantity\":\"0.71\",\"cost\":0},\"burshi\":{\"length\":\"7.00\",\"cost\":0}},\"hardware\":{\"locks\":{\"quantity\":1,\"cost\":0},\"dummy\":{\"quantity\":2,\"cost\":0},\"boofer\":{\"quantity\":2,\"cost\":0},\"stopper\":{\"quantity\":2,\"cost\":0},\"doubleWheel\":{\"quantity\":2,\"cost\":0},\"netWheel\":{\"quantity\":2,\"cost\":0},\"sadaScrew\":{\"quantity\":20,\"cost\":0},\"fittingScrew\":{\"quantity\":8,\"cost\":0},\"selfScrew\":{\"quantity\":25,\"cost\":0},\"rawalPlug\":{\"quantity\":8,\"cost\":0},\"siliconWhite\":{\"quantity\":2,\"cost\":0},\"holeCaps\":{\"quantity\":8,\"cost\":0},\"waterCaps\":{\"quantity\":2,\"cost\":0}},\"totals\":{\"materials\":0,\"hardware\":0,\"glass\":200,\"grandTotal\":200}}', '2025-07-09 12:05:40', NULL),
(203, 33, 1, '2PSL', 22.00, 22.00, 1, 484.00, 160831.20, '{\"dimensions\":{\"height\":22,\"width\":22,\"quantity\":1,\"area\":484},\"materials\":{\"frame\":{\"length\":\"4.63\",\"cost\":9680},\"sash\":{\"length\":\"6.95\",\"cost\":13200},\"netSash\":{\"length\":\"3.47\",\"cost\":5940},\"beading\":{\"length\":\"6.95\",\"cost\":10560},\"interlock\":{\"length\":\"2.32\",\"cost\":3080},\"steel\":{\"quantity\":\"35.75\",\"cost\":13585},\"net\":{\"area\":\"242.00\",\"cost\":4840},\"netRubber\":{\"quantity\":\"15.68\",\"cost\":1411.2},\"burshi\":{\"length\":\"154.00\",\"cost\":770}},\"hardware\":{\"locks\":{\"quantity\":1,\"cost\":0},\"dummy\":{\"quantity\":2,\"cost\":0},\"boofer\":{\"quantity\":2,\"cost\":0},\"stopper\":{\"quantity\":2,\"cost\":80},\"doubleWheel\":{\"quantity\":2,\"cost\":0},\"netWheel\":{\"quantity\":2,\"cost\":20},\"sadaScrew\":{\"quantity\":20,\"cost\":100},\"fittingScrew\":{\"quantity\":20,\"cost\":100},\"selfScrew\":{\"quantity\":125,\"cost\":625},\"rawalPlug\":{\"quantity\":20,\"cost\":0},\"siliconWhite\":{\"quantity\":2,\"cost\":0},\"holeCaps\":{\"quantity\":20,\"cost\":40},\"waterCaps\":{\"quantity\":2,\"cost\":0}},\"totals\":{\"materials\":63066.2,\"hardware\":965,\"glass\":96800,\"grandTotal\":160831.2}}', '2025-07-11 17:42:47', NULL),
(204, 33, 1, '2PSL', 22.00, 22.00, 1, 484.00, 160831.20, '{\"dimensions\":{\"height\":22,\"width\":22,\"quantity\":1,\"area\":484},\"materials\":{\"frame\":{\"length\":\"4.63\",\"cost\":9680},\"sash\":{\"length\":\"6.95\",\"cost\":13200},\"netSash\":{\"length\":\"3.47\",\"cost\":5940},\"beading\":{\"length\":\"6.95\",\"cost\":10560},\"interlock\":{\"length\":\"2.32\",\"cost\":3080},\"steel\":{\"quantity\":\"35.75\",\"cost\":13585},\"net\":{\"area\":\"242.00\",\"cost\":4840},\"netRubber\":{\"quantity\":\"15.68\",\"cost\":1411.2},\"burshi\":{\"length\":\"154.00\",\"cost\":770}},\"hardware\":{\"locks\":{\"quantity\":1,\"cost\":0},\"dummy\":{\"quantity\":2,\"cost\":0},\"boofer\":{\"quantity\":2,\"cost\":0},\"stopper\":{\"quantity\":2,\"cost\":80},\"doubleWheel\":{\"quantity\":2,\"cost\":0},\"netWheel\":{\"quantity\":2,\"cost\":20},\"sadaScrew\":{\"quantity\":20,\"cost\":100},\"fittingScrew\":{\"quantity\":20,\"cost\":100},\"selfScrew\":{\"quantity\":125,\"cost\":625},\"rawalPlug\":{\"quantity\":20,\"cost\":0},\"siliconWhite\":{\"quantity\":2,\"cost\":0},\"holeCaps\":{\"quantity\":20,\"cost\":40},\"waterCaps\":{\"quantity\":2,\"cost\":0}},\"totals\":{\"materials\":63066.2,\"hardware\":965,\"glass\":96800,\"grandTotal\":160831.2}}', '2025-07-11 17:42:50', NULL),
(205, 33, 1, '2PSL', 22.00, 22.00, 1, 484.00, 160831.20, '{\"dimensions\":{\"height\":22,\"width\":22,\"quantity\":1,\"area\":484},\"materials\":{\"frame\":{\"length\":\"4.63\",\"cost\":9680},\"sash\":{\"length\":\"6.95\",\"cost\":13200},\"netSash\":{\"length\":\"3.47\",\"cost\":5940},\"beading\":{\"length\":\"6.95\",\"cost\":10560},\"interlock\":{\"length\":\"2.32\",\"cost\":3080},\"steel\":{\"quantity\":\"35.75\",\"cost\":13585},\"net\":{\"area\":\"242.00\",\"cost\":4840},\"netRubber\":{\"quantity\":\"15.68\",\"cost\":1411.2},\"burshi\":{\"length\":\"154.00\",\"cost\":770}},\"hardware\":{\"locks\":{\"quantity\":1,\"cost\":0},\"dummy\":{\"quantity\":2,\"cost\":0},\"boofer\":{\"quantity\":2,\"cost\":0},\"stopper\":{\"quantity\":2,\"cost\":80},\"doubleWheel\":{\"quantity\":2,\"cost\":0},\"netWheel\":{\"quantity\":2,\"cost\":20},\"sadaScrew\":{\"quantity\":20,\"cost\":100},\"fittingScrew\":{\"quantity\":20,\"cost\":100},\"selfScrew\":{\"quantity\":125,\"cost\":625},\"rawalPlug\":{\"quantity\":20,\"cost\":0},\"siliconWhite\":{\"quantity\":2,\"cost\":0},\"holeCaps\":{\"quantity\":20,\"cost\":40},\"waterCaps\":{\"quantity\":2,\"cost\":0}},\"totals\":{\"materials\":63066.2,\"hardware\":965,\"glass\":96800,\"grandTotal\":160831.2}}', '2025-07-11 17:43:21', NULL),
(206, 33, 1, '2PSL', 22.00, 22.00, 1, 484.00, 160831.20, '{\"dimensions\":{\"height\":22,\"width\":22,\"quantity\":1,\"area\":484},\"materials\":{\"frame\":{\"length\":\"4.63\",\"cost\":9680},\"sash\":{\"length\":\"6.95\",\"cost\":13200},\"netSash\":{\"length\":\"3.47\",\"cost\":5940},\"beading\":{\"length\":\"6.95\",\"cost\":10560},\"interlock\":{\"length\":\"2.32\",\"cost\":3080},\"steel\":{\"quantity\":\"35.75\",\"cost\":13585},\"net\":{\"area\":\"242.00\",\"cost\":4840},\"netRubber\":{\"quantity\":\"15.68\",\"cost\":1411.2},\"burshi\":{\"length\":\"154.00\",\"cost\":770}},\"hardware\":{\"locks\":{\"quantity\":1,\"cost\":0},\"dummy\":{\"quantity\":2,\"cost\":0},\"boofer\":{\"quantity\":2,\"cost\":0},\"stopper\":{\"quantity\":2,\"cost\":80},\"doubleWheel\":{\"quantity\":2,\"cost\":0},\"netWheel\":{\"quantity\":2,\"cost\":20},\"sadaScrew\":{\"quantity\":20,\"cost\":100},\"fittingScrew\":{\"quantity\":20,\"cost\":100},\"selfScrew\":{\"quantity\":125,\"cost\":625},\"rawalPlug\":{\"quantity\":20,\"cost\":0},\"siliconWhite\":{\"quantity\":2,\"cost\":0},\"holeCaps\":{\"quantity\":20,\"cost\":40},\"waterCaps\":{\"quantity\":2,\"cost\":0}},\"totals\":{\"materials\":63066.2,\"hardware\":965,\"glass\":96800,\"grandTotal\":160831.2}}', '2025-07-11 17:43:49', NULL),
(207, 33, 1, '2PSL', 32.00, 23.00, 1, 736.00, 221104.30, '{\"dimensions\":{\"height\":32,\"width\":23,\"quantity\":1,\"area\":736},\"materials\":{\"frame\":{\"length\":\"5.79\",\"cost\":12100},\"sash\":{\"length\":\"8.68\",\"cost\":16500},\"netSash\":{\"length\":\"4.34\",\"cost\":7425},\"beading\":{\"length\":\"8.68\",\"cost\":13200},\"interlock\":{\"length\":\"2.89\",\"cost\":3850},\"steel\":{\"quantity\":\"44.69\",\"cost\":16981.199999999997},\"net\":{\"area\":\"368.00\",\"cost\":0},\"netRubber\":{\"quantity\":\"19.59\",\"cost\":1763.1},\"burshi\":{\"length\":\"224.00\",\"cost\":1120}},\"hardware\":{\"locks\":{\"quantity\":1,\"cost\":0},\"dummy\":{\"quantity\":2,\"cost\":0},\"boofer\":{\"quantity\":2,\"cost\":0},\"stopper\":{\"quantity\":2,\"cost\":80},\"doubleWheel\":{\"quantity\":2,\"cost\":0},\"netWheel\":{\"quantity\":2,\"cost\":20},\"sadaScrew\":{\"quantity\":20,\"cost\":100},\"fittingScrew\":{\"quantity\":20,\"cost\":100},\"selfScrew\":{\"quantity\":125,\"cost\":625},\"rawalPlug\":{\"quantity\":20,\"cost\":0},\"siliconWhite\":{\"quantity\":2,\"cost\":0},\"holeCaps\":{\"quantity\":20,\"cost\":40},\"waterCaps\":{\"quantity\":2,\"cost\":0}},\"totals\":{\"materials\":72939.3,\"hardware\":965,\"glass\":147200,\"grandTotal\":221104.3}}', '2025-07-11 18:28:09', NULL),
(208, 33, 1, '2PSL', 23.00, 23.00, 1, 529.00, 167637.70, '{\"dimensions\":{\"height\":23,\"width\":23,\"quantity\":1,\"area\":529},\"materials\":{\"frame\":{\"length\":\"4.84\",\"cost\":10120},\"sash\":{\"length\":\"7.26\",\"cost\":13800},\"netSash\":{\"length\":\"3.63\",\"cost\":6210},\"beading\":{\"length\":\"7.26\",\"cost\":11040},\"interlock\":{\"length\":\"2.42\",\"cost\":3220},\"steel\":{\"quantity\":\"37.38\",\"cost\":14202.6},\"net\":{\"area\":\"264.50\",\"cost\":0},\"netRubber\":{\"quantity\":\"16.39\",\"cost\":1475.1000000000001},\"burshi\":{\"length\":\"161.00\",\"cost\":805}},\"hardware\":{\"locks\":{\"quantity\":1,\"cost\":0},\"dummy\":{\"quantity\":2,\"cost\":0},\"boofer\":{\"quantity\":2,\"cost\":0},\"stopper\":{\"quantity\":2,\"cost\":80},\"doubleWheel\":{\"quantity\":2,\"cost\":0},\"netWheel\":{\"quantity\":2,\"cost\":20},\"sadaScrew\":{\"quantity\":20,\"cost\":100},\"fittingScrew\":{\"quantity\":20,\"cost\":100},\"selfScrew\":{\"quantity\":125,\"cost\":625},\"rawalPlug\":{\"quantity\":20,\"cost\":0},\"siliconWhite\":{\"quantity\":2,\"cost\":0},\"holeCaps\":{\"quantity\":20,\"cost\":40},\"waterCaps\":{\"quantity\":2,\"cost\":0}},\"totals\":{\"materials\":60872.7,\"hardware\":965,\"glass\":105800,\"grandTotal\":167637.7}}', '2025-07-11 18:30:50', NULL);
INSERT INTO `calculation_records` (`id`, `client_id`, `company_id`, `window_type`, `height`, `width`, `quantity`, `total_area`, `total_cost`, `calculation_data`, `created_at`, `svg_data`) VALUES
(209, 33, 1, '3PSL', 1122.00, 1122.00, 1, 1258884.00, 99999999.99, '{\"dimensions\":{\"height\":1122,\"width\":1122,\"quantity\":1,\"area\":1258884},\"materials\":{\"frame\":{\"length\":\"236.21\",\"cost\":493680},\"sash\":{\"length\":\"425.18\",\"cost\":807840},\"netSash\":{\"length\":\"212.59\",\"cost\":363528},\"beading\":{\"length\":\"425.18\",\"cost\":646272},\"interlock\":{\"length\":\"141.73\",\"cost\":188496},\"steel\":{\"quantity\":\"2075.70\",\"cost\":41514.00000000001},\"net\":{\"area\":\"839256.00\",\"cost\":0},\"netRubber\":{\"quantity\":\"50.49\",\"cost\":4544.1},\"burshi\":{\"length\":\"12342.00\",\"cost\":61710}},\"hardware\":{\"locks\":{\"quantity\":2,\"cost\":0},\"dummy\":{\"quantity\":2,\"cost\":0},\"boofer\":{\"quantity\":4,\"cost\":0},\"stopper\":{\"quantity\":4,\"cost\":160},\"doubleWheel\":{\"quantity\":4,\"cost\":0},\"netWheel\":{\"quantity\":4,\"cost\":40},\"sadaScrew\":{\"quantity\":40,\"cost\":200},\"fittingScrew\":{\"quantity\":30,\"cost\":150},\"selfScrew\":{\"quantity\":70,\"cost\":350},\"rawalPlug\":{\"quantity\":30,\"cost\":0},\"siliconWhite\":{\"quantity\":2,\"cost\":0},\"holeCaps\":{\"quantity\":30,\"cost\":60},\"waterCaps\":{\"quantity\":2,\"cost\":0}},\"totals\":{\"materials\":2607584.1,\"hardware\":960,\"glass\":251776800,\"grandTotal\":254385344.1}}', '2025-07-11 18:53:31', NULL),
(210, 33, 1, '3PSL', 23.00, 22.00, 1, 506.00, 154458.63, '{\"dimensions\":{\"height\":23,\"width\":22,\"quantity\":1,\"area\":506},\"materials\":{\"frame\":{\"length\":\"4.74\",\"cost\":9900},\"sash\":{\"length\":\"8.53\",\"cost\":16199.999999999996},\"netSash\":{\"length\":\"4.26\",\"cost\":7289.999999999999},\"beading\":{\"length\":\"8.53\",\"cost\":12959.999999999998},\"interlock\":{\"length\":\"2.84\",\"cost\":3779.9999999999995},\"steel\":{\"quantity\":\"41.62\",\"cost\":832.4999999999999},\"net\":{\"area\":\"337.33\",\"cost\":0},\"netRubber\":{\"quantity\":\"1.01\",\"cost\":91.12499999999997},\"burshi\":{\"length\":\"249.00\",\"cost\":1245}},\"hardware\":{\"locks\":{\"quantity\":2,\"cost\":0},\"dummy\":{\"quantity\":2,\"cost\":0},\"boofer\":{\"quantity\":4,\"cost\":0},\"stopper\":{\"quantity\":4,\"cost\":160},\"doubleWheel\":{\"quantity\":4,\"cost\":0},\"netWheel\":{\"quantity\":4,\"cost\":40},\"sadaScrew\":{\"quantity\":40,\"cost\":200},\"fittingScrew\":{\"quantity\":30,\"cost\":150},\"selfScrew\":{\"quantity\":70,\"cost\":350},\"rawalPlug\":{\"quantity\":30,\"cost\":0},\"siliconWhite\":{\"quantity\":2,\"cost\":0},\"holeCaps\":{\"quantity\":30,\"cost\":60},\"waterCaps\":{\"quantity\":2,\"cost\":0}},\"totals\":{\"materials\":52298.62499999999,\"hardware\":960,\"glass\":101200,\"grandTotal\":154458.625}}', '2025-07-11 20:37:50', NULL),
(211, 33, 1, '3PSL', 22.00, 22.00, 1, 484.00, 148889.10, '{\"dimensions\":{\"height\":22,\"width\":22,\"quantity\":1,\"area\":484},\"materials\":{\"frame\":{\"length\":\"4.63\",\"cost\":9680},\"sash\":{\"length\":\"8.34\",\"cost\":15840.000000000004},\"netSash\":{\"length\":\"4.17\",\"cost\":7128.000000000002},\"beading\":{\"length\":\"8.34\",\"cost\":12672.000000000004},\"interlock\":{\"length\":\"2.78\",\"cost\":3696.0000000000005},\"steel\":{\"quantity\":\"40.70\",\"cost\":814},\"net\":{\"area\":\"322.67\",\"cost\":0},\"netRubber\":{\"quantity\":\"0.99\",\"cost\":89.10000000000002},\"burshi\":{\"length\":\"242.00\",\"cost\":1210}},\"hardware\":{\"locks\":{\"quantity\":2,\"cost\":0},\"dummy\":{\"quantity\":2,\"cost\":0},\"boofer\":{\"quantity\":4,\"cost\":0},\"stopper\":{\"quantity\":4,\"cost\":160},\"doubleWheel\":{\"quantity\":4,\"cost\":0},\"netWheel\":{\"quantity\":4,\"cost\":40},\"sadaScrew\":{\"quantity\":40,\"cost\":200},\"fittingScrew\":{\"quantity\":30,\"cost\":150},\"selfScrew\":{\"quantity\":70,\"cost\":350},\"rawalPlug\":{\"quantity\":30,\"cost\":0},\"siliconWhite\":{\"quantity\":2,\"cost\":0},\"holeCaps\":{\"quantity\":30,\"cost\":60},\"waterCaps\":{\"quantity\":2,\"cost\":0}},\"totals\":{\"materials\":51129.10000000001,\"hardware\":960,\"glass\":96800,\"grandTotal\":148889.1}}', '2025-07-11 20:38:24', NULL),
(212, 33, 1, '2PSL', 22.00, 22.00, 1, 484.00, 155991.20, '{\"dimensions\":{\"height\":22,\"width\":22,\"quantity\":1,\"area\":484},\"materials\":{\"frame\":{\"length\":\"4.63\",\"cost\":9680},\"sash\":{\"length\":\"6.95\",\"cost\":13200},\"netSash\":{\"length\":\"3.47\",\"cost\":5940},\"beading\":{\"length\":\"6.95\",\"cost\":10560},\"interlock\":{\"length\":\"2.32\",\"cost\":3080},\"steel\":{\"quantity\":\"35.75\",\"cost\":13585},\"net\":{\"area\":\"242.00\",\"cost\":0},\"netRubber\":{\"quantity\":\"15.68\",\"cost\":1411.2},\"burshi\":{\"length\":\"154.00\",\"cost\":770}},\"hardware\":{\"locks\":{\"quantity\":1,\"cost\":0},\"dummy\":{\"quantity\":2,\"cost\":0},\"boofer\":{\"quantity\":2,\"cost\":0},\"stopper\":{\"quantity\":2,\"cost\":80},\"doubleWheel\":{\"quantity\":2,\"cost\":0},\"netWheel\":{\"quantity\":2,\"cost\":20},\"sadaScrew\":{\"quantity\":20,\"cost\":100},\"fittingScrew\":{\"quantity\":20,\"cost\":100},\"selfScrew\":{\"quantity\":125,\"cost\":625},\"rawalPlug\":{\"quantity\":20,\"cost\":0},\"siliconWhite\":{\"quantity\":2,\"cost\":0},\"holeCaps\":{\"quantity\":20,\"cost\":40},\"waterCaps\":{\"quantity\":2,\"cost\":0}},\"totals\":{\"materials\":58226.2,\"hardware\":965,\"glass\":96800,\"grandTotal\":155991.2}}', '2025-07-11 21:11:16', NULL),
(213, 33, 1, '2PSL', 22.00, 22.00, 1, 484.00, 155991.20, '{\"dimensions\":{\"height\":22,\"width\":22,\"quantity\":1,\"area\":484},\"materials\":{\"frame\":{\"length\":\"4.63\",\"cost\":9680},\"sash\":{\"length\":\"6.95\",\"cost\":13200},\"netSash\":{\"length\":\"3.47\",\"cost\":5940},\"beading\":{\"length\":\"6.95\",\"cost\":10560},\"interlock\":{\"length\":\"2.32\",\"cost\":3080},\"steel\":{\"quantity\":\"35.75\",\"cost\":13585},\"net\":{\"area\":\"242.00\",\"cost\":0},\"netRubber\":{\"quantity\":\"15.68\",\"cost\":1411.2},\"burshi\":{\"length\":\"154.00\",\"cost\":770}},\"hardware\":{\"locks\":{\"quantity\":1,\"cost\":0},\"dummy\":{\"quantity\":2,\"cost\":0},\"boofer\":{\"quantity\":2,\"cost\":0},\"stopper\":{\"quantity\":2,\"cost\":80},\"doubleWheel\":{\"quantity\":2,\"cost\":0},\"netWheel\":{\"quantity\":2,\"cost\":20},\"sadaScrew\":{\"quantity\":20,\"cost\":100},\"fittingScrew\":{\"quantity\":20,\"cost\":100},\"selfScrew\":{\"quantity\":125,\"cost\":625},\"rawalPlug\":{\"quantity\":20,\"cost\":0},\"siliconWhite\":{\"quantity\":2,\"cost\":0},\"holeCaps\":{\"quantity\":20,\"cost\":40},\"waterCaps\":{\"quantity\":2,\"cost\":0}},\"totals\":{\"materials\":58226.2,\"hardware\":965,\"glass\":96800,\"grandTotal\":155991.2}}', '2025-07-11 21:11:51', NULL),
(214, 33, 1, '2PSL', 23.00, 32.00, 1, 736.00, 220789.30, '{\"dimensions\":{\"height\":23,\"width\":32,\"quantity\":1,\"area\":736},\"materials\":{\"frame\":{\"length\":\"5.79\",\"cost\":12100},\"sash\":{\"length\":\"8.68\",\"cost\":16500},\"netSash\":{\"length\":\"4.34\",\"cost\":7425},\"beading\":{\"length\":\"8.68\",\"cost\":13200},\"interlock\":{\"length\":\"2.89\",\"cost\":3850},\"steel\":{\"quantity\":\"44.69\",\"cost\":16981.199999999997},\"net\":{\"area\":\"368.00\",\"cost\":0},\"netRubber\":{\"quantity\":\"19.59\",\"cost\":1763.1},\"burshi\":{\"length\":\"161.00\",\"cost\":805}},\"hardware\":{\"locks\":{\"quantity\":1,\"cost\":0},\"dummy\":{\"quantity\":2,\"cost\":0},\"boofer\":{\"quantity\":2,\"cost\":0},\"stopper\":{\"quantity\":2,\"cost\":80},\"doubleWheel\":{\"quantity\":2,\"cost\":0},\"netWheel\":{\"quantity\":2,\"cost\":20},\"sadaScrew\":{\"quantity\":20,\"cost\":100},\"fittingScrew\":{\"quantity\":20,\"cost\":100},\"selfScrew\":{\"quantity\":125,\"cost\":625},\"rawalPlug\":{\"quantity\":20,\"cost\":0},\"siliconWhite\":{\"quantity\":2,\"cost\":0},\"holeCaps\":{\"quantity\":20,\"cost\":40},\"waterCaps\":{\"quantity\":2,\"cost\":0}},\"totals\":{\"materials\":72624.3,\"hardware\":965,\"glass\":147200,\"grandTotal\":220789.3}}', '2025-07-11 21:12:33', NULL),
(215, 33, 1, '2PSL', 22.00, 22.00, 1, 484.00, 155991.20, '{\"dimensions\":{\"height\":22,\"width\":22,\"quantity\":1,\"area\":484},\"materials\":{\"frame\":{\"length\":\"4.63\",\"cost\":9680},\"sash\":{\"length\":\"6.95\",\"cost\":13200},\"netSash\":{\"length\":\"3.47\",\"cost\":5940},\"beading\":{\"length\":\"6.95\",\"cost\":10560},\"interlock\":{\"length\":\"2.32\",\"cost\":3080},\"steel\":{\"quantity\":\"35.75\",\"cost\":13585},\"net\":{\"area\":\"242.00\",\"cost\":0},\"netRubber\":{\"quantity\":\"15.68\",\"cost\":1411.2},\"burshi\":{\"length\":\"154.00\",\"cost\":770}},\"hardware\":{\"locks\":{\"quantity\":1,\"cost\":0},\"dummy\":{\"quantity\":2,\"cost\":0},\"boofer\":{\"quantity\":2,\"cost\":0},\"stopper\":{\"quantity\":2,\"cost\":80},\"doubleWheel\":{\"quantity\":2,\"cost\":0},\"netWheel\":{\"quantity\":2,\"cost\":20},\"sadaScrew\":{\"quantity\":20,\"cost\":100},\"fittingScrew\":{\"quantity\":20,\"cost\":100},\"selfScrew\":{\"quantity\":125,\"cost\":625},\"rawalPlug\":{\"quantity\":20,\"cost\":0},\"siliconWhite\":{\"quantity\":2,\"cost\":0},\"holeCaps\":{\"quantity\":20,\"cost\":40},\"waterCaps\":{\"quantity\":2,\"cost\":0}},\"totals\":{\"materials\":58226.2,\"hardware\":965,\"glass\":96800,\"grandTotal\":155991.2}}', '2025-07-11 21:14:21', NULL),
(216, 33, 1, '2PSL', 22.00, 22.00, 1, 484.00, 155991.20, '{\"dimensions\":{\"height\":22,\"width\":22,\"quantity\":1,\"area\":484},\"materials\":{\"frame\":{\"length\":\"4.63\",\"cost\":9680},\"sash\":{\"length\":\"6.95\",\"cost\":13200},\"netSash\":{\"length\":\"3.47\",\"cost\":5940},\"beading\":{\"length\":\"6.95\",\"cost\":10560},\"interlock\":{\"length\":\"2.32\",\"cost\":3080},\"steel\":{\"quantity\":\"35.75\",\"cost\":13585},\"net\":{\"area\":\"242.00\",\"cost\":0},\"netRubber\":{\"quantity\":\"15.68\",\"cost\":1411.2},\"burshi\":{\"length\":\"154.00\",\"cost\":770}},\"hardware\":{\"locks\":{\"quantity\":1,\"cost\":0},\"dummy\":{\"quantity\":2,\"cost\":0},\"boofer\":{\"quantity\":2,\"cost\":0},\"stopper\":{\"quantity\":2,\"cost\":80},\"doubleWheel\":{\"quantity\":2,\"cost\":0},\"netWheel\":{\"quantity\":2,\"cost\":20},\"sadaScrew\":{\"quantity\":20,\"cost\":100},\"fittingScrew\":{\"quantity\":20,\"cost\":100},\"selfScrew\":{\"quantity\":125,\"cost\":625},\"rawalPlug\":{\"quantity\":20,\"cost\":0},\"siliconWhite\":{\"quantity\":2,\"cost\":0},\"holeCaps\":{\"quantity\":20,\"cost\":40},\"waterCaps\":{\"quantity\":2,\"cost\":0}},\"totals\":{\"materials\":58226.2,\"hardware\":965,\"glass\":96800,\"grandTotal\":155991.2}}', '2025-07-11 21:15:29', NULL),
(217, 33, 1, '2PSL', 22.00, 22.00, 1, 484.00, 155991.20, '{\"dimensions\":{\"height\":22,\"width\":22,\"quantity\":1,\"area\":484},\"materials\":{\"frame\":{\"length\":\"4.63\",\"cost\":9680},\"sash\":{\"length\":\"6.95\",\"cost\":13200},\"netSash\":{\"length\":\"3.47\",\"cost\":5940},\"beading\":{\"length\":\"6.95\",\"cost\":10560},\"interlock\":{\"length\":\"2.32\",\"cost\":3080},\"steel\":{\"quantity\":\"35.75\",\"cost\":13585},\"net\":{\"area\":\"242.00\",\"cost\":0},\"netRubber\":{\"quantity\":\"15.68\",\"cost\":1411.2},\"burshi\":{\"length\":\"154.00\",\"cost\":770}},\"hardware\":{\"locks\":{\"quantity\":1,\"cost\":0},\"dummy\":{\"quantity\":2,\"cost\":0},\"boofer\":{\"quantity\":2,\"cost\":0},\"stopper\":{\"quantity\":2,\"cost\":80},\"doubleWheel\":{\"quantity\":2,\"cost\":0},\"netWheel\":{\"quantity\":2,\"cost\":20},\"sadaScrew\":{\"quantity\":20,\"cost\":100},\"fittingScrew\":{\"quantity\":20,\"cost\":100},\"selfScrew\":{\"quantity\":125,\"cost\":625},\"rawalPlug\":{\"quantity\":20,\"cost\":0},\"siliconWhite\":{\"quantity\":2,\"cost\":0},\"holeCaps\":{\"quantity\":20,\"cost\":40},\"waterCaps\":{\"quantity\":2,\"cost\":0}},\"totals\":{\"materials\":58226.2,\"hardware\":965,\"glass\":96800,\"grandTotal\":155991.2}}', '2025-07-11 21:15:33', NULL),
(218, 33, 1, '2PSL', 11.00, 11.00, 1, 121.00, 54278.20, '{\"dimensions\":{\"height\":11,\"width\":11,\"quantity\":1,\"area\":121},\"materials\":{\"frame\":{\"length\":\"2.32\",\"cost\":4840},\"sash\":{\"length\":\"3.47\",\"cost\":6600},\"netSash\":{\"length\":\"1.74\",\"cost\":2970},\"beading\":{\"length\":\"3.47\",\"cost\":5280},\"interlock\":{\"length\":\"1.16\",\"cost\":1540},\"steel\":{\"quantity\":\"17.88\",\"cost\":6792.6},\"net\":{\"area\":\"60.50\",\"cost\":0},\"netRubber\":{\"quantity\":\"7.84\",\"cost\":705.6},\"burshi\":{\"length\":\"77.00\",\"cost\":385}},\"hardware\":{\"locks\":{\"quantity\":1,\"cost\":0},\"dummy\":{\"quantity\":2,\"cost\":0},\"boofer\":{\"quantity\":2,\"cost\":0},\"stopper\":{\"quantity\":2,\"cost\":80},\"doubleWheel\":{\"quantity\":2,\"cost\":0},\"netWheel\":{\"quantity\":2,\"cost\":20},\"sadaScrew\":{\"quantity\":20,\"cost\":100},\"fittingScrew\":{\"quantity\":20,\"cost\":100},\"selfScrew\":{\"quantity\":125,\"cost\":625},\"rawalPlug\":{\"quantity\":20,\"cost\":0},\"siliconWhite\":{\"quantity\":2,\"cost\":0},\"holeCaps\":{\"quantity\":20,\"cost\":40},\"waterCaps\":{\"quantity\":2,\"cost\":0}},\"totals\":{\"materials\":29113.199999999997,\"hardware\":965,\"glass\":24200,\"grandTotal\":54278.2}}', '2025-07-12 05:28:28', NULL),
(219, 33, 1, '3PSL', 22.00, 22.00, 1, 484.00, 148889.10, '{\"dimensions\":{\"height\":22,\"width\":22,\"quantity\":1,\"area\":484},\"materials\":{\"frame\":{\"length\":\"4.63\",\"cost\":9680},\"sash\":{\"length\":\"8.34\",\"cost\":15840.000000000004},\"netSash\":{\"length\":\"4.17\",\"cost\":7128.000000000002},\"beading\":{\"length\":\"8.34\",\"cost\":12672.000000000004},\"interlock\":{\"length\":\"2.78\",\"cost\":3696.0000000000005},\"steel\":{\"quantity\":\"40.70\",\"cost\":814},\"net\":{\"area\":\"322.67\",\"cost\":0},\"netRubber\":{\"quantity\":\"0.99\",\"cost\":89.10000000000002},\"burshi\":{\"length\":\"242.00\",\"cost\":1210}},\"hardware\":{\"locks\":{\"quantity\":2,\"cost\":0},\"dummy\":{\"quantity\":2,\"cost\":0},\"boofer\":{\"quantity\":4,\"cost\":0},\"stopper\":{\"quantity\":4,\"cost\":160},\"doubleWheel\":{\"quantity\":4,\"cost\":0},\"netWheel\":{\"quantity\":4,\"cost\":40},\"sadaScrew\":{\"quantity\":40,\"cost\":200},\"fittingScrew\":{\"quantity\":30,\"cost\":150},\"selfScrew\":{\"quantity\":70,\"cost\":350},\"rawalPlug\":{\"quantity\":30,\"cost\":0},\"siliconWhite\":{\"quantity\":2,\"cost\":0},\"holeCaps\":{\"quantity\":30,\"cost\":60},\"waterCaps\":{\"quantity\":2,\"cost\":0}},\"totals\":{\"materials\":51129.10000000001,\"hardware\":960,\"glass\":96800,\"grandTotal\":148889.1}}', '2025-07-12 05:28:56', NULL),
(220, 33, 1, 'Fix Window', 33.00, 33.00, 1, 1089.00, 243415.00, '{\"dimensions\":{\"height\":33,\"width\":33,\"quantity\":1,\"area\":1089},\"materials\":{\"frame\":{\"length\":\"6.95\",\"cost\":14520},\"beading\":{\"length\":\"6.95\",\"cost\":10560},\"steel\":{\"quantity\":\"16.50\",\"cost\":330}},\"hardware\":{\"selfScrew\":{\"quantity\":20,\"cost\":100},\"fittingScrew\":{\"quantity\":15,\"cost\":75},\"holeCaps\":{\"quantity\":15,\"cost\":30},\"rawalPlug\":{\"quantity\":15,\"cost\":0}},\"totals\":{\"materials\":25410,\"hardware\":205,\"glass\":217800,\"grandTotal\":243415}}', '2025-07-12 05:29:38', NULL),
(221, 33, 1, 'Top Hung', 44.00, 44.00, 1, 1936.00, 446815.00, '{\"dimensions\":{\"height\":44,\"width\":44,\"quantity\":1,\"area\":1936},\"materials\":{\"frame\":{\"length\":\"9.26\",\"cost\":19360},\"sash\":{\"length\":\"9.26\",\"cost\":17600},\"beading\":{\"length\":\"9.26\",\"cost\":14080},\"steel\":{\"quantity\":\"52.25\",\"cost\":8360}},\"hardware\":{\"Fitting Screw\":{\"quantity\":10,\"cost\":50},\"Rawal Plug\":{\"quantity\":10,\"cost\":0},\"Self Screw\":{\"quantity\":18,\"cost\":90},\"Sada Screw\":{\"quantity\":15,\"cost\":75},\"Silicon\":{\"quantity\":1,\"cost\":0},\"Lock\":{\"quantity\":1,\"cost\":0},\"Friction Hinges\":{\"quantity\":2,\"cost\":0}},\"totals\":{\"materials\":59400,\"hardware\":215,\"glass\":387200,\"grandTotal\":446815}}', '2025-07-12 05:30:10', NULL),
(222, 33, 1, 'Door', 55.00, 55.00, 1, 3025.00, 806587.50, '{\"dimensions\":{\"height\":55,\"width\":55,\"quantity\":1,\"area\":3025},\"materials\":{\"frame\":{\"length\":\"8.68\",\"cost\":18150},\"sash\":{\"length\":\"11.58\",\"cost\":13200},\"beading\":{\"length\":\"11.58\",\"cost\":17600},\"panel\":{\"length\":\"477.63\",\"cost\":453750},\"steel\":{\"quantity\":\"48.13\",\"cost\":962.5},\"glass\":{\"area\":\"1512.50\",\"cost\":302500}},\"hardware\":{\"items\":{\"Fitting Screw\":15,\"Rawal Plug\":15,\"Silicon White\":2,\"Self Screw\":40,\"Sada Screw\":30,\"Hinges\":4,\"Locks\":1},\"costs\":{\"Fitting Screw\":75,\"Rawal Plug\":0,\"Silicon White\":0,\"Self Screw\":200,\"Sada Screw\":150,\"Hinges\":0,\"Locks\":0},\"total\":425},\"totals\":{\"materials\":503662.5,\"hardware\":425,\"glass\":302500,\"grandTotal\":806587.5}}', '2025-07-12 05:30:50', NULL),
(223, 33, 1, '2PSL', 22.00, 22.00, 1, 484.00, 155991.20, '{\"dimensions\":{\"height\":22,\"width\":22,\"quantity\":1,\"area\":484},\"materials\":{\"frame\":{\"length\":\"4.63\",\"cost\":9680},\"sash\":{\"length\":\"6.95\",\"cost\":13200},\"netSash\":{\"length\":\"3.47\",\"cost\":5940},\"beading\":{\"length\":\"6.95\",\"cost\":10560},\"interlock\":{\"length\":\"2.32\",\"cost\":3080},\"steel\":{\"quantity\":\"35.75\",\"cost\":13585},\"net\":{\"area\":\"242.00\",\"cost\":0},\"netRubber\":{\"quantity\":\"15.68\",\"cost\":1411.2},\"burshi\":{\"length\":\"154.00\",\"cost\":770}},\"hardware\":{\"locks\":{\"quantity\":1,\"cost\":0},\"dummy\":{\"quantity\":2,\"cost\":0},\"boofer\":{\"quantity\":2,\"cost\":0},\"stopper\":{\"quantity\":2,\"cost\":80},\"doubleWheel\":{\"quantity\":2,\"cost\":0},\"netWheel\":{\"quantity\":2,\"cost\":20},\"sadaScrew\":{\"quantity\":20,\"cost\":100},\"fittingScrew\":{\"quantity\":20,\"cost\":100},\"selfScrew\":{\"quantity\":125,\"cost\":625},\"rawalPlug\":{\"quantity\":20,\"cost\":0},\"siliconWhite\":{\"quantity\":2,\"cost\":0},\"holeCaps\":{\"quantity\":20,\"cost\":40},\"waterCaps\":{\"quantity\":2,\"cost\":0}},\"totals\":{\"materials\":58226.2,\"hardware\":965,\"glass\":96800,\"grandTotal\":155991.2}}', '2025-07-12 05:47:37', NULL),
(224, 33, 1, '3PSL', 33.00, 33.00, 1, 1089.00, 295453.65, '{\"dimensions\":{\"height\":33,\"width\":33,\"quantity\":1,\"area\":1089},\"materials\":{\"frame\":{\"length\":\"6.95\",\"cost\":14520},\"sash\":{\"length\":\"12.51\",\"cost\":23760.000000000004},\"netSash\":{\"length\":\"6.25\",\"cost\":10692.000000000002},\"beading\":{\"length\":\"12.51\",\"cost\":19008},\"interlock\":{\"length\":\"4.17\",\"cost\":5544.000000000001},\"steel\":{\"quantity\":\"61.05\",\"cost\":1221},\"net\":{\"area\":\"726.00\",\"cost\":0},\"netRubber\":{\"quantity\":\"1.49\",\"cost\":133.65},\"burshi\":{\"length\":\"363.00\",\"cost\":1815}},\"hardware\":{\"locks\":{\"quantity\":2,\"cost\":0},\"dummy\":{\"quantity\":2,\"cost\":0},\"boofer\":{\"quantity\":4,\"cost\":0},\"stopper\":{\"quantity\":4,\"cost\":160},\"doubleWheel\":{\"quantity\":4,\"cost\":0},\"netWheel\":{\"quantity\":4,\"cost\":40},\"sadaScrew\":{\"quantity\":40,\"cost\":200},\"fittingScrew\":{\"quantity\":30,\"cost\":150},\"selfScrew\":{\"quantity\":70,\"cost\":350},\"rawalPlug\":{\"quantity\":30,\"cost\":0},\"siliconWhite\":{\"quantity\":2,\"cost\":0},\"holeCaps\":{\"quantity\":30,\"cost\":60},\"waterCaps\":{\"quantity\":2,\"cost\":0}},\"totals\":{\"materials\":76693.65,\"hardware\":960,\"glass\":217800,\"grandTotal\":295453.65}}', '2025-07-12 05:49:29', NULL),
(225, 33, 1, '3PSL', 234.00, 234.00, 1, 54756.00, 11495987.70, '{\"dimensions\":{\"height\":234,\"width\":234,\"quantity\":1,\"area\":54756},\"materials\":{\"frame\":{\"length\":\"49.26\",\"cost\":102960},\"sash\":{\"length\":\"88.67\",\"cost\":168480},\"netSash\":{\"length\":\"44.34\",\"cost\":75816},\"beading\":{\"length\":\"88.67\",\"cost\":134784},\"interlock\":{\"length\":\"29.56\",\"cost\":39312},\"steel\":{\"quantity\":\"432.90\",\"cost\":8658},\"net\":{\"area\":\"36504.00\",\"cost\":0},\"netRubber\":{\"quantity\":\"10.53\",\"cost\":947.6999999999999},\"burshi\":{\"length\":\"2574.00\",\"cost\":12870}},\"hardware\":{\"locks\":{\"quantity\":2,\"cost\":0},\"dummy\":{\"quantity\":2,\"cost\":0},\"boofer\":{\"quantity\":4,\"cost\":0},\"stopper\":{\"quantity\":4,\"cost\":160},\"doubleWheel\":{\"quantity\":4,\"cost\":0},\"netWheel\":{\"quantity\":4,\"cost\":40},\"sadaScrew\":{\"quantity\":40,\"cost\":200},\"fittingScrew\":{\"quantity\":30,\"cost\":150},\"selfScrew\":{\"quantity\":70,\"cost\":350},\"rawalPlug\":{\"quantity\":30,\"cost\":0},\"siliconWhite\":{\"quantity\":2,\"cost\":0},\"holeCaps\":{\"quantity\":30,\"cost\":60},\"waterCaps\":{\"quantity\":2,\"cost\":0}},\"totals\":{\"materials\":543827.7,\"hardware\":960,\"glass\":10951200,\"grandTotal\":11495987.7}}', '2025-07-12 05:51:05', NULL),
(226, 33, 1, '2PSL', 33.00, 33.00, 1, 1089.00, 306103.50, '{\"dimensions\":{\"height\":33,\"width\":33,\"quantity\":1,\"area\":1089},\"materials\":{\"frame\":{\"length\":\"6.95\",\"cost\":14520},\"sash\":{\"length\":\"10.42\",\"cost\":19800},\"netSash\":{\"length\":\"5.21\",\"cost\":8910},\"beading\":{\"length\":\"10.42\",\"cost\":15840},\"interlock\":{\"length\":\"3.47\",\"cost\":4620},\"steel\":{\"quantity\":\"53.63\",\"cost\":20377.6},\"net\":{\"area\":\"544.50\",\"cost\":0},\"netRubber\":{\"quantity\":\"23.51\",\"cost\":2115.9},\"burshi\":{\"length\":\"231.00\",\"cost\":1155}},\"hardware\":{\"locks\":{\"quantity\":1,\"cost\":0},\"dummy\":{\"quantity\":2,\"cost\":0},\"boofer\":{\"quantity\":2,\"cost\":0},\"stopper\":{\"quantity\":2,\"cost\":80},\"doubleWheel\":{\"quantity\":2,\"cost\":0},\"netWheel\":{\"quantity\":2,\"cost\":20},\"sadaScrew\":{\"quantity\":20,\"cost\":100},\"fittingScrew\":{\"quantity\":20,\"cost\":100},\"selfScrew\":{\"quantity\":125,\"cost\":625},\"rawalPlug\":{\"quantity\":20,\"cost\":0},\"siliconWhite\":{\"quantity\":2,\"cost\":0},\"holeCaps\":{\"quantity\":20,\"cost\":40},\"waterCaps\":{\"quantity\":2,\"cost\":0}},\"totals\":{\"materials\":87338.5,\"hardware\":965,\"glass\":217800,\"grandTotal\":306103.5}}', '2025-07-12 05:54:44', NULL),
(227, 33, 1, '2PSL', 23.00, 2.00, 1, 46.00, 43031.70, '{\"dimensions\":{\"height\":23,\"width\":2,\"quantity\":1,\"area\":46},\"materials\":{\"frame\":{\"length\":\"2.63\",\"cost\":5500},\"sash\":{\"length\":\"3.95\",\"cost\":7500},\"netSash\":{\"length\":\"1.97\",\"cost\":3375},\"beading\":{\"length\":\"3.95\",\"cost\":6000},\"interlock\":{\"length\":\"1.32\",\"cost\":1750},\"steel\":{\"quantity\":\"20.31\",\"cost\":7718.8},\"net\":{\"area\":\"23.00\",\"cost\":0},\"netRubber\":{\"quantity\":\"8.91\",\"cost\":801.9},\"burshi\":{\"length\":\"161.00\",\"cost\":805}},\"hardware\":{\"locks\":{\"quantity\":1,\"cost\":0},\"dummy\":{\"quantity\":2,\"cost\":0},\"boofer\":{\"quantity\":2,\"cost\":0},\"stopper\":{\"quantity\":2,\"cost\":80},\"doubleWheel\":{\"quantity\":2,\"cost\":0},\"netWheel\":{\"quantity\":2,\"cost\":20},\"sadaScrew\":{\"quantity\":20,\"cost\":100},\"fittingScrew\":{\"quantity\":8,\"cost\":40},\"selfScrew\":{\"quantity\":25,\"cost\":125},\"rawalPlug\":{\"quantity\":8,\"cost\":0},\"siliconWhite\":{\"quantity\":2,\"cost\":0},\"holeCaps\":{\"quantity\":8,\"cost\":16},\"waterCaps\":{\"quantity\":2,\"cost\":0}},\"totals\":{\"materials\":33450.7,\"hardware\":381,\"glass\":9200,\"grandTotal\":43031.7}}', '2025-07-12 05:56:57', NULL),
(228, 33, 1, '2PSL', 22.00, 22.00, 1, 484.00, 155991.20, '{\"dimensions\":{\"height\":22,\"width\":22,\"quantity\":1,\"area\":484},\"materials\":{\"frame\":{\"length\":\"4.63\",\"cost\":9680},\"sash\":{\"length\":\"6.95\",\"cost\":13200},\"netSash\":{\"length\":\"3.47\",\"cost\":5940},\"beading\":{\"length\":\"6.95\",\"cost\":10560},\"interlock\":{\"length\":\"2.32\",\"cost\":3080},\"steel\":{\"quantity\":\"35.75\",\"cost\":13585},\"net\":{\"area\":\"242.00\",\"cost\":0},\"netRubber\":{\"quantity\":\"15.68\",\"cost\":1411.2},\"burshi\":{\"length\":\"154.00\",\"cost\":770}},\"hardware\":{\"locks\":{\"quantity\":1,\"cost\":0},\"dummy\":{\"quantity\":2,\"cost\":0},\"boofer\":{\"quantity\":2,\"cost\":0},\"stopper\":{\"quantity\":2,\"cost\":80},\"doubleWheel\":{\"quantity\":2,\"cost\":0},\"netWheel\":{\"quantity\":2,\"cost\":20},\"sadaScrew\":{\"quantity\":20,\"cost\":100},\"fittingScrew\":{\"quantity\":20,\"cost\":100},\"selfScrew\":{\"quantity\":125,\"cost\":625},\"rawalPlug\":{\"quantity\":20,\"cost\":0},\"siliconWhite\":{\"quantity\":2,\"cost\":0},\"holeCaps\":{\"quantity\":20,\"cost\":40},\"waterCaps\":{\"quantity\":2,\"cost\":0}},\"totals\":{\"materials\":58226.2,\"hardware\":965,\"glass\":96800,\"grandTotal\":155991.2}}', '2025-07-12 05:58:27', NULL),
(229, 33, 1, '2PSL', 33.00, 33.00, 1, 1089.00, 306103.50, '{\"dimensions\":{\"height\":33,\"width\":33,\"quantity\":1,\"area\":1089},\"materials\":{\"frame\":{\"length\":\"6.95\",\"cost\":14520},\"sash\":{\"length\":\"10.42\",\"cost\":19800},\"netSash\":{\"length\":\"5.21\",\"cost\":8910},\"beading\":{\"length\":\"10.42\",\"cost\":15840},\"interlock\":{\"length\":\"3.47\",\"cost\":4620},\"steel\":{\"quantity\":\"53.63\",\"cost\":20377.6},\"net\":{\"area\":\"544.50\",\"cost\":0},\"netRubber\":{\"quantity\":\"23.51\",\"cost\":2115.9},\"burshi\":{\"length\":\"231.00\",\"cost\":1155}},\"hardware\":{\"locks\":{\"quantity\":1,\"cost\":0},\"dummy\":{\"quantity\":2,\"cost\":0},\"boofer\":{\"quantity\":2,\"cost\":0},\"stopper\":{\"quantity\":2,\"cost\":80},\"doubleWheel\":{\"quantity\":2,\"cost\":0},\"netWheel\":{\"quantity\":2,\"cost\":20},\"sadaScrew\":{\"quantity\":20,\"cost\":100},\"fittingScrew\":{\"quantity\":20,\"cost\":100},\"selfScrew\":{\"quantity\":125,\"cost\":625},\"rawalPlug\":{\"quantity\":20,\"cost\":0},\"siliconWhite\":{\"quantity\":2,\"cost\":0},\"holeCaps\":{\"quantity\":20,\"cost\":40},\"waterCaps\":{\"quantity\":2,\"cost\":0}},\"totals\":{\"materials\":87338.5,\"hardware\":965,\"glass\":217800,\"grandTotal\":306103.5}}', '2025-07-12 06:02:43', NULL),
(230, 33, 1, '3PSL', 33.00, 32.00, 1, 1056.00, 287699.13, '{\"dimensions\":{\"height\":33,\"width\":32,\"quantity\":1,\"area\":1056},\"materials\":{\"frame\":{\"length\":\"6.84\",\"cost\":14300},\"sash\":{\"length\":\"12.32\",\"cost\":23400},\"netSash\":{\"length\":\"6.16\",\"cost\":10530},\"beading\":{\"length\":\"12.32\",\"cost\":18720},\"interlock\":{\"length\":\"4.11\",\"cost\":5460},\"steel\":{\"quantity\":\"60.13\",\"cost\":1202.5000000000002},\"net\":{\"area\":\"704.00\",\"cost\":0},\"netRubber\":{\"quantity\":\"1.46\",\"cost\":131.625},\"burshi\":{\"length\":\"359.00\",\"cost\":1795}},\"hardware\":{\"locks\":{\"quantity\":2,\"cost\":0},\"dummy\":{\"quantity\":2,\"cost\":0},\"boofer\":{\"quantity\":4,\"cost\":0},\"stopper\":{\"quantity\":4,\"cost\":160},\"doubleWheel\":{\"quantity\":4,\"cost\":0},\"netWheel\":{\"quantity\":4,\"cost\":40},\"sadaScrew\":{\"quantity\":40,\"cost\":200},\"fittingScrew\":{\"quantity\":30,\"cost\":150},\"selfScrew\":{\"quantity\":70,\"cost\":350},\"rawalPlug\":{\"quantity\":30,\"cost\":0},\"siliconWhite\":{\"quantity\":2,\"cost\":0},\"holeCaps\":{\"quantity\":30,\"cost\":60},\"waterCaps\":{\"quantity\":2,\"cost\":0}},\"totals\":{\"materials\":75539.125,\"hardware\":960,\"glass\":211200,\"grandTotal\":287699.125}}', '2025-07-12 06:05:16', NULL),
(231, 33, 1, '2PSL', 22.00, 22.00, 1, 484.00, 155991.20, '{\"dimensions\":{\"height\":22,\"width\":22,\"quantity\":1,\"area\":484},\"materials\":{\"frame\":{\"length\":\"4.63\",\"cost\":9680},\"sash\":{\"length\":\"6.95\",\"cost\":13200},\"netSash\":{\"length\":\"3.47\",\"cost\":5940},\"beading\":{\"length\":\"6.95\",\"cost\":10560},\"interlock\":{\"length\":\"2.32\",\"cost\":3080},\"steel\":{\"quantity\":\"35.75\",\"cost\":13585},\"net\":{\"area\":\"242.00\",\"cost\":0},\"netRubber\":{\"quantity\":\"15.68\",\"cost\":1411.2},\"burshi\":{\"length\":\"154.00\",\"cost\":770}},\"hardware\":{\"locks\":{\"quantity\":1,\"cost\":0},\"dummy\":{\"quantity\":2,\"cost\":0},\"boofer\":{\"quantity\":2,\"cost\":0},\"stopper\":{\"quantity\":2,\"cost\":80},\"doubleWheel\":{\"quantity\":2,\"cost\":0},\"netWheel\":{\"quantity\":2,\"cost\":20},\"sadaScrew\":{\"quantity\":20,\"cost\":100},\"fittingScrew\":{\"quantity\":20,\"cost\":100},\"selfScrew\":{\"quantity\":125,\"cost\":625},\"rawalPlug\":{\"quantity\":20,\"cost\":0},\"siliconWhite\":{\"quantity\":2,\"cost\":0},\"holeCaps\":{\"quantity\":20,\"cost\":40},\"waterCaps\":{\"quantity\":2,\"cost\":0}},\"totals\":{\"materials\":58226.2,\"hardware\":965,\"glass\":96800,\"grandTotal\":155991.2}}', '2025-07-12 06:07:20', NULL),
(232, 33, 1, '2PSL', 22.00, 22.00, 1, 484.00, 155991.20, '{\"dimensions\":{\"height\":22,\"width\":22,\"quantity\":1,\"area\":484},\"materials\":{\"frame\":{\"length\":\"4.63\",\"cost\":9680},\"sash\":{\"length\":\"6.95\",\"cost\":13200},\"netSash\":{\"length\":\"3.47\",\"cost\":5940},\"beading\":{\"length\":\"6.95\",\"cost\":10560},\"interlock\":{\"length\":\"2.32\",\"cost\":3080},\"steel\":{\"quantity\":\"35.75\",\"cost\":13585},\"net\":{\"area\":\"242.00\",\"cost\":0},\"netRubber\":{\"quantity\":\"15.68\",\"cost\":1411.2},\"burshi\":{\"length\":\"154.00\",\"cost\":770}},\"hardware\":{\"locks\":{\"quantity\":1,\"cost\":0},\"dummy\":{\"quantity\":2,\"cost\":0},\"boofer\":{\"quantity\":2,\"cost\":0},\"stopper\":{\"quantity\":2,\"cost\":80},\"doubleWheel\":{\"quantity\":2,\"cost\":0},\"netWheel\":{\"quantity\":2,\"cost\":20},\"sadaScrew\":{\"quantity\":20,\"cost\":100},\"fittingScrew\":{\"quantity\":20,\"cost\":100},\"selfScrew\":{\"quantity\":125,\"cost\":625},\"rawalPlug\":{\"quantity\":20,\"cost\":0},\"siliconWhite\":{\"quantity\":2,\"cost\":0},\"holeCaps\":{\"quantity\":20,\"cost\":40},\"waterCaps\":{\"quantity\":2,\"cost\":0}},\"totals\":{\"materials\":58226.2,\"hardware\":965,\"glass\":96800,\"grandTotal\":155991.2}}', '2025-07-12 06:11:54', NULL),
(233, 33, 1, '2PSL', 22.00, 22.00, 1, 484.00, 155991.20, '{\"dimensions\":{\"height\":22,\"width\":22,\"quantity\":1,\"area\":484},\"materials\":{\"frame\":{\"length\":\"4.63\",\"cost\":9680},\"sash\":{\"length\":\"6.95\",\"cost\":13200},\"netSash\":{\"length\":\"3.47\",\"cost\":5940},\"beading\":{\"length\":\"6.95\",\"cost\":10560},\"interlock\":{\"length\":\"2.32\",\"cost\":3080},\"steel\":{\"quantity\":\"35.75\",\"cost\":13585},\"net\":{\"area\":\"242.00\",\"cost\":0},\"netRubber\":{\"quantity\":\"15.68\",\"cost\":1411.2},\"burshi\":{\"length\":\"154.00\",\"cost\":770}},\"hardware\":{\"locks\":{\"quantity\":1,\"cost\":0},\"dummy\":{\"quantity\":2,\"cost\":0},\"boofer\":{\"quantity\":2,\"cost\":0},\"stopper\":{\"quantity\":2,\"cost\":80},\"doubleWheel\":{\"quantity\":2,\"cost\":0},\"netWheel\":{\"quantity\":2,\"cost\":20},\"sadaScrew\":{\"quantity\":20,\"cost\":100},\"fittingScrew\":{\"quantity\":20,\"cost\":100},\"selfScrew\":{\"quantity\":125,\"cost\":625},\"rawalPlug\":{\"quantity\":20,\"cost\":0},\"siliconWhite\":{\"quantity\":2,\"cost\":0},\"holeCaps\":{\"quantity\":20,\"cost\":40},\"waterCaps\":{\"quantity\":2,\"cost\":0}},\"totals\":{\"materials\":58226.2,\"hardware\":965,\"glass\":96800,\"grandTotal\":155991.2}}', '2025-07-12 06:33:20', NULL),
(234, 33, 1, '2PSL', 22.00, 22.00, 1, 484.00, 155991.20, '{\"dimensions\":{\"height\":22,\"width\":22,\"quantity\":1,\"area\":484},\"materials\":{\"frame\":{\"length\":\"4.63\",\"cost\":9680},\"sash\":{\"length\":\"6.95\",\"cost\":13200},\"netSash\":{\"length\":\"3.47\",\"cost\":5940},\"beading\":{\"length\":\"6.95\",\"cost\":10560},\"interlock\":{\"length\":\"2.32\",\"cost\":3080},\"steel\":{\"quantity\":\"35.75\",\"cost\":13585},\"net\":{\"area\":\"242.00\",\"cost\":0},\"netRubber\":{\"quantity\":\"15.68\",\"cost\":1411.2},\"burshi\":{\"length\":\"154.00\",\"cost\":770}},\"hardware\":{\"locks\":{\"quantity\":1,\"cost\":0},\"dummy\":{\"quantity\":2,\"cost\":0},\"boofer\":{\"quantity\":2,\"cost\":0},\"stopper\":{\"quantity\":2,\"cost\":80},\"doubleWheel\":{\"quantity\":2,\"cost\":0},\"netWheel\":{\"quantity\":2,\"cost\":20},\"sadaScrew\":{\"quantity\":20,\"cost\":100},\"fittingScrew\":{\"quantity\":20,\"cost\":100},\"selfScrew\":{\"quantity\":125,\"cost\":625},\"rawalPlug\":{\"quantity\":20,\"cost\":0},\"siliconWhite\":{\"quantity\":2,\"cost\":0},\"holeCaps\":{\"quantity\":20,\"cost\":40},\"waterCaps\":{\"quantity\":2,\"cost\":0}},\"totals\":{\"materials\":58226.2,\"hardware\":965,\"glass\":96800,\"grandTotal\":155991.2}}', '2025-07-12 06:35:23', NULL),
(235, 33, 1, '2PSL', 22.00, 22.00, 1, 484.00, 155991.20, '{\"dimensions\":{\"height\":22,\"width\":22,\"quantity\":1,\"area\":484},\"materials\":{\"frame\":{\"length\":\"4.63\",\"cost\":9680},\"sash\":{\"length\":\"6.95\",\"cost\":13200},\"netSash\":{\"length\":\"3.47\",\"cost\":5940},\"beading\":{\"length\":\"6.95\",\"cost\":10560},\"interlock\":{\"length\":\"2.32\",\"cost\":3080},\"steel\":{\"quantity\":\"35.75\",\"cost\":13585},\"net\":{\"area\":\"242.00\",\"cost\":0},\"netRubber\":{\"quantity\":\"15.68\",\"cost\":1411.2},\"burshi\":{\"length\":\"154.00\",\"cost\":770}},\"hardware\":{\"locks\":{\"quantity\":1,\"cost\":0},\"dummy\":{\"quantity\":2,\"cost\":0},\"boofer\":{\"quantity\":2,\"cost\":0},\"stopper\":{\"quantity\":2,\"cost\":80},\"doubleWheel\":{\"quantity\":2,\"cost\":0},\"netWheel\":{\"quantity\":2,\"cost\":20},\"sadaScrew\":{\"quantity\":20,\"cost\":100},\"fittingScrew\":{\"quantity\":20,\"cost\":100},\"selfScrew\":{\"quantity\":125,\"cost\":625},\"rawalPlug\":{\"quantity\":20,\"cost\":0},\"siliconWhite\":{\"quantity\":2,\"cost\":0},\"holeCaps\":{\"quantity\":20,\"cost\":40},\"waterCaps\":{\"quantity\":2,\"cost\":0}},\"totals\":{\"materials\":58226.2,\"hardware\":965,\"glass\":96800,\"grandTotal\":155991.2}}', '2025-07-12 06:42:15', NULL),
(236, 33, 1, '2PSL', 33.00, 23.00, 1, 759.00, 227045.50, '{\"dimensions\":{\"height\":33,\"width\":23,\"quantity\":1,\"area\":759},\"materials\":{\"frame\":{\"length\":\"5.89\",\"cost\":12320},\"sash\":{\"length\":\"8.84\",\"cost\":16800},\"netSash\":{\"length\":\"4.42\",\"cost\":7560},\"beading\":{\"length\":\"8.84\",\"cost\":13440},\"interlock\":{\"length\":\"2.95\",\"cost\":3920},\"steel\":{\"quantity\":\"45.50\",\"cost\":17290},\"net\":{\"area\":\"379.50\",\"cost\":0},\"netRubber\":{\"quantity\":\"19.95\",\"cost\":1795.5},\"burshi\":{\"length\":\"231.00\",\"cost\":1155}},\"hardware\":{\"locks\":{\"quantity\":1,\"cost\":0},\"dummy\":{\"quantity\":2,\"cost\":0},\"boofer\":{\"quantity\":2,\"cost\":0},\"stopper\":{\"quantity\":2,\"cost\":80},\"doubleWheel\":{\"quantity\":2,\"cost\":0},\"netWheel\":{\"quantity\":2,\"cost\":20},\"sadaScrew\":{\"quantity\":20,\"cost\":100},\"fittingScrew\":{\"quantity\":20,\"cost\":100},\"selfScrew\":{\"quantity\":125,\"cost\":625},\"rawalPlug\":{\"quantity\":20,\"cost\":0},\"siliconWhite\":{\"quantity\":2,\"cost\":0},\"holeCaps\":{\"quantity\":20,\"cost\":40},\"waterCaps\":{\"quantity\":2,\"cost\":0}},\"totals\":{\"materials\":74280.5,\"hardware\":965,\"glass\":151800,\"grandTotal\":227045.5}}', '2025-07-12 06:46:49', NULL),
(237, 33, 1, '2PSL', 332.00, 234.00, 1, 77688.00, 16289275.20, '{\"dimensions\":{\"height\":332,\"width\":234,\"quantity\":1,\"area\":77688},\"materials\":{\"frame\":{\"length\":\"59.58\",\"cost\":124520},\"sash\":{\"length\":\"89.37\",\"cost\":169800},\"netSash\":{\"length\":\"44.68\",\"cost\":76410},\"beading\":{\"length\":\"89.37\",\"cost\":135840},\"interlock\":{\"length\":\"29.79\",\"cost\":39620},\"steel\":{\"quantity\":\"459.88\",\"cost\":174752.59999999998},\"net\":{\"area\":\"38844.00\",\"cost\":0},\"netRubber\":{\"quantity\":\"201.64\",\"cost\":18147.6},\"burshi\":{\"length\":\"2324.00\",\"cost\":11620}},\"hardware\":{\"locks\":{\"quantity\":1,\"cost\":0},\"dummy\":{\"quantity\":2,\"cost\":0},\"boofer\":{\"quantity\":2,\"cost\":0},\"stopper\":{\"quantity\":2,\"cost\":80},\"doubleWheel\":{\"quantity\":2,\"cost\":0},\"netWheel\":{\"quantity\":2,\"cost\":20},\"sadaScrew\":{\"quantity\":20,\"cost\":100},\"fittingScrew\":{\"quantity\":20,\"cost\":100},\"selfScrew\":{\"quantity\":125,\"cost\":625},\"rawalPlug\":{\"quantity\":20,\"cost\":0},\"siliconWhite\":{\"quantity\":2,\"cost\":0},\"holeCaps\":{\"quantity\":20,\"cost\":40},\"waterCaps\":{\"quantity\":2,\"cost\":0}},\"totals\":{\"materials\":750710.2,\"hardware\":965,\"glass\":15537600,\"grandTotal\":16289275.2}}', '2025-07-12 06:49:54', NULL),
(238, 33, 1, '2PSL', 334.00, 334.00, 1, 111556.00, 23196137.30, '{\"dimensions\":{\"height\":334,\"width\":334,\"quantity\":1,\"area\":111556},\"materials\":{\"frame\":{\"length\":\"70.32\",\"cost\":146960},\"sash\":{\"length\":\"105.47\",\"cost\":200400},\"netSash\":{\"length\":\"52.74\",\"cost\":90180},\"beading\":{\"length\":\"105.47\",\"cost\":160320},\"interlock\":{\"length\":\"35.16\",\"cost\":46760},\"steel\":{\"quantity\":\"542.75\",\"cost\":206245},\"net\":{\"area\":\"55778.00\",\"cost\":0},\"netRubber\":{\"quantity\":\"237.97\",\"cost\":21417.3},\"burshi\":{\"length\":\"2338.00\",\"cost\":11690}},\"hardware\":{\"locks\":{\"quantity\":1,\"cost\":0},\"dummy\":{\"quantity\":2,\"cost\":0},\"boofer\":{\"quantity\":2,\"cost\":0},\"stopper\":{\"quantity\":2,\"cost\":80},\"doubleWheel\":{\"quantity\":2,\"cost\":0},\"netWheel\":{\"quantity\":2,\"cost\":20},\"sadaScrew\":{\"quantity\":20,\"cost\":100},\"fittingScrew\":{\"quantity\":20,\"cost\":100},\"selfScrew\":{\"quantity\":125,\"cost\":625},\"rawalPlug\":{\"quantity\":20,\"cost\":0},\"siliconWhite\":{\"quantity\":2,\"cost\":0},\"holeCaps\":{\"quantity\":20,\"cost\":40},\"waterCaps\":{\"quantity\":2,\"cost\":0}},\"totals\":{\"materials\":883972.3,\"hardware\":965,\"glass\":22311200,\"grandTotal\":23196137.3}}', '2025-07-12 06:54:49', NULL),
(239, 33, 1, '2PSL', 43.00, 43.00, 1, 1849.00, 484570.20, '{\"dimensions\":{\"height\":43,\"width\":43,\"quantity\":1,\"area\":1849},\"materials\":{\"frame\":{\"length\":\"9.05\",\"cost\":18920},\"sash\":{\"length\":\"13.58\",\"cost\":25800},\"netSash\":{\"length\":\"6.79\",\"cost\":11610},\"beading\":{\"length\":\"13.58\",\"cost\":20640},\"interlock\":{\"length\":\"4.53\",\"cost\":6020},\"steel\":{\"quantity\":\"69.88\",\"cost\":26552.600000000002},\"net\":{\"area\":\"924.50\",\"cost\":0},\"netRubber\":{\"quantity\":\"30.64\",\"cost\":2757.6},\"burshi\":{\"length\":\"301.00\",\"cost\":1505}},\"hardware\":{\"locks\":{\"quantity\":1,\"cost\":0},\"dummy\":{\"quantity\":2,\"cost\":0},\"boofer\":{\"quantity\":2,\"cost\":0},\"stopper\":{\"quantity\":2,\"cost\":80},\"doubleWheel\":{\"quantity\":2,\"cost\":0},\"netWheel\":{\"quantity\":2,\"cost\":20},\"sadaScrew\":{\"quantity\":20,\"cost\":100},\"fittingScrew\":{\"quantity\":20,\"cost\":100},\"selfScrew\":{\"quantity\":125,\"cost\":625},\"rawalPlug\":{\"quantity\":20,\"cost\":0},\"siliconWhite\":{\"quantity\":2,\"cost\":0},\"holeCaps\":{\"quantity\":20,\"cost\":40},\"waterCaps\":{\"quantity\":2,\"cost\":0}},\"totals\":{\"materials\":113805.20000000001,\"hardware\":965,\"glass\":369800,\"grandTotal\":484570.2}}', '2025-07-12 06:59:19', NULL),
(240, 33, 1, '2PSL', 22.00, 22.00, 1, 484.00, 155991.20, '{\"dimensions\":{\"height\":22,\"width\":22,\"quantity\":1,\"area\":484},\"materials\":{\"frame\":{\"length\":\"4.63\",\"cost\":9680},\"sash\":{\"length\":\"6.95\",\"cost\":13200},\"netSash\":{\"length\":\"3.47\",\"cost\":5940},\"beading\":{\"length\":\"6.95\",\"cost\":10560},\"interlock\":{\"length\":\"2.32\",\"cost\":3080},\"steel\":{\"quantity\":\"35.75\",\"cost\":13585},\"net\":{\"area\":\"242.00\",\"cost\":0},\"netRubber\":{\"quantity\":\"15.68\",\"cost\":1411.2},\"burshi\":{\"length\":\"154.00\",\"cost\":770}},\"hardware\":{\"locks\":{\"quantity\":1,\"cost\":0},\"dummy\":{\"quantity\":2,\"cost\":0},\"boofer\":{\"quantity\":2,\"cost\":0},\"stopper\":{\"quantity\":2,\"cost\":80},\"doubleWheel\":{\"quantity\":2,\"cost\":0},\"netWheel\":{\"quantity\":2,\"cost\":20},\"sadaScrew\":{\"quantity\":20,\"cost\":100},\"fittingScrew\":{\"quantity\":20,\"cost\":100},\"selfScrew\":{\"quantity\":125,\"cost\":625},\"rawalPlug\":{\"quantity\":20,\"cost\":0},\"siliconWhite\":{\"quantity\":2,\"cost\":0},\"holeCaps\":{\"quantity\":20,\"cost\":40},\"waterCaps\":{\"quantity\":2,\"cost\":0}},\"totals\":{\"materials\":58226.2,\"hardware\":965,\"glass\":96800,\"grandTotal\":155991.2}}', '2025-07-12 07:00:26', NULL),
(241, 33, 1, '2PSL', 123.00, 123.00, 1, 15129.00, 3352300.20, '{\"dimensions\":{\"height\":123,\"width\":123,\"quantity\":1,\"area\":15129},\"materials\":{\"frame\":{\"length\":\"25.89\",\"cost\":54120},\"sash\":{\"length\":\"38.84\",\"cost\":73800},\"netSash\":{\"length\":\"19.42\",\"cost\":33210},\"beading\":{\"length\":\"38.84\",\"cost\":59040},\"interlock\":{\"length\":\"12.95\",\"cost\":17220},\"steel\":{\"quantity\":\"199.88\",\"cost\":75952.6},\"net\":{\"area\":\"7564.50\",\"cost\":0},\"netRubber\":{\"quantity\":\"87.64\",\"cost\":7887.6},\"burshi\":{\"length\":\"861.00\",\"cost\":4305}},\"hardware\":{\"locks\":{\"quantity\":1,\"cost\":0},\"dummy\":{\"quantity\":2,\"cost\":0},\"boofer\":{\"quantity\":2,\"cost\":0},\"stopper\":{\"quantity\":2,\"cost\":80},\"doubleWheel\":{\"quantity\":2,\"cost\":0},\"netWheel\":{\"quantity\":2,\"cost\":20},\"sadaScrew\":{\"quantity\":20,\"cost\":100},\"fittingScrew\":{\"quantity\":20,\"cost\":100},\"selfScrew\":{\"quantity\":125,\"cost\":625},\"rawalPlug\":{\"quantity\":20,\"cost\":0},\"siliconWhite\":{\"quantity\":2,\"cost\":0},\"holeCaps\":{\"quantity\":20,\"cost\":40},\"waterCaps\":{\"quantity\":2,\"cost\":0}},\"totals\":{\"materials\":325535.19999999995,\"hardware\":965,\"glass\":3025800,\"grandTotal\":3352300.2}}', '2025-07-12 07:02:21', NULL),
(242, 33, 1, '2PSL', 22.00, 22.00, 1, 484.00, 155991.20, '{\"dimensions\":{\"height\":22,\"width\":22,\"quantity\":1,\"area\":484},\"materials\":{\"frame\":{\"length\":\"4.63\",\"cost\":9680},\"sash\":{\"length\":\"6.95\",\"cost\":13200},\"netSash\":{\"length\":\"3.47\",\"cost\":5940},\"beading\":{\"length\":\"6.95\",\"cost\":10560},\"interlock\":{\"length\":\"2.32\",\"cost\":3080},\"steel\":{\"quantity\":\"35.75\",\"cost\":13585},\"net\":{\"area\":\"242.00\",\"cost\":0},\"netRubber\":{\"quantity\":\"15.68\",\"cost\":1411.2},\"burshi\":{\"length\":\"154.00\",\"cost\":770}},\"hardware\":{\"locks\":{\"quantity\":1,\"cost\":0},\"dummy\":{\"quantity\":2,\"cost\":0},\"boofer\":{\"quantity\":2,\"cost\":0},\"stopper\":{\"quantity\":2,\"cost\":80},\"doubleWheel\":{\"quantity\":2,\"cost\":0},\"netWheel\":{\"quantity\":2,\"cost\":20},\"sadaScrew\":{\"quantity\":20,\"cost\":100},\"fittingScrew\":{\"quantity\":20,\"cost\":100},\"selfScrew\":{\"quantity\":125,\"cost\":625},\"rawalPlug\":{\"quantity\":20,\"cost\":0},\"siliconWhite\":{\"quantity\":2,\"cost\":0},\"holeCaps\":{\"quantity\":20,\"cost\":40},\"waterCaps\":{\"quantity\":2,\"cost\":0}},\"totals\":{\"materials\":58226.2,\"hardware\":965,\"glass\":96800,\"grandTotal\":155991.2}}', '2025-07-12 07:19:52', NULL),
(243, 33, 1, '3PSL', 2.00, 22.00, 1, 44.00, 37498.60, '{\"dimensions\":{\"height\":2,\"width\":22,\"quantity\":1,\"area\":44},\"materials\":{\"frame\":{\"length\":\"2.53\",\"cost\":5280},\"sash\":{\"length\":\"4.55\",\"cost\":8640},\"netSash\":{\"length\":\"2.27\",\"cost\":3888.0000000000005},\"beading\":{\"length\":\"4.55\",\"cost\":6912},\"interlock\":{\"length\":\"1.52\",\"cost\":2016},\"steel\":{\"quantity\":\"22.20\",\"cost\":444.00000000000006},\"net\":{\"area\":\"29.33\",\"cost\":0},\"netRubber\":{\"quantity\":\"0.54\",\"cost\":48.6},\"burshi\":{\"length\":\"102.00\",\"cost\":510}},\"hardware\":{\"locks\":{\"quantity\":2,\"cost\":0},\"dummy\":{\"quantity\":2,\"cost\":0},\"boofer\":{\"quantity\":4,\"cost\":0},\"stopper\":{\"quantity\":4,\"cost\":160},\"doubleWheel\":{\"quantity\":4,\"cost\":0},\"netWheel\":{\"quantity\":4,\"cost\":40},\"sadaScrew\":{\"quantity\":40,\"cost\":200},\"fittingScrew\":{\"quantity\":30,\"cost\":150},\"selfScrew\":{\"quantity\":70,\"cost\":350},\"rawalPlug\":{\"quantity\":30,\"cost\":0},\"siliconWhite\":{\"quantity\":2,\"cost\":0},\"holeCaps\":{\"quantity\":30,\"cost\":60},\"waterCaps\":{\"quantity\":2,\"cost\":0}},\"totals\":{\"materials\":27738.6,\"hardware\":960,\"glass\":8800,\"grandTotal\":37498.6}}', '2025-07-12 08:01:46', NULL),
(244, 33, 1, '2PSL', 22.00, 22.00, 1, 484.00, 155991.20, '{\"dimensions\":{\"height\":22,\"width\":22,\"quantity\":1,\"area\":484},\"materials\":{\"frame\":{\"length\":\"4.63\",\"cost\":9680},\"sash\":{\"length\":\"6.95\",\"cost\":13200},\"netSash\":{\"length\":\"3.47\",\"cost\":5940},\"beading\":{\"length\":\"6.95\",\"cost\":10560},\"interlock\":{\"length\":\"2.32\",\"cost\":3080},\"steel\":{\"quantity\":\"35.75\",\"cost\":13585},\"net\":{\"area\":\"242.00\",\"cost\":0},\"netRubber\":{\"quantity\":\"15.68\",\"cost\":1411.2},\"burshi\":{\"length\":\"154.00\",\"cost\":770}},\"hardware\":{\"locks\":{\"quantity\":1,\"cost\":0},\"dummy\":{\"quantity\":2,\"cost\":0},\"boofer\":{\"quantity\":2,\"cost\":0},\"stopper\":{\"quantity\":2,\"cost\":80},\"doubleWheel\":{\"quantity\":2,\"cost\":0},\"netWheel\":{\"quantity\":2,\"cost\":20},\"sadaScrew\":{\"quantity\":20,\"cost\":100},\"fittingScrew\":{\"quantity\":20,\"cost\":100},\"selfScrew\":{\"quantity\":125,\"cost\":625},\"rawalPlug\":{\"quantity\":20,\"cost\":0},\"siliconWhite\":{\"quantity\":2,\"cost\":0},\"holeCaps\":{\"quantity\":20,\"cost\":40},\"waterCaps\":{\"quantity\":2,\"cost\":0}},\"totals\":{\"materials\":58226.2,\"hardware\":965,\"glass\":96800,\"grandTotal\":155991.2}}', '2025-07-12 08:42:17', NULL),
(245, 33, 1, '3PSL', 12.00, 12.00, 1, 144.00, 57648.60, '{\"dimensions\":{\"height\":12,\"width\":12,\"quantity\":1,\"area\":144},\"materials\":{\"frame\":{\"length\":\"2.53\",\"cost\":5280},\"sash\":{\"length\":\"4.55\",\"cost\":8640},\"netSash\":{\"length\":\"2.27\",\"cost\":3888.0000000000005},\"beading\":{\"length\":\"4.55\",\"cost\":6912},\"interlock\":{\"length\":\"1.52\",\"cost\":2016},\"steel\":{\"quantity\":\"22.20\",\"cost\":444.00000000000006},\"net\":{\"area\":\"96.00\",\"cost\":0},\"netRubber\":{\"quantity\":\"0.54\",\"cost\":48.6},\"burshi\":{\"length\":\"132.00\",\"cost\":660}},\"hardware\":{\"locks\":{\"quantity\":2,\"cost\":0},\"dummy\":{\"quantity\":2,\"cost\":0},\"boofer\":{\"quantity\":4,\"cost\":0},\"stopper\":{\"quantity\":4,\"cost\":160},\"doubleWheel\":{\"quantity\":4,\"cost\":0},\"netWheel\":{\"quantity\":4,\"cost\":40},\"sadaScrew\":{\"quantity\":40,\"cost\":200},\"fittingScrew\":{\"quantity\":30,\"cost\":150},\"selfScrew\":{\"quantity\":70,\"cost\":350},\"rawalPlug\":{\"quantity\":30,\"cost\":0},\"siliconWhite\":{\"quantity\":2,\"cost\":0},\"holeCaps\":{\"quantity\":30,\"cost\":60},\"waterCaps\":{\"quantity\":2,\"cost\":0}},\"totals\":{\"materials\":27888.6,\"hardware\":960,\"glass\":28800,\"grandTotal\":57648.6}}', '2025-07-12 08:48:35', NULL),
(246, 48, 1, '2PSL', 11.00, 11.00, 1, 121.00, 54278.20, '{\"dimensions\":{\"height\":11,\"width\":11,\"quantity\":1,\"area\":121},\"materials\":{\"frame\":{\"length\":\"2.32\",\"cost\":4840},\"sash\":{\"length\":\"3.47\",\"cost\":6600},\"netSash\":{\"length\":\"1.74\",\"cost\":2970},\"beading\":{\"length\":\"3.47\",\"cost\":5280},\"interlock\":{\"length\":\"1.16\",\"cost\":1540},\"steel\":{\"quantity\":\"17.88\",\"cost\":6792.6},\"net\":{\"area\":\"60.50\",\"cost\":0},\"netRubber\":{\"quantity\":\"7.84\",\"cost\":705.6},\"burshi\":{\"length\":\"77.00\",\"cost\":385}},\"hardware\":{\"locks\":{\"quantity\":1,\"cost\":0},\"dummy\":{\"quantity\":2,\"cost\":0},\"boofer\":{\"quantity\":2,\"cost\":0},\"stopper\":{\"quantity\":2,\"cost\":80},\"doubleWheel\":{\"quantity\":2,\"cost\":0},\"netWheel\":{\"quantity\":2,\"cost\":20},\"sadaScrew\":{\"quantity\":20,\"cost\":100},\"fittingScrew\":{\"quantity\":20,\"cost\":100},\"selfScrew\":{\"quantity\":125,\"cost\":625},\"rawalPlug\":{\"quantity\":20,\"cost\":0},\"siliconWhite\":{\"quantity\":2,\"cost\":0},\"holeCaps\":{\"quantity\":20,\"cost\":40},\"waterCaps\":{\"quantity\":2,\"cost\":0}},\"totals\":{\"materials\":29113.199999999997,\"hardware\":965,\"glass\":24200,\"grandTotal\":54278.2}}', '2025-07-12 10:43:14', NULL),
(247, 48, 1, '3PSL', 22.00, 22.00, 1, 484.00, 148889.10, '{\"dimensions\":{\"height\":22,\"width\":22,\"quantity\":1,\"area\":484},\"materials\":{\"frame\":{\"length\":\"4.63\",\"cost\":9680},\"sash\":{\"length\":\"8.34\",\"cost\":15840.000000000004},\"netSash\":{\"length\":\"4.17\",\"cost\":7128.000000000002},\"beading\":{\"length\":\"8.34\",\"cost\":12672.000000000004},\"interlock\":{\"length\":\"2.78\",\"cost\":3696.0000000000005},\"steel\":{\"quantity\":\"40.70\",\"cost\":814},\"net\":{\"area\":\"322.67\",\"cost\":0},\"netRubber\":{\"quantity\":\"0.99\",\"cost\":89.10000000000002},\"burshi\":{\"length\":\"242.00\",\"cost\":1210}},\"hardware\":{\"locks\":{\"quantity\":2,\"cost\":0},\"dummy\":{\"quantity\":2,\"cost\":0},\"boofer\":{\"quantity\":4,\"cost\":0},\"stopper\":{\"quantity\":4,\"cost\":160},\"doubleWheel\":{\"quantity\":4,\"cost\":0},\"netWheel\":{\"quantity\":4,\"cost\":40},\"sadaScrew\":{\"quantity\":40,\"cost\":200},\"fittingScrew\":{\"quantity\":30,\"cost\":150},\"selfScrew\":{\"quantity\":70,\"cost\":350},\"rawalPlug\":{\"quantity\":30,\"cost\":0},\"siliconWhite\":{\"quantity\":2,\"cost\":0},\"holeCaps\":{\"quantity\":30,\"cost\":60},\"waterCaps\":{\"quantity\":2,\"cost\":0}},\"totals\":{\"materials\":51129.10000000001,\"hardware\":960,\"glass\":96800,\"grandTotal\":148889.1}}', '2025-07-12 10:43:38', NULL),
(248, 48, 1, 'Fix Window', 33.00, 33.00, 1, 1089.00, 243415.00, '{\"dimensions\":{\"height\":33,\"width\":33,\"quantity\":1,\"area\":1089},\"materials\":{\"frame\":{\"length\":\"6.95\",\"cost\":14520},\"beading\":{\"length\":\"6.95\",\"cost\":10560},\"steel\":{\"quantity\":\"16.50\",\"cost\":330}},\"hardware\":{\"selfScrew\":{\"quantity\":20,\"cost\":100},\"fittingScrew\":{\"quantity\":15,\"cost\":75},\"holeCaps\":{\"quantity\":15,\"cost\":30},\"rawalPlug\":{\"quantity\":15,\"cost\":0}},\"totals\":{\"materials\":25410,\"hardware\":205,\"glass\":217800,\"grandTotal\":243415}}', '2025-07-12 10:44:07', NULL);
INSERT INTO `calculation_records` (`id`, `client_id`, `company_id`, `window_type`, `height`, `width`, `quantity`, `total_area`, `total_cost`, `calculation_data`, `created_at`, `svg_data`) VALUES
(249, 48, 1, 'Top Hung', 44.00, 44.00, 1, 1936.00, 446815.00, '{\"dimensions\":{\"height\":44,\"width\":44,\"quantity\":1,\"area\":1936},\"materials\":{\"frame\":{\"length\":\"9.26\",\"cost\":19360},\"sash\":{\"length\":\"9.26\",\"cost\":17600},\"beading\":{\"length\":\"9.26\",\"cost\":14080},\"steel\":{\"quantity\":\"52.25\",\"cost\":8360}},\"hardware\":{\"Fitting Screw\":{\"quantity\":10,\"cost\":50},\"Rawal Plug\":{\"quantity\":10,\"cost\":0},\"Self Screw\":{\"quantity\":18,\"cost\":90},\"Sada Screw\":{\"quantity\":15,\"cost\":75},\"Silicon\":{\"quantity\":1,\"cost\":0},\"Lock\":{\"quantity\":1,\"cost\":0},\"Friction Hinges\":{\"quantity\":2,\"cost\":0}},\"totals\":{\"materials\":59400,\"hardware\":215,\"glass\":387200,\"grandTotal\":446815}}', '2025-07-12 10:44:34', NULL),
(250, 48, 1, 'Door', 55.00, 55.00, 1, 3025.00, 806587.50, '{\"dimensions\":{\"height\":55,\"width\":55,\"quantity\":1,\"area\":3025},\"materials\":{\"frame\":{\"length\":\"8.68\",\"cost\":18150},\"sash\":{\"length\":\"11.58\",\"cost\":13200},\"beading\":{\"length\":\"11.58\",\"cost\":17600},\"panel\":{\"length\":\"477.63\",\"cost\":453750},\"steel\":{\"quantity\":\"48.13\",\"cost\":962.5},\"glass\":{\"area\":\"1512.50\",\"cost\":302500}},\"hardware\":{\"items\":{\"Fitting Screw\":15,\"Rawal Plug\":15,\"Silicon White\":2,\"Self Screw\":40,\"Sada Screw\":30,\"Hinges\":4,\"Locks\":1},\"costs\":{\"Fitting Screw\":75,\"Rawal Plug\":0,\"Silicon White\":0,\"Self Screw\":200,\"Sada Screw\":150,\"Hinges\":0,\"Locks\":0},\"total\":425},\"totals\":{\"materials\":503662.5,\"hardware\":425,\"glass\":302500,\"grandTotal\":806587.5}}', '2025-07-12 10:45:05', NULL),
(251, 48, 1, '2PSL', 22.00, 11.00, 1, 242.00, 93227.20, '{\"dimensions\":{\"height\":22,\"width\":11,\"quantity\":1,\"area\":242},\"materials\":{\"frame\":{\"length\":\"3.47\",\"cost\":7260},\"sash\":{\"length\":\"5.21\",\"cost\":9900},\"netSash\":{\"length\":\"2.61\",\"cost\":4455},\"beading\":{\"length\":\"5.21\",\"cost\":7920},\"interlock\":{\"length\":\"1.74\",\"cost\":2310},\"steel\":{\"quantity\":\"26.81\",\"cost\":10188.8},\"net\":{\"area\":\"121.00\",\"cost\":0},\"netRubber\":{\"quantity\":\"11.76\",\"cost\":1058.4},\"burshi\":{\"length\":\"154.00\",\"cost\":770}},\"hardware\":{\"locks\":{\"quantity\":1,\"cost\":0},\"dummy\":{\"quantity\":2,\"cost\":0},\"boofer\":{\"quantity\":2,\"cost\":0},\"stopper\":{\"quantity\":2,\"cost\":80},\"doubleWheel\":{\"quantity\":2,\"cost\":0},\"netWheel\":{\"quantity\":2,\"cost\":20},\"sadaScrew\":{\"quantity\":20,\"cost\":100},\"fittingScrew\":{\"quantity\":20,\"cost\":100},\"selfScrew\":{\"quantity\":125,\"cost\":625},\"rawalPlug\":{\"quantity\":20,\"cost\":0},\"siliconWhite\":{\"quantity\":2,\"cost\":0},\"holeCaps\":{\"quantity\":20,\"cost\":40},\"waterCaps\":{\"quantity\":2,\"cost\":0}},\"totals\":{\"materials\":43862.200000000004,\"hardware\":965,\"glass\":48400,\"grandTotal\":93227.20000000001}}', '2025-07-12 10:48:49', NULL),
(252, 48, 1, '3PSL', 33.00, 33.00, 1, 1089.00, 295453.65, '{\"dimensions\":{\"height\":33,\"width\":33,\"quantity\":1,\"area\":1089},\"materials\":{\"frame\":{\"length\":\"6.95\",\"cost\":14520},\"sash\":{\"length\":\"12.51\",\"cost\":23760.000000000004},\"netSash\":{\"length\":\"6.25\",\"cost\":10692.000000000002},\"beading\":{\"length\":\"12.51\",\"cost\":19008},\"interlock\":{\"length\":\"4.17\",\"cost\":5544.000000000001},\"steel\":{\"quantity\":\"61.05\",\"cost\":1221},\"net\":{\"area\":\"726.00\",\"cost\":0},\"netRubber\":{\"quantity\":\"1.49\",\"cost\":133.65},\"burshi\":{\"length\":\"363.00\",\"cost\":1815}},\"hardware\":{\"locks\":{\"quantity\":2,\"cost\":0},\"dummy\":{\"quantity\":2,\"cost\":0},\"boofer\":{\"quantity\":4,\"cost\":0},\"stopper\":{\"quantity\":4,\"cost\":160},\"doubleWheel\":{\"quantity\":4,\"cost\":0},\"netWheel\":{\"quantity\":4,\"cost\":40},\"sadaScrew\":{\"quantity\":40,\"cost\":200},\"fittingScrew\":{\"quantity\":30,\"cost\":150},\"selfScrew\":{\"quantity\":70,\"cost\":350},\"rawalPlug\":{\"quantity\":30,\"cost\":0},\"siliconWhite\":{\"quantity\":2,\"cost\":0},\"holeCaps\":{\"quantity\":30,\"cost\":60},\"waterCaps\":{\"quantity\":2,\"cost\":0}},\"totals\":{\"materials\":76693.65,\"hardware\":960,\"glass\":217800,\"grandTotal\":295453.65}}', '2025-07-12 10:51:22', NULL),
(253, 48, 1, 'Fix Window', 44.00, 44.00, 1, 1936.00, 421285.00, '{\"dimensions\":{\"height\":44,\"width\":44,\"quantity\":1,\"area\":1936},\"materials\":{\"frame\":{\"length\":\"9.26\",\"cost\":19360},\"beading\":{\"length\":\"9.26\",\"cost\":14080},\"steel\":{\"quantity\":\"22.00\",\"cost\":440}},\"hardware\":{\"selfScrew\":{\"quantity\":20,\"cost\":100},\"fittingScrew\":{\"quantity\":15,\"cost\":75},\"holeCaps\":{\"quantity\":15,\"cost\":30},\"rawalPlug\":{\"quantity\":15,\"cost\":0}},\"totals\":{\"materials\":33880,\"hardware\":205,\"glass\":387200,\"grandTotal\":421285}}', '2025-07-12 10:54:28', NULL),
(254, 48, 1, 'Top Hung', 55.00, 55.00, 1, 3025.00, 679465.00, '{\"dimensions\":{\"height\":55,\"width\":55,\"quantity\":1,\"area\":3025},\"materials\":{\"frame\":{\"length\":\"11.58\",\"cost\":24200},\"sash\":{\"length\":\"11.58\",\"cost\":22000},\"beading\":{\"length\":\"11.58\",\"cost\":17600},\"steel\":{\"quantity\":\"65.31\",\"cost\":10450}},\"hardware\":{\"Fitting Screw\":{\"quantity\":10,\"cost\":50},\"Rawal Plug\":{\"quantity\":10,\"cost\":0},\"Self Screw\":{\"quantity\":18,\"cost\":90},\"Sada Screw\":{\"quantity\":15,\"cost\":75},\"Silicon\":{\"quantity\":1,\"cost\":0},\"Lock\":{\"quantity\":1,\"cost\":0},\"Friction Hinges\":{\"quantity\":2,\"cost\":0}},\"totals\":{\"materials\":74250,\"hardware\":215,\"glass\":605000,\"grandTotal\":679465}}', '2025-07-12 10:55:04', NULL),
(255, 48, 1, 'Door', 66.00, 66.00, 1, 4356.00, 1149320.00, '{\"dimensions\":{\"height\":66,\"width\":66,\"quantity\":1,\"area\":4356},\"materials\":{\"frame\":{\"length\":\"10.42\",\"cost\":21780},\"sash\":{\"length\":\"13.89\",\"cost\":15840},\"beading\":{\"length\":\"13.89\",\"cost\":21120},\"panel\":{\"length\":\"687.79\",\"cost\":653400},\"steel\":{\"quantity\":\"57.75\",\"cost\":1155},\"glass\":{\"area\":\"2178.00\",\"cost\":435600}},\"hardware\":{\"items\":{\"Fitting Screw\":15,\"Rawal Plug\":15,\"Silicon White\":2,\"Self Screw\":40,\"Sada Screw\":30,\"Hinges\":4,\"Locks\":1},\"costs\":{\"Fitting Screw\":75,\"Rawal Plug\":0,\"Silicon White\":0,\"Self Screw\":200,\"Sada Screw\":150,\"Hinges\":0,\"Locks\":0},\"total\":425},\"totals\":{\"materials\":713295,\"hardware\":425,\"glass\":435600,\"grandTotal\":1149320}}', '2025-07-12 10:55:42', NULL),
(256, 48, 1, 'Door', 66.00, 66.00, 1, 4356.00, 1149320.00, '{\"dimensions\":{\"height\":66,\"width\":66,\"quantity\":1,\"area\":4356},\"materials\":{\"frame\":{\"length\":\"10.42\",\"cost\":21780},\"sash\":{\"length\":\"13.89\",\"cost\":15840},\"beading\":{\"length\":\"13.89\",\"cost\":21120},\"panel\":{\"length\":\"687.79\",\"cost\":653400},\"steel\":{\"quantity\":\"57.75\",\"cost\":1155},\"glass\":{\"area\":\"2178.00\",\"cost\":435600}},\"hardware\":{\"items\":{\"Fitting Screw\":15,\"Rawal Plug\":15,\"Silicon White\":2,\"Self Screw\":40,\"Sada Screw\":30,\"Hinges\":4,\"Locks\":1},\"costs\":{\"Fitting Screw\":75,\"Rawal Plug\":0,\"Silicon White\":0,\"Self Screw\":200,\"Sada Screw\":150,\"Hinges\":0,\"Locks\":0},\"total\":425},\"totals\":{\"materials\":713295,\"hardware\":425,\"glass\":435600,\"grandTotal\":1149320}}', '2025-07-12 10:57:32', NULL),
(257, 48, 1, 'Half Door', 77.00, 77.00, 1, 5929.00, 1268615.00, '{\"dimensions\":{\"height\":77,\"width\":77,\"quantity\":1,\"area\":5929},\"materials\":{\"frame\":{\"length\":\"12.16\",\"cost\":25410},\"sash\":{\"length\":\"16.21\",\"cost\":18480},\"mullion\":{\"length\":\"4.05\",\"cost\":0},\"beading\":{\"length\":\"24.32\",\"cost\":36960},\"steel\":{\"quantity\":\"77.00\",\"cost\":1540}},\"hardware\":{\"fitting_screw\":{\"quantity\":15,\"cost\":75},\"rawal_plug\":{\"quantity\":15,\"cost\":0},\"silicon\":{\"quantity\":2,\"cost\":0},\"self_screw\":{\"quantity\":40,\"cost\":200},\"sada_screw\":{\"quantity\":30,\"cost\":150},\"hinges\":{\"quantity\":4,\"cost\":0},\"locks\":{\"quantity\":1,\"cost\":0}},\"totals\":{\"materials\":82390,\"hardware\":425,\"glass\":1185800,\"grandTotal\":1268615}}', '2025-07-12 10:57:55', NULL),
(258, 48, 1, 'Half Door', 88.00, 88.00, 1, 7744.00, 1643385.00, '{\"dimensions\":{\"height\":88,\"width\":88,\"quantity\":1,\"area\":7744},\"materials\":{\"frame\":{\"length\":\"13.89\",\"cost\":29040},\"sash\":{\"length\":\"18.53\",\"cost\":21120},\"mullion\":{\"length\":\"4.63\",\"cost\":0},\"beading\":{\"length\":\"27.79\",\"cost\":42240},\"steel\":{\"quantity\":\"88.00\",\"cost\":1760}},\"hardware\":{\"fitting_screw\":{\"quantity\":15,\"cost\":75},\"rawal_plug\":{\"quantity\":15,\"cost\":0},\"silicon\":{\"quantity\":2,\"cost\":0},\"self_screw\":{\"quantity\":40,\"cost\":200},\"sada_screw\":{\"quantity\":30,\"cost\":150},\"hinges\":{\"quantity\":4,\"cost\":0},\"locks\":{\"quantity\":1,\"cost\":0}},\"totals\":{\"materials\":94160,\"hardware\":425,\"glass\":1548800,\"grandTotal\":1643385}}', '2025-07-12 10:59:17', NULL),
(259, 48, 1, 'Glass Door', 0.11, 0.11, 1, 0.00, 533.43, '{\"dimensions\":{\"height\":0.10826771653543307,\"width\":0.10826771653543307,\"quantity\":1,\"area\":0.011721898443796888},\"materials\":{\"frame\":{\"length\":\"0.02\",\"cost\":35.72834645669291},\"sash\":{\"length\":\"0.03\",\"cost\":38.976377952755904},\"mullion\":{\"length\":\"0.01\",\"cost\":0},\"beading\":{\"length\":\"0.03\",\"cost\":51.96850393700787},\"steel\":{\"quantity\":\"1.03\",\"cost\":20.57086614173228},\"full_panel\":{\"quantity\":\"0.00\",\"cost\":0.007711775291971636},\"half_panel\":{\"quantity\":\"0.00\",\"cost\":0.0030847101167886543}},\"hardware\":{\"fitting_screw\":{\"quantity\":15,\"cost\":75},\"rawal_plug\":{\"quantity\":15,\"cost\":0},\"silicon\":{\"quantity\":2,\"cost\":0},\"self_screw\":{\"quantity\":60,\"cost\":300},\"hinges\":{\"quantity\":8,\"cost\":0},\"locks\":{\"quantity\":1,\"cost\":0},\"tower_bolt\":{\"quantity\":1,\"cost\":10}},\"totals\":{\"materials\":147.25489097359772,\"hardware\":385,\"glass\":1.1721898443796888,\"grandTotal\":533.4270808179774}}', '2025-07-12 11:36:55', NULL),
(260, 48, 1, 'Half Door', 33.00, 33.00, 1, 1089.00, 253535.00, '{\"dimensions\":{\"height\":33,\"width\":33,\"quantity\":1,\"area\":1089},\"materials\":{\"frame\":{\"length\":\"5.21\",\"cost\":10890},\"sash\":{\"length\":\"6.95\",\"cost\":7920},\"mullion\":{\"length\":\"1.74\",\"cost\":0},\"beading\":{\"length\":\"10.42\",\"cost\":15840},\"steel\":{\"quantity\":\"33.00\",\"cost\":660}},\"hardware\":{\"fitting_screw\":{\"quantity\":15,\"cost\":75},\"rawal_plug\":{\"quantity\":15,\"cost\":0},\"silicon\":{\"quantity\":2,\"cost\":0},\"self_screw\":{\"quantity\":40,\"cost\":200},\"sada_screw\":{\"quantity\":30,\"cost\":150},\"hinges\":{\"quantity\":4,\"cost\":0},\"locks\":{\"quantity\":1,\"cost\":0}},\"totals\":{\"materials\":35310,\"hardware\":425,\"glass\":217800,\"grandTotal\":253535}}', '2025-07-12 11:38:50', NULL),
(261, 38, 1, '3PSL', 123.00, 123.00, 1, 15129.00, 3312618.15, '{\"dimensions\":{\"height\":123,\"width\":123,\"quantity\":1,\"area\":15129},\"materials\":{\"frame\":{\"length\":\"25.89\",\"cost\":54120},\"sash\":{\"length\":\"46.61\",\"cost\":88560.00000000001},\"netSash\":{\"length\":\"23.31\",\"cost\":39852.00000000001},\"beading\":{\"length\":\"46.61\",\"cost\":70848.00000000001},\"interlock\":{\"length\":\"15.54\",\"cost\":20664.000000000004},\"steel\":{\"quantity\":\"227.55\",\"cost\":4551.000000000001},\"net\":{\"area\":\"10086.00\",\"cost\":0},\"netRubber\":{\"quantity\":\"5.54\",\"cost\":498.1500000000001},\"burshi\":{\"length\":\"1353.00\",\"cost\":6765}},\"hardware\":{\"locks\":{\"quantity\":2,\"cost\":0},\"dummy\":{\"quantity\":2,\"cost\":0},\"boofer\":{\"quantity\":4,\"cost\":0},\"stopper\":{\"quantity\":4,\"cost\":160},\"doubleWheel\":{\"quantity\":4,\"cost\":0},\"netWheel\":{\"quantity\":4,\"cost\":40},\"sadaScrew\":{\"quantity\":40,\"cost\":200},\"fittingScrew\":{\"quantity\":30,\"cost\":150},\"selfScrew\":{\"quantity\":70,\"cost\":350},\"rawalPlug\":{\"quantity\":30,\"cost\":0},\"siliconWhite\":{\"quantity\":2,\"cost\":0},\"holeCaps\":{\"quantity\":30,\"cost\":60},\"waterCaps\":{\"quantity\":2,\"cost\":0}},\"totals\":{\"materials\":285858.15,\"hardware\":960,\"glass\":3025800,\"grandTotal\":3312618.15}}', '2025-07-12 11:44:53', NULL),
(262, 48, 1, 'Fix Window', 234.00, 234.00, 1, 54756.00, 11131585.00, '{\"dimensions\":{\"height\":234,\"width\":234,\"quantity\":1,\"area\":54756},\"materials\":{\"frame\":{\"length\":\"49.26\",\"cost\":102960},\"beading\":{\"length\":\"49.26\",\"cost\":74880},\"steel\":{\"quantity\":\"117.00\",\"cost\":2340}},\"hardware\":{\"selfScrew\":{\"quantity\":20,\"cost\":100},\"fittingScrew\":{\"quantity\":15,\"cost\":75},\"holeCaps\":{\"quantity\":15,\"cost\":30},\"rawalPlug\":{\"quantity\":15,\"cost\":0}},\"totals\":{\"materials\":180180,\"hardware\":205,\"glass\":10951200,\"grandTotal\":11131585}}', '2025-07-12 11:49:18', NULL),
(263, 33, 1, 'Door', 22.00, 22.00, 1, 484.00, 141390.00, '{\"dimensions\":{\"height\":22,\"width\":22,\"quantity\":1,\"area\":484},\"materials\":{\"frame\":{\"length\":\"3.47\",\"cost\":7260},\"sash\":{\"length\":\"4.63\",\"cost\":5280},\"beading\":{\"length\":\"4.63\",\"cost\":7040},\"panel\":{\"length\":\"76.42\",\"cost\":72600},\"steel\":{\"quantity\":\"19.25\",\"cost\":385},\"glass\":{\"area\":\"242.00\",\"cost\":48400}},\"hardware\":{\"items\":{\"Fitting Screw\":15,\"Rawal Plug\":15,\"Silicon White\":2,\"Self Screw\":40,\"Sada Screw\":30,\"Hinges\":4,\"Locks\":1},\"costs\":{\"Fitting Screw\":75,\"Rawal Plug\":0,\"Silicon White\":0,\"Self Screw\":200,\"Sada Screw\":150,\"Hinges\":0,\"Locks\":0},\"total\":425},\"totals\":{\"materials\":92565,\"hardware\":425,\"glass\":48400,\"grandTotal\":141390}}', '2025-07-12 11:52:05', NULL),
(264, 48, 1, 'Glass Door', 0.04, 0.07, 1, 0.00, 451.74, '{\"dimensions\":{\"height\":0.03937007874015748,\"width\":0.0688976377952756,\"quantity\":1,\"area\":0.00271250542501085},\"materials\":{\"frame\":{\"length\":\"0.01\",\"cost\":16.240157480314963},\"sash\":{\"length\":\"0.02\",\"cost\":17.716535433070867},\"mullion\":{\"length\":\"0.00\",\"cost\":0},\"beading\":{\"length\":\"0.02\",\"cost\":23.62204724409449},\"steel\":{\"quantity\":\"0.44\",\"cost\":8.882874015748031},\"full_panel\":{\"quantity\":\"0.00\",\"cost\":0.001784543042770296},\"half_panel\":{\"quantity\":\"0.00\",\"cost\":0.0007138172171081184}},\"hardware\":{\"fitting_screw\":{\"quantity\":15,\"cost\":75},\"rawal_plug\":{\"quantity\":15,\"cost\":0},\"silicon\":{\"quantity\":2,\"cost\":0},\"self_screw\":{\"quantity\":60,\"cost\":300},\"hinges\":{\"quantity\":8,\"cost\":0},\"locks\":{\"quantity\":1,\"cost\":0},\"tower_bolt\":{\"quantity\":1,\"cost\":10}},\"totals\":{\"materials\":66.46411253348823,\"hardware\":385,\"glass\":0.271250542501085,\"grandTotal\":451.7353630759893}}', '2025-07-12 12:03:17', NULL),
(265, 33, 1, 'Glass Door', 123.00, 234.00, 1, 28782.00, 3120937.24, '{\"dimensions\":{\"height\":123,\"width\":234,\"quantity\":1,\"area\":28782},\"materials\":{\"frame\":{\"length\":\"25.26\",\"cost\":52800},\"sash\":{\"length\":\"50.53\",\"cost\":57600},\"mullion\":{\"length\":\"6.47\",\"cost\":0},\"beading\":{\"length\":\"50.53\",\"cost\":76800},\"steel\":{\"quantity\":\"1432.13\",\"cost\":28642.5},\"full_panel\":{\"quantity\":\"378.71\",\"cost\":18935.526315789473},\"half_panel\":{\"quantity\":\"189.36\",\"cost\":7574.21052631579}},\"hardware\":{\"fitting_screw\":{\"quantity\":15,\"cost\":75},\"rawal_plug\":{\"quantity\":15,\"cost\":0},\"silicon\":{\"quantity\":2,\"cost\":0},\"self_screw\":{\"quantity\":60,\"cost\":300},\"hinges\":{\"quantity\":8,\"cost\":0},\"locks\":{\"quantity\":1,\"cost\":0},\"tower_bolt\":{\"quantity\":1,\"cost\":10}},\"totals\":{\"materials\":242352.23684210525,\"hardware\":385,\"glass\":2878200,\"grandTotal\":3120937.236842105}}', '2025-07-12 12:04:33', NULL),
(266, 48, 1, 'Half Door', 22.00, 22.00, 1, 484.00, 120765.00, '{\"dimensions\":{\"height\":22,\"width\":22,\"quantity\":1,\"area\":484},\"materials\":{\"frame\":{\"length\":\"3.47\",\"cost\":7260},\"sash\":{\"length\":\"4.63\",\"cost\":5280},\"mullion\":{\"length\":\"1.16\",\"cost\":0},\"beading\":{\"length\":\"6.95\",\"cost\":10560},\"steel\":{\"quantity\":\"22.00\",\"cost\":440}},\"hardware\":{\"fitting_screw\":{\"quantity\":15,\"cost\":75},\"rawal_plug\":{\"quantity\":15,\"cost\":0},\"silicon\":{\"quantity\":2,\"cost\":0},\"self_screw\":{\"quantity\":40,\"cost\":200},\"sada_screw\":{\"quantity\":30,\"cost\":150},\"hinges\":{\"quantity\":4,\"cost\":0},\"locks\":{\"quantity\":1,\"cost\":0}},\"totals\":{\"materials\":23540,\"hardware\":425,\"glass\":96800,\"grandTotal\":120765}}', '2025-07-12 12:06:35', NULL),
(267, 33, 1, 'Top Hung', 33.00, 33.00, 1, 1089.00, 262565.00, '{\"dimensions\":{\"height\":33,\"width\":33,\"quantity\":1,\"area\":1089},\"materials\":{\"frame\":{\"length\":\"6.95\",\"cost\":14520},\"sash\":{\"length\":\"6.95\",\"cost\":13200},\"beading\":{\"length\":\"6.95\",\"cost\":10560},\"steel\":{\"quantity\":\"39.19\",\"cost\":6270}},\"hardware\":{\"Fitting Screw\":{\"quantity\":10,\"cost\":50},\"Rawal Plug\":{\"quantity\":10,\"cost\":0},\"Self Screw\":{\"quantity\":18,\"cost\":90},\"Sada Screw\":{\"quantity\":15,\"cost\":75},\"Silicon\":{\"quantity\":1,\"cost\":0},\"Lock\":{\"quantity\":1,\"cost\":0},\"Friction Hinges\":{\"quantity\":2,\"cost\":0}},\"totals\":{\"materials\":44550,\"hardware\":215,\"glass\":217800,\"grandTotal\":262565}}', '2025-07-12 12:12:09', NULL),
(268, 48, 1, 'Openable Door', 543.00, 345.00, 1, 187335.00, 39367563.75, '{\"dimensions\":{\"height\":543,\"width\":345,\"quantity\":1,\"area\":187335},\"materials\":{\"frame\":{\"length\":\"93.47\",\"cost\":195360},\"sash\":{\"length\":\"264.95\",\"cost\":503400},\"mullion\":{\"length\":\"114.32\",\"cost\":152040},\"beading\":{\"length\":\"264.95\",\"cost\":402720},\"steel\":{\"quantity\":\"21741.94\",\"cost\":434838.75}},\"hardware\":{\"lock\":{\"quantity\":2,\"cost\":0},\"double_wheel\":{\"quantity\":4,\"cost\":0},\"net_wheel\":{\"quantity\":4,\"cost\":40},\"dummy\":{\"quantity\":4,\"cost\":0},\"boofer\":{\"quantity\":4,\"cost\":0},\"stoper\":{\"quantity\":4,\"cost\":160},\"fitting_screw\":{\"quantity\":30,\"cost\":150},\"rawal_plug\":{\"quantity\":30,\"cost\":0},\"silicon\":{\"quantity\":2,\"cost\":0},\"self_screw\":{\"quantity\":120,\"cost\":600},\"sada_screw\":{\"quantity\":50,\"cost\":250}},\"totals\":{\"materials\":1899363.75,\"hardware\":1200,\"glass\":37467000,\"grandTotal\":39367563.75}}', '2025-07-12 12:20:30', NULL),
(269, 33, 1, 'Top Hung', 12.00, 12.00, 1, 144.00, 45215.00, '{\"dimensions\":{\"height\":12,\"width\":12,\"quantity\":1,\"area\":144},\"materials\":{\"frame\":{\"length\":\"2.53\",\"cost\":5280},\"sash\":{\"length\":\"2.53\",\"cost\":4800},\"beading\":{\"length\":\"2.53\",\"cost\":3840},\"steel\":{\"quantity\":\"14.25\",\"cost\":2280}},\"hardware\":{\"Fitting Screw\":{\"quantity\":10,\"cost\":50},\"Rawal Plug\":{\"quantity\":10,\"cost\":0},\"Self Screw\":{\"quantity\":18,\"cost\":90},\"Sada Screw\":{\"quantity\":15,\"cost\":75},\"Silicon\":{\"quantity\":1,\"cost\":0},\"Lock\":{\"quantity\":1,\"cost\":0},\"Friction Hinges\":{\"quantity\":2,\"cost\":0}},\"totals\":{\"materials\":16200,\"hardware\":215,\"glass\":28800,\"grandTotal\":45215}}', '2025-07-12 12:26:43', NULL),
(270, 33, 1, '3PSL', 12.00, 12.00, 1, 144.00, 57648.60, '{\"dimensions\":{\"height\":12,\"width\":12,\"quantity\":1,\"area\":144},\"materials\":{\"frame\":{\"length\":\"2.53\",\"cost\":5280},\"sash\":{\"length\":\"4.55\",\"cost\":8640},\"netSash\":{\"length\":\"2.27\",\"cost\":3888.0000000000005},\"beading\":{\"length\":\"4.55\",\"cost\":6912},\"interlock\":{\"length\":\"1.52\",\"cost\":2016},\"steel\":{\"quantity\":\"22.20\",\"cost\":444.00000000000006},\"net\":{\"area\":\"96.00\",\"cost\":0},\"netRubber\":{\"quantity\":\"0.54\",\"cost\":48.6},\"burshi\":{\"length\":\"132.00\",\"cost\":660}},\"hardware\":{\"locks\":{\"quantity\":2,\"cost\":0},\"dummy\":{\"quantity\":2,\"cost\":0},\"boofer\":{\"quantity\":4,\"cost\":0},\"stopper\":{\"quantity\":4,\"cost\":160},\"doubleWheel\":{\"quantity\":4,\"cost\":0},\"netWheel\":{\"quantity\":4,\"cost\":40},\"sadaScrew\":{\"quantity\":40,\"cost\":200},\"fittingScrew\":{\"quantity\":30,\"cost\":150},\"selfScrew\":{\"quantity\":70,\"cost\":350},\"rawalPlug\":{\"quantity\":30,\"cost\":0},\"siliconWhite\":{\"quantity\":2,\"cost\":0},\"holeCaps\":{\"quantity\":30,\"cost\":60},\"waterCaps\":{\"quantity\":2,\"cost\":0}},\"totals\":{\"materials\":27888.6,\"hardware\":960,\"glass\":28800,\"grandTotal\":57648.6}}', '2025-07-12 13:01:52', NULL),
(271, 33, 1, 'Half Door', 12.00, 12.00, 1, 144.00, 42065.00, '{\"dimensions\":{\"height\":12,\"width\":12,\"quantity\":1,\"area\":144},\"materials\":{\"frame\":{\"length\":\"1.89\",\"cost\":3960},\"sash\":{\"length\":\"2.53\",\"cost\":2880},\"mullion\":{\"length\":\"0.63\",\"cost\":0},\"beading\":{\"length\":\"3.79\",\"cost\":5760},\"steel\":{\"quantity\":\"12.00\",\"cost\":240}},\"hardware\":{\"fitting_screw\":{\"quantity\":15,\"cost\":75},\"rawal_plug\":{\"quantity\":15,\"cost\":0},\"silicon\":{\"quantity\":2,\"cost\":0},\"self_screw\":{\"quantity\":40,\"cost\":200},\"sada_screw\":{\"quantity\":30,\"cost\":150},\"hinges\":{\"quantity\":4,\"cost\":0},\"locks\":{\"quantity\":1,\"cost\":0}},\"totals\":{\"materials\":12840,\"hardware\":425,\"glass\":28800,\"grandTotal\":42065}}', '2025-07-12 13:03:54', NULL),
(272, 33, 1, '3PSL', 12.00, 12.00, 1, 144.00, 57648.60, '{\"dimensions\":{\"height\":12,\"width\":12,\"quantity\":1,\"area\":144},\"materials\":{\"frame\":{\"length\":\"2.53\",\"cost\":5280},\"sash\":{\"length\":\"4.55\",\"cost\":8640},\"netSash\":{\"length\":\"2.27\",\"cost\":3888.0000000000005},\"beading\":{\"length\":\"4.55\",\"cost\":6912},\"interlock\":{\"length\":\"1.52\",\"cost\":2016},\"steel\":{\"quantity\":\"22.20\",\"cost\":444.00000000000006},\"net\":{\"area\":\"96.00\",\"cost\":0},\"netRubber\":{\"quantity\":\"0.54\",\"cost\":48.6},\"burshi\":{\"length\":\"132.00\",\"cost\":660}},\"hardware\":{\"locks\":{\"quantity\":2,\"cost\":0},\"dummy\":{\"quantity\":2,\"cost\":0},\"boofer\":{\"quantity\":4,\"cost\":0},\"stopper\":{\"quantity\":4,\"cost\":160},\"doubleWheel\":{\"quantity\":4,\"cost\":0},\"netWheel\":{\"quantity\":4,\"cost\":40},\"sadaScrew\":{\"quantity\":40,\"cost\":200},\"fittingScrew\":{\"quantity\":30,\"cost\":150},\"selfScrew\":{\"quantity\":70,\"cost\":350},\"rawalPlug\":{\"quantity\":30,\"cost\":0},\"siliconWhite\":{\"quantity\":2,\"cost\":0},\"holeCaps\":{\"quantity\":30,\"cost\":60},\"waterCaps\":{\"quantity\":2,\"cost\":0}},\"totals\":{\"materials\":27888.6,\"hardware\":960,\"glass\":28800,\"grandTotal\":57648.6}}', '2025-07-12 13:16:31', NULL),
(273, 48, 1, '2PSL', 22.00, 22.00, 1, 484.00, 155991.20, '{\"dimensions\":{\"height\":22,\"width\":22,\"quantity\":1,\"area\":484},\"materials\":{\"frame\":{\"length\":\"4.63\",\"cost\":9680},\"sash\":{\"length\":\"6.95\",\"cost\":13200},\"netSash\":{\"length\":\"3.47\",\"cost\":5940},\"beading\":{\"length\":\"6.95\",\"cost\":10560},\"interlock\":{\"length\":\"2.32\",\"cost\":3080},\"steel\":{\"quantity\":\"35.75\",\"cost\":13585},\"net\":{\"area\":\"242.00\",\"cost\":0},\"netRubber\":{\"quantity\":\"15.68\",\"cost\":1411.2},\"burshi\":{\"length\":\"154.00\",\"cost\":770}},\"hardware\":{\"locks\":{\"quantity\":1,\"cost\":0},\"dummy\":{\"quantity\":2,\"cost\":0},\"boofer\":{\"quantity\":2,\"cost\":0},\"stopper\":{\"quantity\":2,\"cost\":80},\"doubleWheel\":{\"quantity\":2,\"cost\":0},\"netWheel\":{\"quantity\":2,\"cost\":20},\"sadaScrew\":{\"quantity\":20,\"cost\":100},\"fittingScrew\":{\"quantity\":20,\"cost\":100},\"selfScrew\":{\"quantity\":125,\"cost\":625},\"rawalPlug\":{\"quantity\":20,\"cost\":0},\"siliconWhite\":{\"quantity\":2,\"cost\":0},\"holeCaps\":{\"quantity\":20,\"cost\":40},\"waterCaps\":{\"quantity\":2,\"cost\":0}},\"totals\":{\"materials\":58226.2,\"hardware\":965,\"glass\":96800,\"grandTotal\":155991.2}}', '2025-07-12 13:18:12', NULL),
(274, 48, 1, '2PSL', 22.00, 22.00, 1, 484.00, 155991.20, '{\"dimensions\":{\"height\":22,\"width\":22,\"quantity\":1,\"area\":484},\"materials\":{\"frame\":{\"length\":\"4.63\",\"cost\":9680},\"sash\":{\"length\":\"6.95\",\"cost\":13200},\"netSash\":{\"length\":\"3.47\",\"cost\":5940},\"beading\":{\"length\":\"6.95\",\"cost\":10560},\"interlock\":{\"length\":\"2.32\",\"cost\":3080},\"steel\":{\"quantity\":\"35.75\",\"cost\":13585},\"net\":{\"area\":\"242.00\",\"cost\":0},\"netRubber\":{\"quantity\":\"15.68\",\"cost\":1411.2},\"burshi\":{\"length\":\"154.00\",\"cost\":770}},\"hardware\":{\"locks\":{\"quantity\":1,\"cost\":0},\"dummy\":{\"quantity\":2,\"cost\":0},\"boofer\":{\"quantity\":2,\"cost\":0},\"stopper\":{\"quantity\":2,\"cost\":80},\"doubleWheel\":{\"quantity\":2,\"cost\":0},\"netWheel\":{\"quantity\":2,\"cost\":20},\"sadaScrew\":{\"quantity\":20,\"cost\":100},\"fittingScrew\":{\"quantity\":20,\"cost\":100},\"selfScrew\":{\"quantity\":125,\"cost\":625},\"rawalPlug\":{\"quantity\":20,\"cost\":0},\"siliconWhite\":{\"quantity\":2,\"cost\":0},\"holeCaps\":{\"quantity\":20,\"cost\":40},\"waterCaps\":{\"quantity\":2,\"cost\":0}},\"totals\":{\"materials\":58226.2,\"hardware\":965,\"glass\":96800,\"grandTotal\":155991.2}}', '2025-07-12 13:29:27', NULL),
(275, 33, 1, '3PSL', 12.00, 12.00, 1, 144.00, 57648.60, '{\"dimensions\":{\"height\":12,\"width\":12,\"quantity\":1,\"area\":144},\"materials\":{\"frame\":{\"length\":\"2.53\",\"cost\":5280},\"sash\":{\"length\":\"4.55\",\"cost\":8640},\"netSash\":{\"length\":\"2.27\",\"cost\":3888.0000000000005},\"beading\":{\"length\":\"4.55\",\"cost\":6912},\"interlock\":{\"length\":\"1.52\",\"cost\":2016},\"steel\":{\"quantity\":\"22.20\",\"cost\":444.00000000000006},\"net\":{\"area\":\"96.00\",\"cost\":0},\"netRubber\":{\"quantity\":\"0.54\",\"cost\":48.6},\"burshi\":{\"length\":\"132.00\",\"cost\":660}},\"hardware\":{\"locks\":{\"quantity\":2,\"cost\":0},\"dummy\":{\"quantity\":2,\"cost\":0},\"boofer\":{\"quantity\":4,\"cost\":0},\"stopper\":{\"quantity\":4,\"cost\":160},\"doubleWheel\":{\"quantity\":4,\"cost\":0},\"netWheel\":{\"quantity\":4,\"cost\":40},\"sadaScrew\":{\"quantity\":40,\"cost\":200},\"fittingScrew\":{\"quantity\":30,\"cost\":150},\"selfScrew\":{\"quantity\":70,\"cost\":350},\"rawalPlug\":{\"quantity\":30,\"cost\":0},\"siliconWhite\":{\"quantity\":2,\"cost\":0},\"holeCaps\":{\"quantity\":30,\"cost\":60},\"waterCaps\":{\"quantity\":2,\"cost\":0}},\"totals\":{\"materials\":27888.6,\"hardware\":960,\"glass\":28800,\"grandTotal\":57648.6}}', '2025-07-12 13:36:33', NULL),
(276, 33, 1, '2PSL', 12.00, 12.00, 1, 144.00, 61524.50, '{\"dimensions\":{\"height\":12,\"width\":12,\"quantity\":1,\"area\":144},\"materials\":{\"frame\":{\"length\":\"2.53\",\"cost\":5280},\"sash\":{\"length\":\"3.79\",\"cost\":7200},\"netSash\":{\"length\":\"1.89\",\"cost\":3240},\"beading\":{\"length\":\"3.79\",\"cost\":5760},\"interlock\":{\"length\":\"1.26\",\"cost\":1680},\"steel\":{\"quantity\":\"19.50\",\"cost\":7410},\"net\":{\"area\":\"72.00\",\"cost\":0},\"netRubber\":{\"quantity\":\"8.55\",\"cost\":769.5000000000001},\"burshi\":{\"length\":\"84.00\",\"cost\":420}},\"hardware\":{\"locks\":{\"quantity\":1,\"cost\":0},\"dummy\":{\"quantity\":2,\"cost\":0},\"boofer\":{\"quantity\":2,\"cost\":0},\"stopper\":{\"quantity\":2,\"cost\":80},\"doubleWheel\":{\"quantity\":2,\"cost\":0},\"netWheel\":{\"quantity\":2,\"cost\":20},\"sadaScrew\":{\"quantity\":20,\"cost\":100},\"fittingScrew\":{\"quantity\":20,\"cost\":100},\"selfScrew\":{\"quantity\":125,\"cost\":625},\"rawalPlug\":{\"quantity\":20,\"cost\":0},\"siliconWhite\":{\"quantity\":2,\"cost\":0},\"holeCaps\":{\"quantity\":20,\"cost\":40},\"waterCaps\":{\"quantity\":2,\"cost\":0}},\"totals\":{\"materials\":31759.5,\"hardware\":965,\"glass\":28800,\"grandTotal\":61524.5}}', '2025-07-12 13:44:56', NULL),
(277, 33, 1, '3PSL', 23.00, 23.00, 1, 529.00, 160213.15, '{\"dimensions\":{\"height\":23,\"width\":23,\"quantity\":1,\"area\":529},\"materials\":{\"frame\":{\"length\":\"4.84\",\"cost\":10120},\"sash\":{\"length\":\"8.72\",\"cost\":16560.000000000004},\"netSash\":{\"length\":\"4.36\",\"cost\":7452.000000000001},\"beading\":{\"length\":\"8.72\",\"cost\":13248.000000000002},\"interlock\":{\"length\":\"2.91\",\"cost\":3864},\"steel\":{\"quantity\":\"42.55\",\"cost\":851},\"net\":{\"area\":\"352.67\",\"cost\":0},\"netRubber\":{\"quantity\":\"1.04\",\"cost\":93.15},\"burshi\":{\"length\":\"253.00\",\"cost\":1265}},\"hardware\":{\"locks\":{\"quantity\":2,\"cost\":0},\"dummy\":{\"quantity\":2,\"cost\":0},\"boofer\":{\"quantity\":4,\"cost\":0},\"stopper\":{\"quantity\":4,\"cost\":160},\"doubleWheel\":{\"quantity\":4,\"cost\":0},\"netWheel\":{\"quantity\":4,\"cost\":40},\"sadaScrew\":{\"quantity\":40,\"cost\":200},\"fittingScrew\":{\"quantity\":30,\"cost\":150},\"selfScrew\":{\"quantity\":70,\"cost\":350},\"rawalPlug\":{\"quantity\":30,\"cost\":0},\"siliconWhite\":{\"quantity\":2,\"cost\":0},\"holeCaps\":{\"quantity\":30,\"cost\":60},\"waterCaps\":{\"quantity\":2,\"cost\":0}},\"totals\":{\"materials\":53453.15000000001,\"hardware\":960,\"glass\":105800,\"grandTotal\":160213.15000000002}}', '2025-07-12 14:06:24', NULL),
(278, 33, 1, 'Door', 23.00, 23.00, 1, 529.00, 153547.50, '{\"dimensions\":{\"height\":23,\"width\":23,\"quantity\":1,\"area\":529},\"materials\":{\"frame\":{\"length\":\"3.63\",\"cost\":7590},\"sash\":{\"length\":\"4.84\",\"cost\":5520},\"beading\":{\"length\":\"4.84\",\"cost\":7360},\"panel\":{\"length\":\"83.53\",\"cost\":79350},\"steel\":{\"quantity\":\"20.13\",\"cost\":402.5},\"glass\":{\"area\":\"264.50\",\"cost\":52900}},\"hardware\":{\"items\":{\"Fitting Screw\":15,\"Rawal Plug\":15,\"Silicon White\":2,\"Self Screw\":40,\"Sada Screw\":30,\"Hinges\":4,\"Locks\":1},\"costs\":{\"Fitting Screw\":75,\"Rawal Plug\":0,\"Silicon White\":0,\"Self Screw\":200,\"Sada Screw\":150,\"Hinges\":0,\"Locks\":0},\"total\":425},\"totals\":{\"materials\":100222.5,\"hardware\":425,\"glass\":52900,\"grandTotal\":153547.5}}', '2025-07-12 14:06:50', NULL),
(279, 33, 1, '3PSL', 21.00, 12.00, 1, 252.00, 89774.33, '{\"dimensions\":{\"height\":21,\"width\":12,\"quantity\":1,\"area\":252},\"materials\":{\"frame\":{\"length\":\"3.47\",\"cost\":7260},\"sash\":{\"length\":\"6.25\",\"cost\":11880.000000000002},\"netSash\":{\"length\":\"3.13\",\"cost\":5346.000000000001},\"beading\":{\"length\":\"6.25\",\"cost\":9504},\"interlock\":{\"length\":\"2.08\",\"cost\":2772.0000000000005},\"steel\":{\"quantity\":\"30.53\",\"cost\":610.5},\"net\":{\"area\":\"168.00\",\"cost\":0},\"netRubber\":{\"quantity\":\"0.74\",\"cost\":66.825},\"burshi\":{\"length\":\"195.00\",\"cost\":975}},\"hardware\":{\"locks\":{\"quantity\":2,\"cost\":0},\"dummy\":{\"quantity\":2,\"cost\":0},\"boofer\":{\"quantity\":4,\"cost\":0},\"stopper\":{\"quantity\":4,\"cost\":160},\"doubleWheel\":{\"quantity\":4,\"cost\":0},\"netWheel\":{\"quantity\":4,\"cost\":40},\"sadaScrew\":{\"quantity\":40,\"cost\":200},\"fittingScrew\":{\"quantity\":30,\"cost\":150},\"selfScrew\":{\"quantity\":70,\"cost\":350},\"rawalPlug\":{\"quantity\":30,\"cost\":0},\"siliconWhite\":{\"quantity\":2,\"cost\":0},\"holeCaps\":{\"quantity\":30,\"cost\":60},\"waterCaps\":{\"quantity\":2,\"cost\":0}},\"totals\":{\"materials\":38414.325,\"hardware\":960,\"glass\":50400,\"grandTotal\":89774.325}}', '2025-07-12 14:07:37', NULL),
(280, 33, 1, '3PSL', 12.00, 12.00, 1, 144.00, 57648.60, '{\"dimensions\":{\"height\":12,\"width\":12,\"quantity\":1,\"area\":144},\"materials\":{\"frame\":{\"length\":\"2.53\",\"cost\":5280},\"sash\":{\"length\":\"4.55\",\"cost\":8640},\"netSash\":{\"length\":\"2.27\",\"cost\":3888.0000000000005},\"beading\":{\"length\":\"4.55\",\"cost\":6912},\"interlock\":{\"length\":\"1.52\",\"cost\":2016},\"steel\":{\"quantity\":\"22.20\",\"cost\":444.00000000000006},\"net\":{\"area\":\"96.00\",\"cost\":0},\"netRubber\":{\"quantity\":\"0.54\",\"cost\":48.6},\"burshi\":{\"length\":\"132.00\",\"cost\":660}},\"hardware\":{\"locks\":{\"quantity\":2,\"cost\":0},\"dummy\":{\"quantity\":2,\"cost\":0},\"boofer\":{\"quantity\":4,\"cost\":0},\"stopper\":{\"quantity\":4,\"cost\":160},\"doubleWheel\":{\"quantity\":4,\"cost\":0},\"netWheel\":{\"quantity\":4,\"cost\":40},\"sadaScrew\":{\"quantity\":40,\"cost\":200},\"fittingScrew\":{\"quantity\":30,\"cost\":150},\"selfScrew\":{\"quantity\":70,\"cost\":350},\"rawalPlug\":{\"quantity\":30,\"cost\":0},\"siliconWhite\":{\"quantity\":2,\"cost\":0},\"holeCaps\":{\"quantity\":30,\"cost\":60},\"waterCaps\":{\"quantity\":2,\"cost\":0}},\"totals\":{\"materials\":27888.6,\"hardware\":960,\"glass\":28800,\"grandTotal\":57648.6}}', '2025-07-12 14:08:02', NULL);

-- --------------------------------------------------------

--
-- Table structure for table `clients`
--

CREATE TABLE `clients` (
  `id` int(11) NOT NULL,
  `company_id` int(11) NOT NULL,
  `name` varchar(255) NOT NULL,
  `phone` varchar(50) DEFAULT NULL,
  `address` text DEFAULT NULL,
  `created_at` timestamp NOT NULL DEFAULT current_timestamp(),
  `updated_at` timestamp NOT NULL DEFAULT current_timestamp() ON UPDATE current_timestamp()
) ENGINE=InnoDB DEFAULT CHARSET=utf8mb4 COLLATE=utf8mb4_general_ci;

--
-- Dumping data for table `clients`
--

INSERT INTO `clients` (`id`, `company_id`, `name`, `phone`, `address`, `created_at`, `updated_at`) VALUES
(31, 1, 'Asfand Yar', '123456', 'Peshawar', '2025-06-30 09:47:55', '2025-06-30 09:47:55'),
(32, 1, 'Zahid Sir', '12345678', 'Peshawar', '2025-07-01 07:16:39', '2025-07-01 07:16:39'),
(33, 1, 'Ali Khan', '03001234567', 'Peshawar, Pakistan', '2025-07-01 07:17:27', '2025-07-01 07:17:27'),
(35, 1, 'Usman Iqbal', '03021234567', 'Lahore, Pakistan', '2025-07-01 07:17:27', '2025-07-01 07:17:27'),
(37, 1, 'Hamza Yousaf', '03041234567', 'Rawalpindi, Pakistan', '2025-07-01 07:17:27', '2025-07-01 07:17:27'),
(38, 1, 'Areeba Noor', '03051234567', 'Quetta, Pakistan', '2025-07-01 07:17:27', '2025-07-01 07:17:27'),
(39, 1, 'Fahad Shah', '03061234567', 'Multan, Pakistan', '2025-07-01 07:17:27', '2025-07-01 07:17:27'),
(40, 1, 'Hira Faisal', '03071234567', 'Faisalabad, Pakistan', '2025-07-01 07:17:27', '2025-07-01 07:17:27'),
(41, 1, 'Talha Anwar', '03081234567', 'Hyderabad, Pakistan', '2025-07-01 07:17:27', '2025-07-01 07:17:27'),
(42, 1, 'Maha Zubair', '03091234567', 'Sialkot, Pakistan', '2025-07-01 07:17:27', '2025-07-01 07:17:27'),
(43, 2, 'uzair', '12345', 'Peshawar', '2025-07-01 07:34:26', '2025-07-01 07:34:26'),
(44, 3, 'Usman', '12345', 'Haripur', '2025-07-01 07:47:10', '2025-07-01 07:47:10'),
(45, 2, 'Rahel', '03339318753', 'Peshawar Saddar', '2025-07-07 12:42:09', '2025-07-07 12:42:09'),
(46, 3, 'talha', '121232323', 'sdssd', '2025-07-10 07:06:20', '2025-07-10 07:06:20'),
(47, 2, 'uzair khan', '03342343423', 'Peshawar', '2025-07-11 18:18:35', '2025-07-11 18:18:35'),
(48, 1, 'Zubair Khan', '03332345678', '', '2025-07-12 10:42:31', '2025-07-12 10:42:31');

-- --------------------------------------------------------

--
-- Table structure for table `companies`
--

CREATE TABLE `companies` (
  `id` int(11) NOT NULL,
  `name` varchar(255) NOT NULL,
  `description` text DEFAULT NULL,
  `created_at` timestamp NOT NULL DEFAULT current_timestamp(),
  `updated_at` timestamp NOT NULL DEFAULT current_timestamp() ON UPDATE current_timestamp()
) ENGINE=InnoDB DEFAULT CHARSET=utf8mb4 COLLATE=utf8mb4_general_ci;

--
-- Dumping data for table `companies`
--

INSERT INTO `companies` (`id`, `name`, `description`, `created_at`, `updated_at`) VALUES
(1, 'Pakistan', 'Best Company', '2025-06-02 08:03:44', '2025-06-02 08:03:44'),
(2, 'China', 'Good Company', '2025-06-02 08:04:19', '2025-06-02 08:04:19'),
(3, 'Turkishi', 'Goody Company', '2025-06-02 08:04:36', '2025-07-01 09:18:37');

-- --------------------------------------------------------

--
-- Table structure for table `expenses`
--

CREATE TABLE `expenses` (
  `id` int(11) NOT NULL,
  `company_id` int(11) NOT NULL,
  `expense_date` date NOT NULL,
  `description` text DEFAULT NULL,
  `total_amount` decimal(10,2) NOT NULL,
  `created_at` timestamp NULL DEFAULT current_timestamp()
) ENGINE=InnoDB DEFAULT CHARSET=utf8mb4 COLLATE=utf8mb4_unicode_ci;

--
-- Dumping data for table `expenses`
--

INSERT INTO `expenses` (`id`, `company_id`, `expense_date`, `description`, `total_amount`, `created_at`) VALUES
(1, 1, '2025-07-09', '12121', 8.00, '2025-07-09 06:33:37'),
(2, 1, '2025-07-11', 'es', 2342.00, '2025-07-11 18:03:42');

-- --------------------------------------------------------

--
-- Table structure for table `expense_items`
--

CREATE TABLE `expense_items` (
  `id` int(11) NOT NULL,
  `expense_id` int(11) NOT NULL,
  `item_name` varchar(255) NOT NULL,
  `amount` decimal(10,2) NOT NULL
) ENGINE=InnoDB DEFAULT CHARSET=utf8mb4 COLLATE=utf8mb4_unicode_ci;

--
-- Dumping data for table `expense_items`
--

INSERT INTO `expense_items` (`id`, `expense_id`, `item_name`, `amount`) VALUES
(1, 1, 'window', 2.00),
(2, 1, 'door', 2.00),
(3, 1, 'window', 2.00),
(4, 1, 'door', 2.00),
(5, 2, 'ew', 2342.00);

-- --------------------------------------------------------

--
-- Table structure for table `hardware`
--

CREATE TABLE `hardware` (
  `id` int(11) NOT NULL,
  `company_id` int(11) NOT NULL,
  `name` varchar(255) NOT NULL,
  `quantity` int(11) NOT NULL,
  `price` decimal(10,2) NOT NULL,
  `bundle_quantity` int(11) DEFAULT NULL,
  `bundle_price` decimal(10,2) DEFAULT NULL,
  `created_at` timestamp NOT NULL DEFAULT current_timestamp()
) ENGINE=InnoDB DEFAULT CHARSET=utf8mb4 COLLATE=utf8mb4_general_ci;

--
-- Dumping data for table `hardware`
--

INSERT INTO `hardware` (`id`, `company_id`, `name`, `quantity`, `price`, `bundle_quantity`, `bundle_price`, `created_at`) VALUES
(4, 1, 'Stopper', 1, 40.00, NULL, NULL, '2025-06-02 08:11:41'),
(6, 1, 'Net Wheel', 1, 10.00, NULL, NULL, '2025-06-02 08:12:14'),
(7, 1, 'Sada Screw', 1, 5.00, NULL, NULL, '2025-06-02 08:12:30'),
(8, 1, 'Fitting Screw', 1, 5.00, NULL, NULL, '2025-06-02 08:12:49'),
(9, 1, 'Self Screw', 1, 5.00, NULL, NULL, '2025-06-02 08:13:04'),
(12, 1, 'Hole Caps', 1, 2.00, NULL, NULL, '2025-06-02 08:13:56'),
(15, 1, 'Tower Bolt', 1, 10.00, NULL, NULL, '2025-06-02 09:45:41'),
(18, 1, 'talha', 12, 12.00, NULL, NULL, '2025-07-09 06:32:12'),
(19, 1, 'lock', 1, 20.00, NULL, NULL, '2025-07-09 06:35:22'),
(21, 2, 'Stopper', 1, 40.00, NULL, NULL, '2025-07-10 07:02:19'),
(22, 2, 'Net Wheel	', 1, 10.00, NULL, NULL, '2025-07-10 07:02:31'),
(23, 2, 'Sada Screw	', 1, 5.00, NULL, NULL, '2025-07-10 07:02:44'),
(24, 2, 'Fitting Screw	', 1, 5.00, NULL, NULL, '2025-07-10 07:02:56'),
(25, 2, 'Self Screw	', 1, 5.00, NULL, NULL, '2025-07-10 07:03:06'),
(26, 2, 'Hole Caps	', 1, 2.00, NULL, NULL, '2025-07-10 07:03:17'),
(27, 2, 'Tower Bolt	', 1, 10.00, NULL, NULL, '2025-07-10 07:03:28'),
(28, 3, 'Stopper	', 1, 40.00, NULL, NULL, '2025-07-10 07:03:55'),
(29, 3, 'Net Wheel	', 1, 10.00, NULL, NULL, '2025-07-10 07:04:07'),
(30, 3, 'Sada Screw	', 1, 5.00, NULL, NULL, '2025-07-10 07:04:17'),
(31, 3, 'Fitting Screw	', 1, 5.00, NULL, NULL, '2025-07-10 07:04:30'),
(32, 3, 'Self Screw	', 1, 5.00, NULL, NULL, '2025-07-10 07:04:38'),
(33, 3, 'Hole Caps	', 1, 2.00, NULL, NULL, '2025-07-10 07:04:48'),
(34, 3, 'Tower Bolt	', 1, 10.00, NULL, NULL, '2025-07-10 07:05:01');

-- --------------------------------------------------------

--
-- Table structure for table `materials`
--

CREATE TABLE `materials` (
  `id` int(11) NOT NULL,
  `company_id` int(11) NOT NULL,
  `name` varchar(255) NOT NULL,
  `length` decimal(10,2) NOT NULL,
  `price_per_foot` decimal(10,2) NOT NULL,
  `bundle_quantity` int(11) DEFAULT NULL,
  `bundle_price` decimal(10,2) DEFAULT NULL,
  `created_at` timestamp NOT NULL DEFAULT current_timestamp()
) ENGINE=InnoDB DEFAULT CHARSET=utf8mb4 COLLATE=utf8mb4_general_ci;

--
-- Dumping data for table `materials`
--

INSERT INTO `materials` (`id`, `company_id`, `name`, `length`, `price_per_foot`, `bundle_quantity`, `bundle_price`, `created_at`) VALUES
(30, 1, 'Half Panel', 19.00, 40.00, NULL, NULL, '2025-07-07 13:34:15'),
(31, 1, 'Full Panel', 19.00, 50.00, NULL, NULL, '2025-07-07 13:34:36'),
(32, 1, 'Door Panel', 19.00, 50.00, NULL, NULL, '2025-07-07 13:34:57'),
(33, 1, 'Door Sash', 19.00, 60.00, NULL, NULL, '2025-07-07 13:35:15'),
(34, 1, 'Interlock', 19.00, 70.00, NULL, NULL, '2025-07-07 13:35:34'),
(35, 1, 'Beading', 19.00, 80.00, NULL, NULL, '2025-07-07 13:35:54'),
(36, 1, 'Net Sash', 19.00, 90.00, NULL, NULL, '2025-07-07 13:36:07'),
(37, 1, 'Sash', 19.00, 100.00, NULL, NULL, '2025-07-07 13:36:20'),
(38, 1, 'Frame', 19.00, 110.00, NULL, NULL, '2025-07-07 13:36:35'),
(39, 1, 'Steel', 19.00, 20.00, NULL, NULL, '2025-07-07 13:36:50'),
(40, 1, 'Burshi', 19.00, 5.00, NULL, NULL, '2025-07-07 13:37:11'),
(41, 1, 'Net Rubber', 19.00, 90.00, NULL, NULL, '2025-07-07 13:37:30'),
(44, 1, 'talha', 12.00, 12.00, NULL, NULL, '2025-07-09 06:31:39'),
(46, 2, 'Half Panel	', 19.00, 40.00, NULL, NULL, '2025-07-10 06:46:32'),
(47, 2, 'Full Panel	', 19.00, 50.00, NULL, NULL, '2025-07-10 06:46:49'),
(48, 2, 'Door Panel	', 19.00, 50.00, NULL, NULL, '2025-07-10 06:47:03'),
(49, 2, 'Door Sash	', 19.00, 60.00, NULL, NULL, '2025-07-10 06:47:15'),
(50, 2, 'Interlock	', 19.00, 70.00, NULL, NULL, '2025-07-10 06:47:32'),
(51, 2, 'Beading	', 19.00, 80.00, NULL, NULL, '2025-07-10 06:47:43'),
(52, 2, 'Net Sash	', 19.00, 90.00, NULL, NULL, '2025-07-10 06:47:55'),
(53, 2, 'Sash', 19.00, 100.00, NULL, NULL, '2025-07-10 06:48:05'),
(54, 2, 'Frame', 19.00, 110.00, NULL, NULL, '2025-07-10 06:48:16'),
(55, 2, 'Steel	', 19.00, 20.00, NULL, NULL, '2025-07-10 06:48:27'),
(56, 2, 'Burshi	', 19.00, 5.00, NULL, NULL, '2025-07-10 06:48:38'),
(57, 2, 'Net Rubber	', 19.00, 90.00, NULL, NULL, '2025-07-10 06:48:48'),
(58, 2, 'Net	', 19.00, 20.00, NULL, NULL, '2025-07-10 06:49:02'),
(59, 3, 'Half Panel	', 19.00, 40.00, NULL, NULL, '2025-07-10 06:49:36'),
(60, 3, 'Full Panel	', 19.00, 50.00, NULL, NULL, '2025-07-10 06:49:46'),
(61, 3, 'Door Panel	', 19.00, 50.00, NULL, NULL, '2025-07-10 06:49:59'),
(62, 3, 'Door Sash	', 19.00, 60.00, NULL, NULL, '2025-07-10 06:50:08'),
(63, 3, 'Interlock	', 19.00, 70.00, NULL, NULL, '2025-07-10 06:50:18'),
(64, 3, 'Beading	', 19.00, 80.00, NULL, NULL, '2025-07-10 06:50:28'),
(65, 3, 'Net Sash	', 19.00, 90.00, NULL, NULL, '2025-07-10 06:50:38'),
(66, 3, 'Sash', 19.00, 100.00, NULL, NULL, '2025-07-10 06:50:49'),
(67, 3, 'Frame	', 19.00, 110.00, NULL, NULL, '2025-07-10 06:50:59'),
(68, 3, 'Steel	', 19.00, 20.00, NULL, NULL, '2025-07-10 06:51:12'),
(69, 3, 'Burshi	', 19.00, 5.00, NULL, NULL, '2025-07-10 06:51:22'),
(70, 3, 'Net Rubber	', 19.00, 90.00, NULL, NULL, '2025-07-10 06:51:32'),
(71, 3, 'Net	', 19.00, 20.00, NULL, NULL, '2025-07-10 06:51:42');

-- --------------------------------------------------------

--
-- Table structure for table `product_types`
--

CREATE TABLE `product_types` (
  `id` int(11) NOT NULL,
  `company_id` int(11) NOT NULL,
  `name` varchar(100) NOT NULL,
  `category` enum('window','door') NOT NULL,
  `description` text DEFAULT NULL,
  `created_at` timestamp NOT NULL DEFAULT current_timestamp()
) ENGINE=InnoDB DEFAULT CHARSET=utf8mb4 COLLATE=utf8mb4_general_ci;

-- --------------------------------------------------------

--
-- Table structure for table `quotations`
--

CREATE TABLE `quotations` (
  `id` int(11) NOT NULL,
  `company_id` int(11) NOT NULL,
  `client_id` int(11) NOT NULL,
  `quotation_number` varchar(50) NOT NULL,
  `date` date NOT NULL,
  `total_amount` decimal(12,2) NOT NULL DEFAULT 0.00,
  `notes` text DEFAULT NULL,
  `terms` text DEFAULT NULL,
  `window_types` varchar(255) DEFAULT NULL,
  `created_at` timestamp NOT NULL DEFAULT current_timestamp(),
  `updated_at` timestamp NOT NULL DEFAULT current_timestamp() ON UPDATE current_timestamp(),
  `status` enum('draft','sent','paid') DEFAULT 'draft',
  `discount` decimal(12,2) DEFAULT 0.00,
  `svg_data` text DEFAULT NULL
) ENGINE=InnoDB DEFAULT CHARSET=utf8mb4 COLLATE=utf8mb4_general_ci;

--
-- Dumping data for table `quotations`
--

INSERT INTO `quotations` (`id`, `company_id`, `client_id`, `quotation_number`, `date`, `total_amount`, `notes`, `terms`, `window_types`, `created_at`, `updated_at`, `status`, `discount`, `svg_data`) VALUES
(47, 1, 31, 'QP-20250630114827', '2025-06-30', 12573.75, '', 'Advance: 80%\\r\\nAfter Delivery of Frames: 15%\\r\\nAfter installation: 5%\\r\\n\\r\\n1. Company will not responsible for any change in design after signing this Agreement.\\r\\n2. Order will Deliver in 25 days after final Measurements.\\r\\n3. Upto 5mm Gap will be Sealed Through Silicon by Company, more than that will be Client responsibility. \\r\\n4. Provision of Electricty and Scaffolding will be responsibility of Client.\\r\\n5. The Prices put in this quotation are valid till 10 days.', '2psl', '2025-06-30 09:48:27', '2025-06-30 09:48:27', 'draft', 0.00, NULL),
(48, 1, 42, 'QP-20250701073200', '2025-07-01', 16291.44, '', 'Advance: 80%\\r\\nAfter Delivery of Frames: 15%\\r\\nAfter installation: 5%\\r\\n\\r\\n1. Company will not responsible for any change in design after signing this Agreement.\\r\\n2. Order will Deliver in 25 days after final Measurements.\\r\\n3. Upto 5mm Gap will be Sealed Through Silicon by Company, more than that will be Client responsibility. \\r\\n4. Provision of Electricty and Scaffolding will be responsibility of Client.\\r\\n5. The Prices put in this quotation are valid till 10 days.', '2psl', '2025-07-01 07:32:00', '2025-07-01 07:32:00', 'draft', 0.00, NULL),
(51, 1, 41, 'QP-20250701130138', '2025-07-01', 14276.10, '', 'Advance: 80%\\r\\nAfter Delivery of Frames: 15%\\r\\nAfter installation: 5%\\r\\n\\r\\n1. Company will not responsible for any change in design after signing this Agreement.\\r\\n2. Order will Deliver in 25 days after final Measurements.\\r\\n3. Upto 5mm Gap will be Sealed Through Silicon by Company, more than that will be Client responsibility. \\r\\n4. Provision of Electricty and Scaffolding will be responsibility of Client.\\r\\n5. The Prices put in this quotation are valid till 10 days.', '', '2025-07-01 13:01:38', '2025-07-01 13:01:38', 'draft', 0.00, NULL),
(54, 1, 40, 'QP-20250701130831', '2025-07-01', 55555.00, '', 'Advance: 80%\\r\\nAfter Delivery of Frames: 15%\\r\\nAfter installation: 5%\\r\\n\\r\\n1. Company will not responsible for any change in design after signing this Agreement.\\r\\n2. Order will Deliver in 25 days after final Measurements.\\r\\n3. Upto 5mm Gap will be Sealed Through Silicon by Company, more than that will be Client responsibility. \\r\\n4. Provision of Electricty and Scaffolding will be responsibility of Client.\\r\\n5. The Prices put in this quotation are valid till 10 days.', '', '2025-07-01 13:08:31', '2025-07-10 07:59:40', 'draft', 0.00, NULL),
(55, 1, 39, 'QP-20250701151903', '2025-07-01', 22073.99, '', 'Advance: 80%\\r\\nAfter Delivery of Frames: 15%\\r\\nAfter installation: 5%\\r\\n\\r\\n1. Company will not responsible for any change in design after signing this Agreement.\\r\\n2. Order will Deliver in 25 days after final Measurements.\\r\\n3. Upto 5mm Gap will be Sealed Through Silicon by Company, more than that will be Client responsibility. \\r\\n4. Provision of Electricty and Scaffolding will be responsibility of Client.\\r\\n5. The Prices put in this quotation are valid till 10 days.', '2psl,3psl', '2025-07-01 15:19:03', '2025-07-01 15:19:03', 'draft', 0.00, NULL),
(56, 2, 43, 'QP-20250707093414', '2025-07-07', 17223.75, '', 'Advance: 80%\\r\\nAfter Delivery of Frames: 15%\\r\\nAfter installation: 5%\\r\\n\\r\\n1. Company will not responsible for any change in design after signing this Agreement.\\r\\n2. Order will Deliver in 25 days after final Measurements.\\r\\n3. Upto 5mm Gap will be Sealed Through Silicon by Company, more than that will be Client responsibility. \\r\\n4. Provision of Electricty and Scaffolding will be responsibility of Client.\\r\\n5. The Prices put in this quotation are valid till 10 days.', '2psl', '2025-07-07 09:34:14', '2025-07-07 09:34:14', 'draft', 0.00, NULL),
(57, 1, 42, 'QP-20250707094606', '2025-07-07', 6112.00, '', 'Advance: 80%\\r\\nAfter Delivery of Frames: 15%\\r\\nAfter installation: 5%\\r\\n\\r\\n1. Company will not responsible for any change in design after signing this Agreement.\\r\\n2. Order will Deliver in 25 days after final Measurements.\\r\\n3. Upto 5mm Gap will be Sealed Through Silicon by Company, more than that will be Client responsibility. \\r\\n4. Provision of Electricty and Scaffolding will be responsibility of Client.\\r\\n5. The Prices put in this quotation are valid till 10 days.', '2psl', '2025-07-07 09:46:06', '2025-07-07 09:46:06', 'draft', 0.00, NULL),
(58, 1, 33, 'QP-20250709112020', '2025-07-09', 55650.00, '', 'Payment Terms:\\r\\n- Advance: 80%\\r\\n- After Delivery of Frames: 15%\\r\\n- After Installation: 5%\\r\\n\\r\\nGeneral Conditions:\\r\\n1. The company is not responsible for any design changes after this agreement is signed.\\r\\n2. Orders will be delivered within 25 days after final measurements are confirmed.\\r\\n3. Gaps up to 5mm will be sealed with silicone by the company; larger gaps are the client\\\'s responsibility.\\r\\n4. Provision of electricity and scaffolding is the client\\\'s responsibility.\\r\\n5. Quoted prices are valid for 10 days from the date of this quotation.', '', '2025-07-09 09:20:20', '2025-07-10 07:59:50', 'draft', 0.00, NULL),
(62, 1, 33, 'QP-20250711202823', '2025-07-11', 221101.76, '', 'Payment Terms:\\r\\n- Advance: 80%\\r\\n- After Delivery of Frames: 15%\\r\\n- After Installation: 5%\\r\\n\\r\\nGeneral Conditions:\\r\\n1. The company is not responsible for any design changes after this agreement is signed.\\r\\n2. Orders will be delivered within 25 days after final measurements are confirmed.\\r\\n3. Gaps up to 5mm will be sealed with silicone by the company; larger gaps are the client\\\'s responsibility.\\r\\n4. Provision of electricity and scaffolding is the client\\\'s responsibility.\\r\\n5. Quoted prices are valid for 10 days from the date of this quotation.', '', '2025-07-11 18:28:23', '2025-07-11 18:28:23', 'draft', 0.00, NULL),
(63, 1, 33, 'QP-20250711202841', '2025-07-11', 221101.76, '', 'Payment Terms:\\r\\n- Advance: 80%\\r\\n- After Delivery of Frames: 15%\\r\\n- After Installation: 5%\\r\\n\\r\\nGeneral Conditions:\\r\\n1. The company is not responsible for any design changes after this agreement is signed.\\r\\n2. Orders will be delivered within 25 days after final measurements are confirmed.\\r\\n3. Gaps up to 5mm will be sealed with silicone by the company; larger gaps are the client\\\'s responsibility.\\r\\n4. Provision of electricity and scaffolding is the client\\\'s responsibility.\\r\\n5. Quoted prices are valid for 10 days from the date of this quotation.', '', '2025-07-11 18:28:41', '2025-07-11 18:28:41', 'draft', 0.00, NULL),
(64, 1, 33, 'QP-20250711203059', '2025-07-11', 167640.10, '', 'Payment Terms:\\r\\n- Advance: 80%\\r\\n- After Delivery of Frames: 15%\\r\\n- After Installation: 5%\\r\\n\\r\\nGeneral Conditions:\\r\\n1. The company is not responsible for any design changes after this agreement is signed.\\r\\n2. Orders will be delivered within 25 days after final measurements are confirmed.\\r\\n3. Gaps up to 5mm will be sealed with silicone by the company; larger gaps are the client\\\'s responsibility.\\r\\n4. Provision of electricity and scaffolding is the client\\\'s responsibility.\\r\\n5. Quoted prices are valid for 10 days from the date of this quotation.', '', '2025-07-11 18:30:59', '2025-07-11 18:30:59', 'draft', 0.00, NULL),
(65, 1, 33, 'QP-20250711203135', '2025-07-11', 167640.10, '', 'Payment Terms:\\r\\n- Advance: 80%\\r\\n- After Delivery of Frames: 15%\\r\\n- After Installation: 5%\\r\\n\\r\\nGeneral Conditions:\\r\\n1. The company is not responsible for any design changes after this agreement is signed.\\r\\n2. Orders will be delivered within 25 days after final measurements are confirmed.\\r\\n3. Gaps up to 5mm will be sealed with silicone by the company; larger gaps are the client\\\'s responsibility.\\r\\n4. Provision of electricity and scaffolding is the client\\\'s responsibility.\\r\\n5. Quoted prices are valid for 10 days from the date of this quotation.', '', '2025-07-11 18:31:35', '2025-07-11 18:31:35', 'draft', 0.00, NULL),
(68, 1, 33, 'QP-20250711231309', '2025-07-11', 0.00, '', 'Payment Terms:\\r\\n- Advance: 80%\\r\\n- After Delivery of Frames: 15%\\r\\n- After Installation: 5%\\r\\n\\r\\nGeneral Conditions:\\r\\n1. The company is not responsible for any design changes after this agreement is signed.\\r\\n2. Orders will be delivered within 25 days after final measurements are confirmed.\\r\\n3. Gaps up to 5mm will be sealed with silicone by the company; larger gaps are the client\\\'s responsibility.\\r\\n4. Provision of electricity and scaffolding is the client\\\'s responsibility.\\r\\n5. Quoted prices are valid for 10 days from the date of this quotation.', '', '2025-07-11 21:13:09', '2025-07-11 21:13:09', 'draft', 0.00, NULL),
(69, 1, 31, 'QP-20250711231546', '2025-07-11', 0.00, '', 'Payment Terms:\\r\\n- Advance: 80%\\r\\n- After Delivery of Frames: 15%\\r\\n- After Installation: 5%\\r\\n\\r\\nGeneral Conditions:\\r\\n1. The company is not responsible for any design changes after this agreement is signed.\\r\\n2. Orders will be delivered within 25 days after final measurements are confirmed.\\r\\n3. Gaps up to 5mm will be sealed with silicone by the company; larger gaps are the client\\\'s responsibility.\\r\\n4. Provision of electricity and scaffolding is the client\\\'s responsibility.\\r\\n5. Quoted prices are valid for 10 days from the date of this quotation.', '', '2025-07-11 21:15:46', '2025-07-11 21:15:46', 'draft', 0.00, NULL),
(70, 1, 33, 'QP-20250712073108', '2025-07-12', 0.00, '', 'Payment Terms:\\r\\n- Advance: 80%\\r\\n- After Delivery of Frames: 15%\\r\\n- After Installation: 5%\\r\\n\\r\\nGeneral Conditions:\\r\\n1. The company is not responsible for any design changes after this agreement is signed.\\r\\n2. Orders will be delivered within 25 days after final measurements are confirmed.\\r\\n3. Gaps up to 5mm will be sealed with silicone by the company; larger gaps are the client\\\'s responsibility.\\r\\n4. Provision of electricity and scaffolding is the client\\\'s responsibility.\\r\\n5. Quoted prices are valid for 10 days from the date of this quotation.', '', '2025-07-12 05:31:08', '2025-07-12 05:31:08', 'draft', 0.00, NULL),
(71, 1, 33, 'QP-20250712074940', '2025-07-12', 0.00, '', 'Payment Terms:\\r\\n- Advance: 80%\\r\\n- After Delivery of Frames: 15%\\r\\n- After Installation: 5%\\r\\n\\r\\nGeneral Conditions:\\r\\n1. The company is not responsible for any design changes after this agreement is signed.\\r\\n2. Orders will be delivered within 25 days after final measurements are confirmed.\\r\\n3. Gaps up to 5mm will be sealed with silicone by the company; larger gaps are the client\\\'s responsibility.\\r\\n4. Provision of electricity and scaffolding is the client\\\'s responsibility.\\r\\n5. Quoted prices are valid for 10 days from the date of this quotation.', '', '2025-07-12 05:49:40', '2025-07-12 05:49:40', 'draft', 0.00, NULL),
(72, 1, 33, 'QP-20250712083334', '2025-07-12', 155993.20, '', 'Payment Terms:\\r\\n- Advance: 80%\\r\\n- After Delivery of Frames: 15%\\r\\n- After Installation: 5%\\r\\n\\r\\nGeneral Conditions:\\r\\n1. The company is not responsible for any design changes after this agreement is signed.\\r\\n2. Orders will be delivered within 25 days after final measurements are confirmed.\\r\\n3. Gaps up to 5mm will be sealed with silicone by the company; larger gaps are the client\\\'s responsibility.\\r\\n4. Provision of electricity and scaffolding is the client\\\'s responsibility.\\r\\n5. Quoted prices are valid for 10 days from the date of this quotation.', '', '2025-07-12 06:33:34', '2025-07-12 06:33:34', 'draft', 0.00, NULL),
(75, 1, 33, 'QP-20250712085333', '2025-07-12', 0.00, '', 'Payment Terms:\\r\\n- Advance: 80%\\r\\n- After Delivery of Frames: 15%\\r\\n- After Installation: 5%\\r\\n\\r\\nGeneral Conditions:\\r\\n1. The company is not responsible for any design changes after this agreement is signed.\\r\\n2. Orders will be delivered within 25 days after final measurements are confirmed.\\r\\n3. Gaps up to 5mm will be sealed with silicone by the company; larger gaps are the client\\\'s responsibility.\\r\\n4. Provision of electricity and scaffolding is the client\\\'s responsibility.\\r\\n5. Quoted prices are valid for 10 days from the date of this quotation.', '', '2025-07-12 06:53:33', '2025-07-12 06:53:33', 'draft', 0.00, NULL),
(76, 1, 33, 'QP-20250712085525', '2025-07-12', 0.00, '', 'Payment Terms:\\r\\n- Advance: 80%\\r\\n- After Delivery of Frames: 15%\\r\\n- After Installation: 5%\\r\\n\\r\\nGeneral Conditions:\\r\\n1. The company is not responsible for any design changes after this agreement is signed.\\r\\n2. Orders will be delivered within 25 days after final measurements are confirmed.\\r\\n3. Gaps up to 5mm will be sealed with silicone by the company; larger gaps are the client\\\'s responsibility.\\r\\n4. Provision of electricity and scaffolding is the client\\\'s responsibility.\\r\\n5. Quoted prices are valid for 10 days from the date of this quotation.', '', '2025-07-12 06:55:25', '2025-07-12 06:55:25', 'draft', 0.00, NULL),
(77, 1, 33, 'QP-20250712090037', '2025-07-12', 0.00, '', 'Payment Terms:\\r\\n- Advance: 80%\\r\\n- After Delivery of Frames: 15%\\r\\n- After Installation: 5%\\r\\n\\r\\nGeneral Conditions:\\r\\n1. The company is not responsible for any design changes after this agreement is signed.\\r\\n2. Orders will be delivered within 25 days after final measurements are confirmed.\\r\\n3. Gaps up to 5mm will be sealed with silicone by the company; larger gaps are the client\\\'s responsibility.\\r\\n4. Provision of electricity and scaffolding is the client\\\'s responsibility.\\r\\n5. Quoted prices are valid for 10 days from the date of this quotation.', '', '2025-07-12 07:00:37', '2025-07-12 07:00:37', 'draft', 0.00, NULL),
(78, 1, 33, 'QP-20250712090235', '2025-07-12', 0.00, '', 'Payment Terms:\\r\\n- Advance: 80%\\r\\n- After Delivery of Frames: 15%\\r\\n- After Installation: 5%\\r\\n\\r\\nGeneral Conditions:\\r\\n1. The company is not responsible for any design changes after this agreement is signed.\\r\\n2. Orders will be delivered within 25 days after final measurements are confirmed.\\r\\n3. Gaps up to 5mm will be sealed with silicone by the company; larger gaps are the client\\\'s responsibility.\\r\\n4. Provision of electricity and scaffolding is the client\\\'s responsibility.\\r\\n5. Quoted prices are valid for 10 days from the date of this quotation.', '', '2025-07-12 07:02:35', '2025-07-12 07:02:35', 'draft', 0.00, NULL),
(79, 1, 33, 'QP-20250712092005', '2025-07-12', 155993.20, '', 'Payment Terms:\\r\\n- Advance: 80%\\r\\n- After Delivery of Frames: 15%\\r\\n- After Installation: 5%\\r\\n\\r\\nGeneral Conditions:\\r\\n1. The company is not responsible for any design changes after this agreement is signed.\\r\\n2. Orders will be delivered within 25 days after final measurements are confirmed.\\r\\n3. Gaps up to 5mm will be sealed with silicone by the company; larger gaps are the client\\\'s responsibility.\\r\\n4. Provision of electricity and scaffolding is the client\\\'s responsibility.\\r\\n5. Quoted prices are valid for 10 days from the date of this quotation.', '', '2025-07-12 07:20:05', '2025-07-12 07:20:05', 'draft', 0.00, NULL),
(80, 1, 33, 'QP-20250712104236', '2025-07-12', 193490.88, '', 'Payment Terms:\\r\\n- Advance: 80%\\r\\n- After Delivery of Frames: 15%\\r\\n- After Installation: 5%\\r\\n\\r\\nGeneral Conditions:\\r\\n1. The company is not responsible for any design changes after this agreement is signed.\\r\\n2. Orders will be delivered within 25 days after final measurements are confirmed.\\r\\n3. Gaps up to 5mm will be sealed with silicone by the company; larger gaps are the client\\\'s responsibility.\\r\\n4. Provision of electricity and scaffolding is the client\\\'s responsibility.\\r\\n5. Quoted prices are valid for 10 days from the date of this quotation.', '', '2025-07-12 08:42:36', '2025-07-12 08:42:36', 'draft', 0.00, NULL),
(81, 1, 33, 'QP-20250712104854', '2025-07-12', 57648.96, '', 'Payment Terms:\\r\\n- Advance: 80%\\r\\n- After Delivery of Frames: 15%\\r\\n- After Installation: 5%\\r\\n\\r\\nGeneral Conditions:\\r\\n1. The company is not responsible for any design changes after this agreement is signed.\\r\\n2. Orders will be delivered within 25 days after final measurements are confirmed.\\r\\n3. Gaps up to 5mm will be sealed with silicone by the company; larger gaps are the client\\\'s responsibility.\\r\\n4. Provision of electricity and scaffolding is the client\\\'s responsibility.\\r\\n5. Quoted prices are valid for 10 days from the date of this quotation.', '', '2025-07-12 08:48:54', '2025-07-12 08:48:54', 'draft', 0.00, NULL),
(83, 1, 48, 'QP-20250712132312', '2025-07-12', 0.00, '', 'Payment Terms:\\r\\n- Advance: 80%\\r\\n- After Delivery of Frames: 15%\\r\\n- After Installation: 5%\\r\\n\\r\\nGeneral Conditions:\\r\\n1. The company is not responsible for any design changes after this agreement is signed.\\r\\n2. Orders will be delivered within 25 days after final measurements are confirmed.\\r\\n3. Gaps up to 5mm will be sealed with silicone by the company; larger gaps are the client\\\'s responsibility.\\r\\n4. Provision of electricity and scaffolding is the client\\\'s responsibility.\\r\\n5. Quoted prices are valid for 10 days from the date of this quotation.', '', '2025-07-12 11:23:12', '2025-07-12 11:23:12', 'draft', 0.00, NULL),
(84, 1, 48, 'QP-20250712133910', '2025-07-12', 0.00, '', 'Payment Terms:\\r\\n- Advance: 80%\\r\\n- After Delivery of Frames: 15%\\r\\n- After Installation: 5%\\r\\n\\r\\nGeneral Conditions:\\r\\n1. The company is not responsible for any design changes after this agreement is signed.\\r\\n2. Orders will be delivered within 25 days after final measurements are confirmed.\\r\\n3. Gaps up to 5mm will be sealed with silicone by the company; larger gaps are the client\\\'s responsibility.\\r\\n4. Provision of electricity and scaffolding is the client\\\'s responsibility.\\r\\n5. Quoted prices are valid for 10 days from the date of this quotation.', '', '2025-07-12 11:39:10', '2025-07-12 11:39:10', 'draft', 0.00, NULL),
(85, 1, 48, 'QP-20250712135305', '2025-07-12', 141390.92, '', 'Payment Terms:\\r\\n- Advance: 80%\\r\\n- After Delivery of Frames: 15%\\r\\n- After Installation: 5%\\r\\n\\r\\nGeneral Conditions:\\r\\n1. The company is not responsible for any design changes after this agreement is signed.\\r\\n2. Orders will be delivered within 25 days after final measurements are confirmed.\\r\\n3. Gaps up to 5mm will be sealed with silicone by the company; larger gaps are the client\\\'s responsibility.\\r\\n4. Provision of electricity and scaffolding is the client\\\'s responsibility.\\r\\n5. Quoted prices are valid for 10 days from the date of this quotation.', '', '2025-07-12 11:53:05', '2025-07-12 11:53:05', 'draft', 0.00, NULL),
(86, 1, 48, 'QP-20250712142853', '2025-07-12', 45214.56, '', 'Payment Terms:\\r\\n- Advance: 80%\\r\\n- After Delivery of Frames: 15%\\r\\n- After Installation: 5%\\r\\n\\r\\nGeneral Conditions:\\r\\n1. The company is not responsible for any design changes after this agreement is signed.\\r\\n2. Orders will be delivered within 25 days after final measurements are confirmed.\\r\\n3. Gaps up to 5mm will be sealed with silicone by the company; larger gaps are the client\\\'s responsibility.\\r\\n4. Provision of electricity and scaffolding is the client\\\'s responsibility.\\r\\n5. Quoted prices are valid for 10 days from the date of this quotation.', '', '2025-07-12 12:28:53', '2025-07-12 12:28:53', 'draft', 0.00, NULL),
(88, 1, 33, 'QP-20250712150412', '2025-07-12', 99714.24, '', 'Payment Terms:\\r\\n- Advance: 80%\\r\\n- After Delivery of Frames: 15%\\r\\n- After Installation: 5%\\r\\n\\r\\nGeneral Conditions:\\r\\n1. The company is not responsible for any design changes after this agreement is signed.\\r\\n2. Orders will be delivered within 25 days after final measurements are confirmed.\\r\\n3. Gaps up to 5mm will be sealed with silicone by the company; larger gaps are the client\\\'s responsibility.\\r\\n4. Provision of electricity and scaffolding is the client\\\'s responsibility.\\r\\n5. Quoted prices are valid for 10 days from the date of this quotation.', '', '2025-07-12 13:04:12', '2025-07-12 13:04:12', 'draft', 0.00, NULL);

-- --------------------------------------------------------

--
-- Table structure for table `quotation_calculations`
--

CREATE TABLE `quotation_calculations` (
  `id` int(11) NOT NULL,
  `quotation_id` int(11) NOT NULL,
  `product_type_id` int(11) NOT NULL,
  `quantity` int(11) NOT NULL DEFAULT 1,
  `width` decimal(10,2) NOT NULL,
  `height` decimal(10,2) NOT NULL,
  `area` decimal(10,2) NOT NULL,
  `material_cost` decimal(12,2) NOT NULL,
  `hardware_cost` decimal(12,2) NOT NULL,
  `labor_cost` decimal(12,2) NOT NULL,
  `unit_price` decimal(12,2) NOT NULL,
  `total_price` decimal(12,2) NOT NULL,
  `notes` text DEFAULT NULL,
  `created_at` timestamp NOT NULL DEFAULT current_timestamp()
) ENGINE=InnoDB DEFAULT CHARSET=utf8mb4 COLLATE=utf8mb4_general_ci;

-- --------------------------------------------------------

--
-- Table structure for table `quotation_calculation_link`
--

CREATE TABLE `quotation_calculation_link` (
  `quotation_id` int(11) NOT NULL,
  `calculation_id` int(11) NOT NULL
) ENGINE=InnoDB DEFAULT CHARSET=utf8mb4 COLLATE=utf8mb4_general_ci;

-- --------------------------------------------------------

--
-- Table structure for table `quotation_items`
--

CREATE TABLE `quotation_items` (
  `id` int(11) NOT NULL,
  `quotation_id` int(11) NOT NULL,
  `description` text DEFAULT NULL,
  `unit` varchar(50) DEFAULT NULL,
  `area` decimal(12,2) DEFAULT NULL,
  `rate_per_sft` decimal(12,2) DEFAULT NULL,
  `amount` decimal(12,2) NOT NULL DEFAULT 0.00,
  `created_at` timestamp NOT NULL DEFAULT current_timestamp(),
  `updated_at` timestamp NOT NULL DEFAULT current_timestamp() ON UPDATE current_timestamp(),
  `quantity` int(11) DEFAULT 0,
  `height` decimal(10,2) DEFAULT NULL,
  `width` decimal(10,2) DEFAULT NULL,
  `window_type` varchar(50) DEFAULT NULL,
  `svg_data` text DEFAULT NULL
) ENGINE=InnoDB DEFAULT CHARSET=utf8mb4 COLLATE=utf8mb4_general_ci;

--
-- Dumping data for table `quotation_items`
--

INSERT INTO `quotation_items` (`id`, `quotation_id`, `description`, `unit`, `area`, `rate_per_sft`, `amount`, `created_at`, `updated_at`, `quantity`, `height`, `width`, `window_type`, `svg_data`) VALUES
(271, 47, 'Total Area of Windows', '', 25.00, 502.95, 12573.75, '2025-06-30 09:48:27', '2025-06-30 09:48:27', 1, NULL, NULL, NULL, NULL),
(272, 47, 'Total Area of 6mm Plain Glass', '', 25.00, 34434.00, 0.00, '2025-06-30 09:48:27', '2025-07-10 08:00:23', 0, NULL, NULL, NULL, NULL),
(273, 47, 'Total Area of Double Glaze with 6mm Plain Glass', '', 25.00, 340.00, 0.00, '2025-06-30 09:48:27', '2025-07-10 08:00:28', 0, NULL, NULL, NULL, NULL),
(274, 47, 'Installation', '', 25.00, 3440.00, 0.00, '2025-06-30 09:48:27', '2025-07-10 08:00:33', 0, NULL, NULL, NULL, NULL),
(275, 47, 'Transportation (As per Actual)', '', 1.00, 210.00, 0.00, '2025-06-30 09:48:27', '2025-07-10 08:00:38', 0, NULL, NULL, NULL, NULL),
(276, 47, 'Quantity of Windows', '', 0.00, NULL, 0.00, '2025-06-30 09:48:27', '2025-06-30 09:48:27', 1, NULL, NULL, NULL, NULL),
(277, 48, 'Total Area of Windows', '', 36.00, 452.54, 16291.44, '2025-07-01 07:32:00', '2025-07-01 07:32:00', 1, NULL, NULL, NULL, NULL),
(278, 48, 'Total Area of 6mm Plain Glass', '', 36.00, 12340.00, 0.00, '2025-07-01 07:32:00', '2025-07-10 08:00:45', 0, NULL, NULL, NULL, NULL),
(279, 48, 'Total Area of Double Glaze with 6mm Plain Glass', '', 36.00, 1240.00, 0.00, '2025-07-01 07:32:00', '2025-07-10 08:00:49', 0, NULL, NULL, NULL, NULL),
(280, 48, 'Installation', '', 36.00, 6450.00, 0.00, '2025-07-01 07:32:00', '2025-07-10 08:00:54', 0, NULL, NULL, NULL, NULL),
(281, 48, 'Transportation (As per Actual)', '', 1.00, 2110.00, 0.00, '2025-07-01 07:32:00', '2025-07-10 08:00:58', 0, NULL, NULL, NULL, NULL),
(282, 48, 'Quantity of Windows', '', 0.00, NULL, 0.00, '2025-07-01 07:32:00', '2025-07-01 07:32:00', 1, NULL, NULL, NULL, NULL),
(295, 51, 'Total Area of Windows', '', 30.00, 475.87, 14276.10, '2025-07-01 13:01:38', '2025-07-01 13:01:38', 1, NULL, NULL, NULL, NULL),
(296, 51, 'Total Area of 6mm Plain Glass', '', 30.00, 2340.00, 0.00, '2025-07-01 13:01:38', '2025-07-10 08:01:07', 0, NULL, NULL, NULL, NULL),
(297, 51, 'Total Area of Double Glaze with 6mm Plain Glass', '', 30.00, 460.00, 0.00, '2025-07-01 13:01:38', '2025-07-10 08:01:11', 0, NULL, NULL, NULL, NULL),
(298, 51, 'Installation', '', 30.00, 5640.00, 0.00, '2025-07-01 13:01:38', '2025-07-10 08:01:14', 0, NULL, NULL, NULL, NULL),
(299, 51, 'Transportation (As per Actual)', '', 1.00, 2230.00, 0.00, '2025-07-01 13:01:38', '2025-07-10 08:01:18', 0, NULL, NULL, NULL, NULL),
(300, 51, 'Quantity of Windows', '', 2340.00, NULL, 0.00, '2025-07-01 13:01:38', '2025-07-10 08:01:59', 1, NULL, NULL, NULL, NULL),
(313, 54, 'Total Area of Windows', '', 2340.00, 4450.00, 0.00, '2025-07-01 13:08:31', '2025-07-10 08:02:02', 0, NULL, NULL, NULL, NULL),
(314, 54, 'Total Area of 6mm Plain Glass', '', 450.00, 3450.00, 0.00, '2025-07-01 13:08:31', '2025-07-10 08:02:05', 0, NULL, NULL, NULL, NULL),
(315, 54, 'Total Area of Double Glaze with 6mm Plain Glass', '', 1230.00, 2240.00, 0.00, '2025-07-01 13:08:31', '2025-07-10 08:02:09', 0, NULL, NULL, NULL, NULL),
(316, 54, 'Installation', '', 4540.00, 5640.00, 0.00, '2025-07-01 13:08:31', '2025-07-10 08:02:12', 0, NULL, NULL, NULL, NULL),
(317, 54, 'Transportation (As per Actual)', '', 1.00, 320.00, 0.00, '2025-07-01 13:08:31', '2025-07-10 08:01:40', 0, NULL, NULL, NULL, NULL),
(318, 54, 'Quantity of Windows', '', 4650.00, NULL, 0.00, '2025-07-01 13:08:31', '2025-07-10 08:02:19', 0, NULL, NULL, NULL, NULL),
(319, 55, 'Total Area of Windows', '', 41.00, 538.39, 22073.99, '2025-07-01 15:19:03', '2025-07-01 15:19:03', 2, NULL, NULL, NULL, NULL),
(320, 55, 'Total Area of 6mm Plain Glass', '', 41.00, 0.00, 0.00, '2025-07-01 15:19:03', '2025-07-01 15:19:03', 0, NULL, NULL, NULL, NULL),
(321, 55, 'Total Area of Double Glaze with 6mm Plain Glass', '', 41.00, 0.00, 0.00, '2025-07-01 15:19:03', '2025-07-01 15:19:03', 0, NULL, NULL, NULL, NULL),
(322, 55, 'Installation', '', 41.00, 0.00, 0.00, '2025-07-01 15:19:03', '2025-07-01 15:19:03', 0, NULL, NULL, NULL, NULL),
(323, 55, 'Transportation (As per Actual)', '', 1.00, 0.00, 0.00, '2025-07-01 15:19:03', '2025-07-01 15:19:03', 0, NULL, NULL, NULL, NULL),
(324, 55, 'Quantity of Windows', '', 0.00, NULL, 0.00, '2025-07-01 15:19:03', '2025-07-01 15:19:03', 2, NULL, NULL, NULL, NULL),
(325, 56, 'Total Area of Windows', '', 75.00, 229.65, 17223.75, '2025-07-07 09:34:14', '2025-07-07 09:34:14', 3, NULL, NULL, NULL, NULL),
(326, 56, 'Total Area of 6mm Plain Glass', '', 75.00, 0.00, 0.00, '2025-07-07 09:34:14', '2025-07-07 09:34:14', 0, NULL, NULL, NULL, NULL),
(327, 56, 'Total Area of Double Glaze with 6mm Plain Glass', '', 75.00, 0.00, 0.00, '2025-07-07 09:34:14', '2025-07-07 09:34:14', 0, NULL, NULL, NULL, NULL),
(328, 56, 'Installation', '', 75.00, 0.00, 0.00, '2025-07-07 09:34:14', '2025-07-07 09:34:14', 0, NULL, NULL, NULL, NULL),
(329, 56, 'Transportation (As per Actual)', '', 1.00, 0.00, 0.00, '2025-07-07 09:34:14', '2025-07-07 09:34:14', 0, NULL, NULL, NULL, NULL),
(330, 56, 'Quantity of Windows', '', 0.00, NULL, 0.00, '2025-07-07 09:34:14', '2025-07-07 09:34:14', 3, NULL, NULL, NULL, NULL),
(331, 57, 'Total Area of Windows', '', 25.00, 244.48, 6112.00, '2025-07-07 09:46:06', '2025-07-07 09:46:06', 1, NULL, NULL, NULL, NULL),
(332, 57, 'Total Area of 6mm Plain Glass', '', 25.00, 0.00, 0.00, '2025-07-07 09:46:06', '2025-07-07 09:46:06', 0, NULL, NULL, NULL, NULL),
(333, 57, 'Total Area of Double Glaze with 6mm Plain Glass', '', 25.00, 0.00, 0.00, '2025-07-07 09:46:06', '2025-07-07 09:46:06', 0, NULL, NULL, NULL, NULL),
(334, 57, 'Installation', '', 25.00, 0.00, 0.00, '2025-07-07 09:46:06', '2025-07-07 09:46:06', 0, NULL, NULL, NULL, NULL),
(335, 57, 'Transportation (As per Actual)', '', 1.00, 0.00, 0.00, '2025-07-07 09:46:06', '2025-07-07 09:46:06', 0, NULL, NULL, NULL, NULL),
(336, 57, 'Quantity of Windows', '', 0.00, NULL, 0.00, '2025-07-07 09:46:06', '2025-07-07 09:46:06', 1, NULL, NULL, NULL, NULL),
(337, 58, 'Total Area of Windows', '', 0.00, 0.00, 0.00, '2025-07-09 09:20:20', '2025-07-09 09:20:20', 0, NULL, NULL, NULL, NULL),
(338, 58, 'Total Area of 6mm Plain Glass', '', 0.00, 0.00, 0.00, '2025-07-09 09:20:20', '2025-07-09 09:20:20', 0, NULL, NULL, NULL, NULL),
(339, 58, 'Total Area of Double Glaze with 6mm Plain Glass', '', 0.00, 0.00, 0.00, '2025-07-09 09:20:20', '2025-07-09 09:20:20', 0, NULL, NULL, NULL, NULL),
(340, 58, 'Installation', '', 0.00, 0.00, 0.00, '2025-07-09 09:20:20', '2025-07-09 09:20:20', 0, NULL, NULL, NULL, NULL),
(341, 58, 'Transportation (As per Actual)', '', 1.00, 0.00, 0.00, '2025-07-09 09:20:20', '2025-07-09 09:20:20', 0, NULL, NULL, NULL, NULL),
(342, 58, 'Quantity of Windows', '', 0.00, NULL, 0.00, '2025-07-09 09:20:20', '2025-07-09 09:20:20', 0, NULL, NULL, NULL, NULL),
(355, 62, 'Total Area of Windows', '', 736.00, 300.41, 221101.76, '2025-07-11 18:28:23', '2025-07-11 18:28:23', 1, NULL, NULL, NULL, NULL),
(356, 62, 'Total Area of 6mm Plain Glass', '', 736.00, 0.00, 0.00, '2025-07-11 18:28:23', '2025-07-11 18:28:23', 0, NULL, NULL, NULL, NULL),
(357, 62, 'Total Area of Double Glaze with 6mm Plain Glass', '', 736.00, 0.00, 0.00, '2025-07-11 18:28:23', '2025-07-11 18:28:23', 0, NULL, NULL, NULL, NULL),
(358, 62, 'Installation', '', 736.00, 0.00, 0.00, '2025-07-11 18:28:23', '2025-07-11 18:28:23', 0, NULL, NULL, NULL, NULL),
(359, 62, 'Transportation (As per Actual)', '', 1.00, 0.00, 0.00, '2025-07-11 18:28:23', '2025-07-11 18:28:23', 0, NULL, NULL, NULL, NULL),
(360, 62, 'Quantity of Windows', '', 0.00, NULL, 0.00, '2025-07-11 18:28:23', '2025-07-11 18:28:23', 1, NULL, NULL, NULL, NULL),
(361, 63, 'Total Area of Windows', '', 736.00, 300.41, 221101.76, '2025-07-11 18:28:41', '2025-07-11 18:28:41', 1, NULL, NULL, NULL, NULL),
(362, 63, 'Total Area of 6mm Plain Glass', '', 736.00, 0.00, 0.00, '2025-07-11 18:28:41', '2025-07-11 18:28:41', 0, NULL, NULL, NULL, NULL),
(363, 63, 'Total Area of Double Glaze with 6mm Plain Glass', '', 736.00, 0.00, 0.00, '2025-07-11 18:28:41', '2025-07-11 18:28:41', 0, NULL, NULL, NULL, NULL),
(364, 63, 'Installation', '', 736.00, 0.00, 0.00, '2025-07-11 18:28:41', '2025-07-11 18:28:41', 0, NULL, NULL, NULL, NULL),
(365, 63, 'Transportation (As per Actual)', '', 1.00, 0.00, 0.00, '2025-07-11 18:28:41', '2025-07-11 18:28:41', 0, NULL, NULL, NULL, NULL),
(366, 63, 'Quantity of Windows', '', 0.00, NULL, 0.00, '2025-07-11 18:28:41', '2025-07-11 18:28:41', 1, NULL, NULL, NULL, NULL),
(367, 64, 'Total Area of Windows', '', 529.00, 316.90, 167640.10, '2025-07-11 18:30:59', '2025-07-11 18:30:59', 1, NULL, NULL, NULL, NULL),
(368, 64, 'Total Area of 6mm Plain Glass', '', 529.00, 0.00, 0.00, '2025-07-11 18:30:59', '2025-07-11 18:30:59', 0, NULL, NULL, NULL, NULL),
(369, 64, 'Total Area of Double Glaze with 6mm Plain Glass', '', 529.00, 0.00, 0.00, '2025-07-11 18:30:59', '2025-07-11 18:30:59', 0, NULL, NULL, NULL, NULL),
(370, 64, 'Installation', '', 529.00, 0.00, 0.00, '2025-07-11 18:30:59', '2025-07-11 18:30:59', 0, NULL, NULL, NULL, NULL),
(371, 64, 'Transportation (As per Actual)', '', 1.00, 0.00, 0.00, '2025-07-11 18:30:59', '2025-07-11 18:30:59', 0, NULL, NULL, NULL, NULL),
(372, 64, 'Quantity of Windows', '', 0.00, NULL, 0.00, '2025-07-11 18:30:59', '2025-07-11 18:30:59', 1, NULL, NULL, NULL, NULL),
(373, 65, 'Total Area of Windows', '', 529.00, 316.90, 167640.10, '2025-07-11 18:31:35', '2025-07-11 18:31:35', 1, NULL, NULL, NULL, NULL),
(374, 65, 'Total Area of 6mm Plain Glass', '', 529.00, 0.00, 0.00, '2025-07-11 18:31:35', '2025-07-11 18:31:35', 0, NULL, NULL, NULL, NULL),
(375, 65, 'Total Area of Double Glaze with 6mm Plain Glass', '', 529.00, 0.00, 0.00, '2025-07-11 18:31:35', '2025-07-11 18:31:35', 0, NULL, NULL, NULL, NULL),
(376, 65, 'Installation', '', 529.00, 0.00, 0.00, '2025-07-11 18:31:35', '2025-07-11 18:31:35', 0, NULL, NULL, NULL, NULL),
(377, 65, 'Transportation (As per Actual)', '', 1.00, 0.00, 0.00, '2025-07-11 18:31:35', '2025-07-11 18:31:35', 0, NULL, NULL, NULL, NULL),
(378, 65, 'Quantity of Windows', '', 0.00, NULL, 0.00, '2025-07-11 18:31:35', '2025-07-11 18:31:35', 1, NULL, NULL, NULL, NULL),
(379, 68, 'Total Area of Windows', '', 0.00, 311.55, 0.00, '2025-07-11 21:13:09', '2025-07-11 21:13:09', 4, NULL, NULL, NULL, NULL),
(380, 68, 'Total Area of 6mm Plain Glass', '', 0.00, 0.00, 0.00, '2025-07-11 21:13:09', '2025-07-11 21:13:09', 0, NULL, NULL, NULL, NULL),
(381, 68, 'Total Area of Double Glaze with 6mm Plain Glass', '', 0.00, 0.00, 0.00, '2025-07-11 21:13:09', '2025-07-11 21:13:09', 0, NULL, NULL, NULL, NULL),
(382, 68, 'Installation', '', 0.00, 0.00, 0.00, '2025-07-11 21:13:09', '2025-07-11 21:13:09', 0, NULL, NULL, NULL, NULL),
(383, 68, 'Transportation (As per Actual)', '', 1.00, 0.00, 0.00, '2025-07-11 21:13:09', '2025-07-11 21:13:09', 0, NULL, NULL, NULL, NULL),
(384, 68, 'Quantity of Windows', '', 0.00, NULL, 0.00, '2025-07-11 21:13:09', '2025-07-11 21:13:09', 4, NULL, NULL, NULL, NULL),
(385, 69, 'Total Area of Windows', '', 0.00, 322.30, 0.00, '2025-07-11 21:15:46', '2025-07-11 21:15:46', 3, NULL, NULL, NULL, NULL),
(386, 69, 'Total Area of 6mm Plain Glass', '', 0.00, 0.00, 0.00, '2025-07-11 21:15:46', '2025-07-11 21:15:46', 0, NULL, NULL, NULL, NULL),
(387, 69, 'Total Area of Double Glaze with 6mm Plain Glass', '', 0.00, 0.00, 0.00, '2025-07-11 21:15:46', '2025-07-11 21:15:46', 0, NULL, NULL, NULL, NULL),
(388, 69, 'Installation', '', 0.00, 0.00, 0.00, '2025-07-11 21:15:46', '2025-07-11 21:15:46', 0, NULL, NULL, NULL, NULL),
(389, 69, 'Transportation (As per Actual)', '', 1.00, 0.00, 0.00, '2025-07-11 21:15:46', '2025-07-11 21:15:46', 0, NULL, NULL, NULL, NULL),
(390, 69, 'Quantity of Windows', '', 0.00, NULL, 0.00, '2025-07-11 21:15:46', '2025-07-11 21:15:46', 3, NULL, NULL, NULL, NULL),
(391, 70, 'Total Area of Windows', '', 0.00, 255.44, 0.00, '2025-07-12 05:31:08', '2025-07-12 05:31:08', 5, NULL, NULL, NULL, NULL),
(392, 70, 'Total Area of 6mm Plain Glass', '', 0.00, 0.00, 0.00, '2025-07-12 05:31:08', '2025-07-12 05:31:08', 0, NULL, NULL, NULL, NULL),
(393, 70, 'Total Area of Double Glaze with 6mm Plain Glass', '', 0.00, 0.00, 0.00, '2025-07-12 05:31:08', '2025-07-12 05:31:08', 0, NULL, NULL, NULL, NULL),
(394, 70, 'Installation', '', 0.00, 0.00, 0.00, '2025-07-12 05:31:08', '2025-07-12 05:31:08', 0, NULL, NULL, NULL, NULL),
(395, 70, 'Transportation (As per Actual)', '', 1.00, 0.00, 0.00, '2025-07-12 05:31:08', '2025-07-12 05:31:08', 0, NULL, NULL, NULL, NULL),
(396, 70, 'Quantity of Windows', '', 0.00, NULL, 0.00, '2025-07-12 05:31:08', '2025-07-12 05:31:08', 5, NULL, NULL, NULL, NULL),
(397, 71, 'Total Area of Windows', '', 0.00, 271.31, 0.00, '2025-07-12 05:49:40', '2025-07-12 05:49:40', 1, NULL, NULL, NULL, NULL),
(398, 71, 'Total Area of 6mm Plain Glass', '', 0.00, 0.00, 0.00, '2025-07-12 05:49:40', '2025-07-12 05:49:40', 0, NULL, NULL, NULL, NULL),
(399, 71, 'Total Area of Double Glaze with 6mm Plain Glass', '', 0.00, 0.00, 0.00, '2025-07-12 05:49:40', '2025-07-12 05:49:40', 0, NULL, NULL, NULL, NULL),
(400, 71, 'Installation', '', 0.00, 0.00, 0.00, '2025-07-12 05:49:40', '2025-07-12 05:49:40', 0, NULL, NULL, NULL, NULL),
(401, 71, 'Transportation (As per Actual)', '', 1.00, 0.00, 0.00, '2025-07-12 05:49:40', '2025-07-12 05:49:40', 0, NULL, NULL, NULL, NULL),
(402, 71, 'Quantity of Windows', '', 0.00, NULL, 0.00, '2025-07-12 05:49:40', '2025-07-12 05:49:40', 1, NULL, NULL, NULL, NULL),
(403, 72, 'Total Area of Windows', '', 484.00, 322.30, 155993.20, '2025-07-12 06:33:34', '2025-07-12 06:33:34', 1, NULL, NULL, NULL, NULL),
(404, 72, 'Total Area of 6mm Plain Glass', '', 484.00, 0.00, 0.00, '2025-07-12 06:33:34', '2025-07-12 06:33:34', 0, NULL, NULL, NULL, NULL),
(405, 72, 'Total Area of Double Glaze with 6mm Plain Glass', '', 484.00, 0.00, 0.00, '2025-07-12 06:33:34', '2025-07-12 06:33:34', 0, NULL, NULL, NULL, NULL),
(406, 72, 'Installation', '', 484.00, 0.00, 0.00, '2025-07-12 06:33:34', '2025-07-12 06:33:34', 0, NULL, NULL, NULL, NULL),
(407, 72, 'Transportation (As per Actual)', '', 1.00, 0.00, 0.00, '2025-07-12 06:33:34', '2025-07-12 06:33:34', 0, NULL, NULL, NULL, NULL),
(408, 72, 'Quantity of Windows', '', 0.00, NULL, 0.00, '2025-07-12 06:33:34', '2025-07-12 06:33:34', 1, NULL, NULL, NULL, NULL),
(409, 75, 'Total Area of Windows', '', 0.00, 209.68, 0.00, '2025-07-12 06:53:33', '2025-07-12 06:53:33', 1, NULL, NULL, NULL, NULL),
(410, 75, 'Total Area of 6mm Plain Glass', '', 0.00, 0.00, 0.00, '2025-07-12 06:53:33', '2025-07-12 06:53:33', 0, NULL, NULL, NULL, NULL),
(411, 75, 'Total Area of Double Glaze with 6mm Plain Glass', '', 0.00, 0.00, 0.00, '2025-07-12 06:53:33', '2025-07-12 06:53:33', 0, NULL, NULL, NULL, NULL),
(412, 75, 'Installation', '', 0.00, 0.00, 0.00, '2025-07-12 06:53:33', '2025-07-12 06:53:33', 0, NULL, NULL, NULL, NULL),
(413, 75, 'Transportation (As per Actual)', '', 1.00, 0.00, 0.00, '2025-07-12 06:53:33', '2025-07-12 06:53:33', 0, NULL, NULL, NULL, NULL),
(414, 75, 'Quantity of Windows', '', 0.00, NULL, 0.00, '2025-07-12 06:53:33', '2025-07-12 06:53:33', 1, NULL, NULL, NULL, NULL),
(415, 76, 'Total Area of Windows', '', 0.00, 207.93, 0.00, '2025-07-12 06:55:25', '2025-07-12 06:55:25', 1, NULL, NULL, NULL, NULL),
(416, 76, 'Total Area of 6mm Plain Glass', '', 0.00, 0.00, 0.00, '2025-07-12 06:55:25', '2025-07-12 06:55:25', 0, NULL, NULL, NULL, NULL),
(417, 76, 'Total Area of Double Glaze with 6mm Plain Glass', '', 0.00, 0.00, 0.00, '2025-07-12 06:55:25', '2025-07-12 06:55:25', 0, NULL, NULL, NULL, NULL),
(418, 76, 'Installation', '', 0.00, 0.00, 0.00, '2025-07-12 06:55:25', '2025-07-12 06:55:25', 0, NULL, NULL, NULL, NULL),
(419, 76, 'Transportation (As per Actual)', '', 1.00, 0.00, 0.00, '2025-07-12 06:55:25', '2025-07-12 06:55:25', 0, NULL, NULL, NULL, NULL),
(420, 76, 'Quantity of Windows', '', 0.00, NULL, 0.00, '2025-07-12 06:55:25', '2025-07-12 06:55:25', 1, NULL, NULL, NULL, NULL),
(421, 77, 'Total Area of Windows', '', 0.00, 274.57, 0.00, '2025-07-12 07:00:37', '2025-07-12 07:00:37', 2, NULL, NULL, NULL, NULL),
(422, 77, 'Total Area of 6mm Plain Glass', '', 0.00, 0.00, 0.00, '2025-07-12 07:00:37', '2025-07-12 07:00:37', 0, NULL, NULL, NULL, NULL),
(423, 77, 'Total Area of Double Glaze with 6mm Plain Glass', '', 0.00, 0.00, 0.00, '2025-07-12 07:00:37', '2025-07-12 07:00:37', 0, NULL, NULL, NULL, NULL),
(424, 77, 'Installation', '', 0.00, 0.00, 0.00, '2025-07-12 07:00:37', '2025-07-12 07:00:37', 0, NULL, NULL, NULL, NULL),
(425, 77, 'Transportation (As per Actual)', '', 1.00, 0.00, 0.00, '2025-07-12 07:00:37', '2025-07-12 07:00:37', 0, NULL, NULL, NULL, NULL),
(426, 77, 'Quantity of Windows', '', 0.00, NULL, 0.00, '2025-07-12 07:00:37', '2025-07-12 07:00:37', 2, NULL, NULL, NULL, NULL),
(427, 78, 'Total Area of Windows', '', 0.00, 221.58, 0.00, '2025-07-12 07:02:35', '2025-07-12 07:02:35', 1, NULL, NULL, NULL, NULL),
(428, 78, 'Total Area of 6mm Plain Glass', '', 0.00, 0.00, 0.00, '2025-07-12 07:02:35', '2025-07-12 07:02:35', 0, NULL, NULL, NULL, NULL),
(429, 78, 'Total Area of Double Glaze with 6mm Plain Glass', '', 0.00, 0.00, 0.00, '2025-07-12 07:02:35', '2025-07-12 07:02:35', 0, NULL, NULL, NULL, NULL),
(430, 78, 'Installation', '', 0.00, 0.00, 0.00, '2025-07-12 07:02:35', '2025-07-12 07:02:35', 0, NULL, NULL, NULL, NULL),
(431, 78, 'Transportation (As per Actual)', '', 1.00, 0.00, 0.00, '2025-07-12 07:02:35', '2025-07-12 07:02:35', 0, NULL, NULL, NULL, NULL),
(432, 78, 'Quantity of Windows', '', 0.00, NULL, 0.00, '2025-07-12 07:02:35', '2025-07-12 07:02:35', 1, NULL, NULL, NULL, NULL),
(433, 79, 'Total Area of Windows', '', 484.00, 322.30, 155993.20, '2025-07-12 07:20:05', '2025-07-12 07:20:05', 1, NULL, NULL, NULL, NULL),
(434, 79, 'Total Area of 6mm Plain Glass', '', 484.00, 0.00, 0.00, '2025-07-12 07:20:05', '2025-07-12 07:20:05', 0, NULL, NULL, NULL, NULL),
(435, 79, 'Total Area of Double Glaze with 6mm Plain Glass', '', 484.00, 0.00, 0.00, '2025-07-12 07:20:05', '2025-07-12 07:20:05', 0, NULL, NULL, NULL, NULL),
(436, 79, 'Installation', '', 484.00, 0.00, 0.00, '2025-07-12 07:20:05', '2025-07-12 07:20:05', 0, NULL, NULL, NULL, NULL),
(437, 79, 'Transportation (As per Actual)', '', 1.00, 0.00, 0.00, '2025-07-12 07:20:05', '2025-07-12 07:20:05', 0, NULL, NULL, NULL, NULL),
(438, 79, 'Quantity of Windows', '', 0.00, NULL, 0.00, '2025-07-12 07:20:05', '2025-07-12 07:20:05', 1, NULL, NULL, NULL, NULL),
(439, 80, 'Total Area of Windows', '', 528.00, 366.46, 193490.88, '2025-07-12 08:42:36', '2025-07-12 08:42:36', 2, NULL, NULL, NULL, NULL),
(440, 80, 'Total Area of 6mm Plain Glass', '', 528.00, 0.00, 0.00, '2025-07-12 08:42:36', '2025-07-12 08:42:36', 0, NULL, NULL, NULL, NULL),
(441, 80, 'Total Area of Double Glaze with 6mm Plain Glass', '', 528.00, 0.00, 0.00, '2025-07-12 08:42:36', '2025-07-12 08:42:36', 0, NULL, NULL, NULL, NULL),
(442, 80, 'Installation', '', 528.00, 0.00, 0.00, '2025-07-12 08:42:36', '2025-07-12 08:42:36', 0, NULL, NULL, NULL, NULL),
(443, 80, 'Transportation (As per Actual)', '', 1.00, 0.00, 0.00, '2025-07-12 08:42:36', '2025-07-12 08:42:36', 0, NULL, NULL, NULL, NULL),
(444, 80, 'Quantity of Windows', '', 0.00, NULL, 0.00, '2025-07-12 08:42:36', '2025-07-12 08:42:36', 2, NULL, NULL, NULL, NULL),
(445, 81, 'Total Area of Windows', '', 144.00, 400.34, 57648.96, '2025-07-12 08:48:54', '2025-07-12 08:48:54', 1, NULL, NULL, NULL, NULL),
(446, 81, 'Total Area of 6mm Plain Glass', '', 144.00, 0.00, 0.00, '2025-07-12 08:48:54', '2025-07-12 08:48:54', 0, NULL, NULL, NULL, NULL),
(447, 81, 'Total Area of Double Glaze with 6mm Plain Glass', '', 144.00, 0.00, 0.00, '2025-07-12 08:48:54', '2025-07-12 08:48:54', 0, NULL, NULL, NULL, NULL),
(448, 81, 'Installation', '', 144.00, 0.00, 0.00, '2025-07-12 08:48:54', '2025-07-12 08:48:54', 0, NULL, NULL, NULL, NULL),
(449, 81, 'Transportation (As per Actual)', '', 1.00, 0.00, 0.00, '2025-07-12 08:48:54', '2025-07-12 08:48:54', 0, NULL, NULL, NULL, NULL),
(450, 81, 'Quantity of Windows', '', 0.00, NULL, 0.00, '2025-07-12 08:48:54', '2025-07-12 08:48:54', 1, NULL, NULL, NULL, NULL),
(451, 83, 'Total Area of Windows', '', 0.00, 233.64, 0.00, '2025-07-12 11:23:12', '2025-07-12 11:23:12', 8, NULL, NULL, NULL, NULL),
(452, 83, 'Total Area of 6mm Plain Glass', '', 0.00, 0.00, 0.00, '2025-07-12 11:23:12', '2025-07-12 11:23:12', 0, NULL, NULL, NULL, NULL),
(453, 83, 'Total Area of Double Glaze with 6mm Plain Glass', '', 0.00, 0.00, 0.00, '2025-07-12 11:23:12', '2025-07-12 11:23:12', 0, NULL, NULL, NULL, NULL),
(454, 83, 'Installation', '', 0.00, 0.00, 0.00, '2025-07-12 11:23:12', '2025-07-12 11:23:12', 0, NULL, NULL, NULL, NULL),
(455, 83, 'Transportation (As per Actual)', '', 1.00, 0.00, 0.00, '2025-07-12 11:23:12', '2025-07-12 11:23:12', 0, NULL, NULL, NULL, NULL),
(456, 83, 'Quantity of Windows', '', 0.00, NULL, 0.00, '2025-07-12 11:23:12', '2025-07-12 11:23:12', 8, NULL, NULL, NULL, NULL),
(457, 84, 'Total Area of Windows', '', 0.00, 232.81, 0.00, '2025-07-12 11:39:10', '2025-07-12 11:39:10', 1, NULL, NULL, NULL, NULL),
(458, 84, 'Total Area of 6mm Plain Glass', '', 0.00, 0.00, 0.00, '2025-07-12 11:39:10', '2025-07-12 11:39:10', 0, NULL, NULL, NULL, NULL),
(459, 84, 'Total Area of Double Glaze with 6mm Plain Glass', '', 0.00, 0.00, 0.00, '2025-07-12 11:39:10', '2025-07-12 11:39:10', 0, NULL, NULL, NULL, NULL),
(460, 84, 'Installation', '', 0.00, 0.00, 0.00, '2025-07-12 11:39:10', '2025-07-12 11:39:10', 0, NULL, NULL, NULL, NULL),
(461, 84, 'Transportation (As per Actual)', '', 1.00, 0.00, 0.00, '2025-07-12 11:39:10', '2025-07-12 11:39:10', 0, NULL, NULL, NULL, NULL),
(462, 84, 'Quantity of Windows', '', 0.00, NULL, 0.00, '2025-07-12 11:39:10', '2025-07-12 11:39:10', 1, NULL, NULL, NULL, NULL),
(463, 85, 'Total Area of Windows', '', 484.00, 292.13, 141390.92, '2025-07-12 11:53:05', '2025-07-12 11:53:05', 1, NULL, NULL, NULL, NULL),
(464, 85, 'Total Area of 6mm Plain Glass', '', 484.00, 0.00, 0.00, '2025-07-12 11:53:05', '2025-07-12 11:53:05', 0, NULL, NULL, NULL, NULL),
(465, 85, 'Total Area of Double Glaze with 6mm Plain Glass', '', 484.00, 0.00, 0.00, '2025-07-12 11:53:05', '2025-07-12 11:53:05', 0, NULL, NULL, NULL, NULL),
(466, 85, 'Installation', '', 484.00, 0.00, 0.00, '2025-07-12 11:53:05', '2025-07-12 11:53:05', 0, NULL, NULL, NULL, NULL),
(467, 85, 'Transportation (As per Actual)', '', 1.00, 0.00, 0.00, '2025-07-12 11:53:05', '2025-07-12 11:53:05', 0, NULL, NULL, NULL, NULL),
(468, 85, 'Quantity of Windows', '', 0.00, NULL, 0.00, '2025-07-12 11:53:05', '2025-07-12 11:53:05', 1, NULL, NULL, NULL, NULL),
(469, 86, 'Total Area of Windows', '', 144.00, 313.99, 45214.56, '2025-07-12 12:28:53', '2025-07-12 12:28:53', 1, NULL, NULL, NULL, NULL),
(470, 86, 'Total Area of 6mm Plain Glass', '', 144.00, 0.00, 0.00, '2025-07-12 12:28:53', '2025-07-12 12:28:53', 0, NULL, NULL, NULL, NULL),
(471, 86, 'Total Area of Double Glaze with 6mm Plain Glass', '', 144.00, 0.00, 0.00, '2025-07-12 12:28:53', '2025-07-12 12:28:53', 0, NULL, NULL, NULL, NULL),
(472, 86, 'Installation', '', 144.00, 0.00, 0.00, '2025-07-12 12:28:53', '2025-07-12 12:28:53', 0, NULL, NULL, NULL, NULL),
(473, 86, 'Transportation (As per Actual)', '', 1.00, 0.00, 0.00, '2025-07-12 12:28:53', '2025-07-12 12:28:53', 0, NULL, NULL, NULL, NULL),
(474, 86, 'Quantity of Windows', '', 0.00, NULL, 0.00, '2025-07-12 12:28:53', '2025-07-12 12:28:53', 1, NULL, NULL, NULL, NULL),
(475, 88, 'Total Area of Windows', '', 288.00, 346.23, 99714.24, '2025-07-12 13:04:12', '2025-07-12 13:04:12', 2, NULL, NULL, NULL, NULL),
(476, 88, 'Total Area of 6mm Plain Glass', '', 288.00, 0.00, 0.00, '2025-07-12 13:04:12', '2025-07-12 13:04:12', 0, NULL, NULL, NULL, NULL),
(477, 88, 'Total Area of Double Glaze with 6mm Plain Glass', '', 288.00, 0.00, 0.00, '2025-07-12 13:04:12', '2025-07-12 13:04:12', 0, NULL, NULL, NULL, NULL),
(478, 88, 'Installation', '', 288.00, 0.00, 0.00, '2025-07-12 13:04:12', '2025-07-12 13:04:12', 0, NULL, NULL, NULL, NULL),
(479, 88, 'Transportation (As per Actual)', '', 1.00, 0.00, 0.00, '2025-07-12 13:04:12', '2025-07-12 13:04:12', 0, NULL, NULL, NULL, NULL),
(480, 88, 'Quantity of Windows', '', 0.00, NULL, 0.00, '2025-07-12 13:04:12', '2025-07-12 13:04:12', 2, NULL, NULL, NULL, NULL);

-- --------------------------------------------------------

--
-- Table structure for table `users`
--

CREATE TABLE `users` (
  `id` int(11) NOT NULL,
  `username` varchar(100) NOT NULL,
  `password` varchar(255) NOT NULL,
  `created_at` timestamp NOT NULL DEFAULT current_timestamp()
) ENGINE=InnoDB DEFAULT CHARSET=utf8mb4 COLLATE=utf8mb4_general_ci;

--
-- Dumping data for table `users`
--

INSERT INTO `users` (`id`, `username`, `password`, `created_at`) VALUES
(1, 'admin', '$2y$10$f40/NDUfyfEGGwsUPb7eN.ZZHlq0LiIUiF7HC/cjoUFR40cqYZo6a', '2025-06-02 08:01:34');

-- --------------------------------------------------------

--
-- Table structure for table `window_calculation_details`
--

CREATE TABLE `window_calculation_details` (
  `id` int(11) NOT NULL,
  `calculation_id` int(11) DEFAULT NULL,
  `quotation_id` int(11) DEFAULT NULL,
  `quotation_number` varchar(50) DEFAULT NULL,
  `client_id` int(11) NOT NULL,
  `company_id` int(11) NOT NULL,
  `window_type` varchar(50) NOT NULL,
  `height` decimal(10,2) NOT NULL,
  `width` decimal(10,2) NOT NULL,
  `quantity` int(11) NOT NULL DEFAULT 1,
  `total_area` decimal(10,2) NOT NULL,
  `frame_length` decimal(10,2) DEFAULT NULL,
  `sash_length` decimal(10,2) DEFAULT NULL,
  `net_sash_length` decimal(10,2) DEFAULT NULL,
  `beading_length` decimal(10,2) DEFAULT NULL,
  `interlock_length` decimal(10,2) DEFAULT NULL,
  `steel_quantity` decimal(10,2) DEFAULT NULL,
  `net_area` decimal(10,2) DEFAULT NULL,
  `net_rubber_quantity` decimal(10,2) DEFAULT NULL,
  `burshi_length` decimal(10,2) DEFAULT NULL,
  `locks` int(11) DEFAULT NULL,
  `dummy` int(11) DEFAULT NULL,
  `boofer` int(11) DEFAULT NULL,
  `stopper` int(11) DEFAULT NULL,
  `double_wheel` int(11) DEFAULT NULL,
  `net_wheel` int(11) DEFAULT NULL,
  `sada_screw` int(11) DEFAULT NULL,
  `fitting_screw` int(11) DEFAULT NULL,
  `self_screw` decimal(10,2) DEFAULT NULL,
  `rawal_plug` int(11) DEFAULT NULL,
  `silicon_white` int(11) DEFAULT NULL,
  `hole_caps` int(11) DEFAULT NULL,
  `water_caps` int(11) DEFAULT NULL,
  `material_cost` decimal(12,2) NOT NULL,
  `hardware_cost` decimal(12,2) NOT NULL,
  `glass_cost` decimal(12,2) NOT NULL,
  `total_cost` decimal(12,2) NOT NULL,
  `created_at` timestamp NOT NULL DEFAULT current_timestamp(),
  `updated_at` timestamp NOT NULL DEFAULT current_timestamp() ON UPDATE current_timestamp(),
  `frame_cost` decimal(10,2) DEFAULT NULL,
  `sash_cost` decimal(10,2) DEFAULT NULL,
  `net_sash_cost` decimal(10,2) DEFAULT NULL,
  `beading_cost` decimal(10,2) DEFAULT NULL,
  `interlock_cost` decimal(10,2) DEFAULT NULL,
  `steel_cost` decimal(10,2) DEFAULT NULL,
  `net_cost` decimal(10,2) DEFAULT NULL,
  `net_rubber_cost` decimal(10,2) DEFAULT NULL,
  `burshi_cost` decimal(10,2) DEFAULT NULL,
  `locks_cost` decimal(10,2) DEFAULT NULL,
  `dummy_cost` decimal(10,2) DEFAULT NULL,
  `boofer_cost` decimal(10,2) DEFAULT NULL,
  `stopper_cost` decimal(10,2) DEFAULT NULL,
  `double_wheel_cost` decimal(10,2) DEFAULT NULL,
  `net_wheel_cost` decimal(10,2) DEFAULT NULL,
  `sada_screw_cost` decimal(10,2) DEFAULT NULL,
  `fitting_screw_cost` decimal(10,2) DEFAULT NULL,
  `self_screw_cost` decimal(10,2) DEFAULT NULL,
  `rawal_plug_cost` decimal(10,2) DEFAULT NULL,
  `silicon_white_cost` decimal(10,2) DEFAULT NULL,
  `hole_caps_cost` decimal(10,2) DEFAULT NULL,
  `water_caps_cost` decimal(10,2) DEFAULT NULL
) ENGINE=InnoDB DEFAULT CHARSET=utf8mb4 COLLATE=utf8mb4_general_ci;

--
-- Dumping data for table `window_calculation_details`
--

INSERT INTO `window_calculation_details` (`id`, `calculation_id`, `quotation_id`, `quotation_number`, `client_id`, `company_id`, `window_type`, `height`, `width`, `quantity`, `total_area`, `frame_length`, `sash_length`, `net_sash_length`, `beading_length`, `interlock_length`, `steel_quantity`, `net_area`, `net_rubber_quantity`, `burshi_length`, `locks`, `dummy`, `boofer`, `stopper`, `double_wheel`, `net_wheel`, `sada_screw`, `fitting_screw`, `self_screw`, `rawal_plug`, `silicon_white`, `hole_caps`, `water_caps`, `material_cost`, `hardware_cost`, `glass_cost`, `total_cost`, `created_at`, `updated_at`, `frame_cost`, `sash_cost`, `net_sash_cost`, `beading_cost`, `interlock_cost`, `steel_cost`, `net_cost`, `net_rubber_cost`, `burshi_cost`, `locks_cost`, `dummy_cost`, `boofer_cost`, `stopper_cost`, `double_wheel_cost`, `net_wheel_cost`, `sada_screw_cost`, `fitting_screw_cost`, `self_screw_cost`, `rawal_plug_cost`, `silicon_white_cost`, `hole_caps_cost`, `water_caps_cost`) VALUES
(18, NULL, NULL, 'QP-20250701074850', 44, 3, 'Door', 4.00, 4.00, 1, 16.00, 0.63, 0.84, 0.00, 0.84, 0.00, 3.50, 0.00, 0.00, 0.00, 0, 0, 0, 0, 0, 0, 0, 0, 0.00, 0, 0, 0, 0, 4895.00, 665.00, 1600.00, 7160.00, '2025-07-01 07:44:13', '2025-07-01 07:48:50', NULL, NULL, NULL, NULL, NULL, NULL, NULL, NULL, NULL, NULL, NULL, NULL, NULL, NULL, NULL, NULL, NULL, NULL, NULL, NULL, NULL, NULL),
(19, NULL, NULL, 'QP-20250701074850', 44, 3, 'Door', 6.00, 6.00, 1, 36.00, 0.95, 1.26, 0.00, 1.26, 0.00, 5.25, 0.00, 0.00, 0.00, 0, 0, 0, 0, 0, 0, 0, 0, 0.00, 0, 0, 0, 0, 0.00, 0.00, 3600.00, 3600.00, '2025-07-01 07:48:23', '2025-07-01 07:48:50', NULL, NULL, NULL, NULL, NULL, NULL, NULL, NULL, NULL, NULL, NULL, NULL, NULL, NULL, NULL, NULL, NULL, NULL, NULL, NULL, NULL, NULL),
(20, NULL, NULL, 'QP-20250701080130', 43, 2, 'Door', 5.00, 5.00, 1, 25.00, 0.79, 1.05, 0.00, 1.05, 0.00, 4.38, 0.00, 0.00, 0.00, 0, 0, 0, 0, 0, 0, 0, 0, 0.00, 0, 0, 0, 0, 0.00, 0.00, 2500.00, 2500.00, '2025-07-01 08:01:12', '2025-07-01 08:01:30', NULL, NULL, NULL, NULL, NULL, NULL, NULL, NULL, NULL, NULL, NULL, NULL, NULL, NULL, NULL, NULL, NULL, NULL, NULL, NULL, NULL, NULL),
(21, NULL, NULL, NULL, 33, 1, '3PSL', 6.00, 6.00, 1, 36.00, 1.26, 2.27, 1.14, 2.27, 0.76, 11.10, 24.00, 0.27, 66.00, 2, 2, 4, 4, 4, 4, 40, 30, 70.00, 30, 2, 30, 2, 7000.00, 1730.00, 7200.00, 15930.50, '2025-07-01 12:29:37', '2025-07-01 12:29:37', NULL, NULL, NULL, NULL, NULL, NULL, NULL, NULL, NULL, NULL, NULL, NULL, NULL, NULL, NULL, NULL, NULL, NULL, NULL, NULL, NULL, NULL),
(22, NULL, NULL, 'QP-20250701130138', 41, 1, '2PSL', 6.00, 5.00, 1, 30.00, 1.16, 1.74, 0.87, 1.74, 0.58, 8.94, 15.00, 3.92, 42.00, 1, 2, 2, 2, 2, 2, 20, 16, 100.00, 16, 2, 16, 2, 7014.00, 1262.00, 6000.00, 14276.10, '2025-07-01 13:00:53', '2025-07-01 13:01:38', NULL, NULL, NULL, NULL, NULL, NULL, NULL, NULL, NULL, NULL, NULL, NULL, NULL, NULL, NULL, NULL, NULL, NULL, NULL, NULL, NULL, NULL),
(23, NULL, NULL, 'QP-20250701151903', 39, 1, '2PSL', 5.00, 5.00, 1, 25.00, 1.05, 1.58, 0.79, 1.58, 0.53, 8.13, 12.50, 3.56, 35.00, 1, 2, 2, 2, 2, 2, 20, 16, 100.00, 16, 2, 16, 2, 6321.00, 1262.00, 5000.00, 12583.80, '2025-07-01 15:17:58', '2025-07-01 15:19:03', NULL, NULL, NULL, NULL, NULL, NULL, NULL, NULL, NULL, NULL, NULL, NULL, NULL, NULL, NULL, NULL, NULL, NULL, NULL, NULL, NULL, NULL),
(24, NULL, NULL, 'QP-20250701151903', 39, 1, '3PSL', 4.00, 4.00, 1, 16.00, 0.84, 1.52, 0.76, 1.52, 0.51, 7.40, 10.67, 0.18, 44.00, 2, 2, 4, 4, 4, 4, 40, 30, 70.00, 30, 2, 30, 2, 4560.00, 1730.00, 3200.00, 9490.33, '2025-07-01 15:18:44', '2025-07-01 15:19:03', NULL, NULL, NULL, NULL, NULL, NULL, NULL, NULL, NULL, NULL, NULL, NULL, NULL, NULL, NULL, NULL, NULL, NULL, NULL, NULL, NULL, NULL),
(25, NULL, NULL, NULL, 38, 1, 'Fix Window', 5.00, 5.00, 1, 25.00, 1.05, 0.00, 0.00, 1.05, 0.00, 2.50, 0.00, 0.00, 0.00, 0, 0, 0, 0, 0, 0, 0, 15, 20.00, 15, 0, 15, 0, 2125.00, 355.00, 5000.00, 7480.00, '2025-07-01 16:08:27', '2025-07-01 16:08:27', NULL, NULL, NULL, NULL, NULL, NULL, NULL, NULL, NULL, NULL, NULL, NULL, NULL, NULL, NULL, NULL, NULL, NULL, NULL, NULL, NULL, NULL),
(26, NULL, NULL, NULL, 42, 1, '2PSL', 5.00, 5.00, 1, 25.00, 1.05, 1.58, 0.79, 1.58, 0.53, 8.13, 12.50, 3.56, 35.00, 1, 2, 2, 2, 2, 2, 20, 16, 100.00, 16, 2, 16, 2, 6321.00, 1262.00, 5000.00, 12583.80, '2025-07-01 16:23:42', '2025-07-01 16:23:42', NULL, NULL, NULL, NULL, NULL, NULL, NULL, NULL, NULL, NULL, NULL, NULL, NULL, NULL, NULL, NULL, NULL, NULL, NULL, NULL, NULL, NULL),
(27, NULL, NULL, NULL, 43, 2, '2PSL', 5.00, 5.00, 1, 25.00, 1.05, 1.58, 0.79, 1.58, 0.53, 8.13, 12.50, 3.56, 35.00, 1, 2, 2, 2, 2, 2, 20, 16, 100.00, 16, 2, 16, 2, 0.00, 0.00, 5000.00, 5000.00, '2025-07-01 16:58:15', '2025-07-01 16:58:15', NULL, NULL, NULL, NULL, NULL, NULL, NULL, NULL, NULL, NULL, NULL, NULL, NULL, NULL, NULL, NULL, NULL, NULL, NULL, NULL, NULL, NULL),
(28, NULL, NULL, NULL, 43, 2, '2PSL', 5.00, 5.00, 1, 25.00, 1.05, 1.58, 0.79, 1.58, 0.53, 8.13, 12.50, 3.56, 35.00, 1, 2, 2, 2, 2, 2, 20, 16, 100.00, 16, 2, 16, 2, 0.00, 0.00, 5000.00, 5000.00, '2025-07-01 16:58:30', '2025-07-01 16:58:30', NULL, NULL, NULL, NULL, NULL, NULL, NULL, NULL, NULL, NULL, NULL, NULL, NULL, NULL, NULL, NULL, NULL, NULL, NULL, NULL, NULL, NULL),
(29, NULL, NULL, NULL, 35, 1, '2PSL', 5.00, 5.00, 1, 25.00, 1.05, 1.58, 0.79, 1.58, 0.53, 8.13, 12.50, 3.56, 35.00, 1, 2, 2, 2, 2, 2, 20, 16, 100.00, 16, 2, 16, 2, 6321.00, 1262.00, 5000.00, 12583.80, '2025-07-02 07:47:52', '2025-07-02 07:47:52', NULL, NULL, NULL, NULL, NULL, NULL, NULL, NULL, NULL, NULL, NULL, NULL, NULL, NULL, NULL, NULL, NULL, NULL, NULL, NULL, NULL, NULL),
(30, NULL, NULL, NULL, 35, 1, '2PSL', 6.00, 6.00, 1, 36.00, 1.26, 1.89, 0.95, 1.89, 0.63, 9.75, 18.00, 4.28, 42.00, 1, 2, 2, 2, 2, 2, 20, 20, 125.00, 20, 2, 20, 2, 7646.00, 1455.00, 7200.00, 16301.50, '2025-07-02 07:48:08', '2025-07-02 07:48:08', NULL, NULL, NULL, NULL, NULL, NULL, NULL, NULL, NULL, NULL, NULL, NULL, NULL, NULL, NULL, NULL, NULL, NULL, NULL, NULL, NULL, NULL),
(31, NULL, NULL, NULL, 40, 1, '2PSL', 5.00, 5.00, 1, 25.00, 1.05, 1.58, 0.79, 1.58, 0.53, 8.13, 12.50, 3.56, 35.00, 1, 2, 2, 2, 2, 2, 20, 16, 100.00, 16, 2, 16, 2, 6321.00, 1262.00, 5000.00, 12583.80, '2025-07-02 07:52:16', '2025-07-02 07:52:16', NULL, NULL, NULL, NULL, NULL, NULL, NULL, NULL, NULL, NULL, NULL, NULL, NULL, NULL, NULL, NULL, NULL, NULL, NULL, NULL, NULL, NULL),
(32, NULL, NULL, NULL, 40, 1, '2PSL', 8.00, 8.00, 1, 64.00, 1.68, 2.53, 1.26, 2.53, 0.84, 13.00, 32.00, 5.70, 56.00, 1, 2, 2, 2, 2, 2, 20, 20, 125.00, 20, 2, 20, 2, 10355.00, 1455.00, 12800.00, 24610.00, '2025-07-02 07:52:34', '2025-07-02 07:52:34', NULL, NULL, NULL, NULL, NULL, NULL, NULL, NULL, NULL, NULL, NULL, NULL, NULL, NULL, NULL, NULL, NULL, NULL, NULL, NULL, NULL, NULL),
(33, NULL, NULL, NULL, 37, 1, '2PSL', 5.00, 5.00, 1, 25.00, 1.05, 1.58, 0.79, 1.58, 0.53, 8.13, 12.50, 3.56, 35.00, 1, 2, 2, 2, 2, 2, 20, 16, 100.00, 16, 2, 16, 2, 6321.00, 1262.00, 5000.00, 12583.80, '2025-07-02 08:00:45', '2025-07-02 08:00:45', NULL, NULL, NULL, NULL, NULL, NULL, NULL, NULL, NULL, NULL, NULL, NULL, NULL, NULL, NULL, NULL, NULL, NULL, NULL, NULL, NULL, NULL),
(34, NULL, NULL, 'QP-20250707093414', 43, 2, '2PSL', 5.00, 5.00, 1, 25.00, 1.05, 1.58, 0.79, 1.58, 0.53, 8.13, 12.50, 3.56, 35.00, 1, 2, 2, 2, 2, 2, 20, 16, 100.00, 16, 2, 16, 2, 300.00, 812.00, 5000.00, 6112.00, '2025-07-06 18:57:37', '2025-07-07 09:34:14', NULL, NULL, NULL, NULL, NULL, NULL, NULL, NULL, NULL, NULL, NULL, NULL, NULL, NULL, NULL, NULL, NULL, NULL, NULL, NULL, NULL, NULL),
(35, NULL, NULL, 'QP-20250707093414', 43, 2, '2PSL', 5.00, 5.00, 1, 25.00, 1.05, 1.58, 0.79, 1.58, 0.53, 8.13, 12.50, 3.56, 35.00, 1, 2, 2, 2, 2, 2, 20, 16, 100.00, 16, 2, 16, 2, 300.00, 812.00, 5000.00, 6112.00, '2025-07-07 06:40:54', '2025-07-07 09:34:14', NULL, NULL, NULL, NULL, NULL, NULL, NULL, NULL, NULL, NULL, NULL, NULL, NULL, NULL, NULL, NULL, NULL, NULL, NULL, NULL, NULL, NULL),
(36, NULL, NULL, 'QP-20250707093414', 43, 2, '2PSL', 5.00, 5.00, 1, 25.00, 1.05, 1.58, 0.79, 1.58, 0.53, 8.13, 12.50, 3.56, 35.00, 1, 2, 2, 2, 2, 2, 20, 16, 100.00, 16, 2, 16, 2, 0.00, 0.00, 5000.00, 5000.00, '2025-07-07 09:33:52', '2025-07-07 09:34:14', NULL, NULL, NULL, NULL, NULL, NULL, NULL, NULL, NULL, NULL, NULL, NULL, NULL, NULL, NULL, NULL, NULL, NULL, NULL, NULL, NULL, NULL),
(37, NULL, NULL, 'QP-20250707094606', 42, 1, '2PSL', 5.00, 5.00, 1, 25.00, 1.05, 1.58, 0.79, 1.58, 0.53, 8.13, 12.50, 3.56, 35.00, 1, 2, 2, 2, 2, 2, 20, 16, 100.00, 16, 2, 16, 2, 300.00, 812.00, 5000.00, 6112.00, '2025-07-07 09:42:41', '2025-07-07 09:46:06', NULL, NULL, NULL, NULL, NULL, NULL, NULL, NULL, NULL, NULL, NULL, NULL, NULL, NULL, NULL, NULL, NULL, NULL, NULL, NULL, NULL, NULL),
(38, NULL, NULL, NULL, 38, 1, 'Openable Door', 5.00, 5.00, 1, 25.00, 1.05, 2.63, 0.00, 2.63, 0.00, 219.69, 0.00, 0.00, 0.00, 0, 4, 4, 0, 4, 4, 50, 30, 120.00, 30, 0, 0, 0, 0.00, 1200.00, 5000.00, 6200.00, '2025-07-07 10:56:43', '2025-07-07 10:56:43', NULL, NULL, NULL, NULL, NULL, NULL, NULL, NULL, NULL, NULL, NULL, NULL, NULL, NULL, NULL, NULL, NULL, NULL, NULL, NULL, NULL, NULL),
(39, NULL, NULL, NULL, 33, 1, 'Glass Door', 7.00, 7.00, 1, 49.00, 1.11, 2.21, 0.00, 2.21, 0.00, 66.50, 0.00, 0.00, 0.00, 1, 0, 0, 0, 0, 0, 0, 15, 60.00, 15, 0, 0, 0, 0.00, 385.00, 4900.00, 5285.00, '2025-07-07 11:18:31', '2025-07-07 11:18:31', NULL, NULL, NULL, NULL, NULL, NULL, NULL, NULL, NULL, NULL, NULL, NULL, NULL, NULL, NULL, NULL, NULL, NULL, NULL, NULL, NULL, NULL),
(40, NULL, NULL, NULL, 38, 1, '2PSL', 4.00, 4.00, 1, 16.00, 0.84, 1.26, 0.63, 1.26, 0.42, 6.50, 8.00, 2.85, 28.00, 1, 2, 2, 2, 2, 2, 20, 12, 75.00, 12, 2, 12, 2, 0.00, 659.00, 3200.00, 3859.00, '2025-07-07 11:53:47', '2025-07-07 11:53:47', NULL, NULL, NULL, NULL, NULL, NULL, NULL, NULL, NULL, NULL, NULL, NULL, NULL, NULL, NULL, NULL, NULL, NULL, NULL, NULL, NULL, NULL),
(41, NULL, NULL, NULL, 33, 1, '2PSL', 4.00, 4.00, 1, 16.00, 0.84, 1.26, 0.63, 1.26, 0.42, 6.50, 8.00, 2.85, 28.00, 1, 2, 2, 2, 2, 2, 20, 12, 75.00, 12, 2, 12, 2, 0.00, 659.00, 3200.00, 3859.00, '2025-07-07 11:55:51', '2025-07-07 11:55:51', NULL, NULL, NULL, NULL, NULL, NULL, NULL, NULL, NULL, NULL, NULL, NULL, NULL, NULL, NULL, NULL, NULL, NULL, NULL, NULL, NULL, NULL),
(42, NULL, NULL, NULL, 38, 1, '2PSL', 4.00, 4.00, 1, 16.00, 0.84, 1.26, 0.63, 1.26, 0.42, 6.50, 8.00, 2.85, 28.00, 1, 2, 2, 2, 2, 2, 20, 12, 75.00, 12, 2, 12, 2, 0.00, 659.00, 3200.00, 3859.00, '2025-07-07 11:58:37', '2025-07-07 11:58:37', NULL, NULL, NULL, NULL, NULL, NULL, NULL, NULL, NULL, NULL, NULL, NULL, NULL, NULL, NULL, NULL, NULL, NULL, NULL, NULL, NULL, NULL),
(43, NULL, NULL, NULL, 31, 1, '2PSL', 4.00, 4.00, 1, 16.00, 0.84, 1.26, 0.63, 1.26, 0.42, 6.50, 8.00, 2.85, 28.00, 1, 2, 2, 2, 2, 2, 20, 12, 75.00, 12, 2, 12, 2, 0.00, 659.00, 3200.00, 3859.00, '2025-07-07 12:00:12', '2025-07-07 12:00:12', NULL, NULL, NULL, NULL, NULL, NULL, NULL, NULL, NULL, NULL, NULL, NULL, NULL, NULL, NULL, NULL, NULL, NULL, NULL, NULL, NULL, NULL),
(44, NULL, NULL, NULL, 31, 1, '2PSL', 4.00, 4.00, 1, 16.00, 0.84, 1.26, 0.63, 1.26, 0.42, 6.50, 8.00, 2.85, 28.00, 1, 2, 2, 2, 2, 2, 20, 12, 75.00, 12, 2, 12, 2, 0.00, 659.00, 3200.00, 3859.00, '2025-07-07 12:00:36', '2025-07-07 12:00:36', NULL, NULL, NULL, NULL, NULL, NULL, NULL, NULL, NULL, NULL, NULL, NULL, NULL, NULL, NULL, NULL, NULL, NULL, NULL, NULL, NULL, NULL),
(45, NULL, NULL, NULL, 31, 1, '2PSL', 4.00, 4.00, 1, 16.00, 0.84, 1.26, 0.63, 1.26, 0.42, 6.50, 8.00, 2.85, 28.00, 1, 2, 2, 2, 2, 2, 20, 12, 75.00, 12, 2, 12, 2, 0.00, 659.00, 3200.00, 3859.00, '2025-07-07 12:15:34', '2025-07-07 12:15:34', NULL, NULL, NULL, NULL, NULL, NULL, NULL, NULL, NULL, NULL, NULL, NULL, NULL, NULL, NULL, NULL, NULL, NULL, NULL, NULL, NULL, NULL),
(46, NULL, NULL, NULL, 38, 1, '2PSL', 3.00, 3.00, 1, 9.00, 0.63, 0.95, 0.47, 0.95, 0.32, 4.88, 4.50, 2.14, 21.00, 1, 2, 2, 2, 2, 2, 20, 10, 50.00, 10, 2, 10, 2, 0.00, 520.00, 1800.00, 2320.00, '2025-07-07 12:17:28', '2025-07-07 12:17:28', NULL, NULL, NULL, NULL, NULL, NULL, NULL, NULL, NULL, NULL, NULL, NULL, NULL, NULL, NULL, NULL, NULL, NULL, NULL, NULL, NULL, NULL),
(47, NULL, NULL, NULL, 33, 1, '2PSL', 4.00, 4.00, 1, 16.00, 0.84, 1.26, 0.63, 1.26, 0.42, 6.50, 8.00, 2.85, 28.00, 1, 2, 2, 2, 2, 2, 20, 12, 75.00, 12, 2, 12, 2, 0.00, 659.00, 3200.00, 3859.00, '2025-07-07 12:22:14', '2025-07-07 12:22:14', NULL, NULL, NULL, NULL, NULL, NULL, NULL, NULL, NULL, NULL, NULL, NULL, NULL, NULL, NULL, NULL, NULL, NULL, NULL, NULL, NULL, NULL),
(48, NULL, NULL, NULL, 38, 1, '2PSL', 4.00, 4.00, 1, 16.00, 0.84, 1.26, 0.63, 1.26, 0.42, 6.50, 8.00, 2.85, 28.00, 1, 2, 2, 2, 2, 2, 20, 12, 75.00, 12, 2, 12, 2, 0.00, 659.00, 3200.00, 3859.00, '2025-07-07 12:24:28', '2025-07-07 12:24:28', NULL, NULL, NULL, NULL, NULL, NULL, NULL, NULL, NULL, NULL, NULL, NULL, NULL, NULL, NULL, NULL, NULL, NULL, NULL, NULL, NULL, NULL),
(49, NULL, NULL, NULL, 43, 2, '2PSL', 4.00, 4.00, 1, 16.00, 0.84, 1.26, 0.63, 1.26, 0.42, 6.50, 8.00, 2.85, 28.00, 1, 2, 2, 2, 2, 2, 20, 12, 75.00, 12, 2, 12, 2, 0.00, 0.00, 3200.00, 3200.00, '2025-07-07 12:26:35', '2025-07-07 12:26:35', NULL, NULL, NULL, NULL, NULL, NULL, NULL, NULL, NULL, NULL, NULL, NULL, NULL, NULL, NULL, NULL, NULL, NULL, NULL, NULL, NULL, NULL),
(50, NULL, NULL, NULL, 39, 1, '2PSL', 4.00, 4.00, 1, 16.00, 0.84, 1.26, 0.63, 1.26, 0.42, 6.50, 8.00, 2.85, 28.00, 1, 2, 2, 2, 2, 2, 20, 12, 75.00, 12, 2, 12, 2, 0.00, 659.00, 3200.00, 3859.00, '2025-07-07 12:38:06', '2025-07-07 12:38:06', NULL, NULL, NULL, NULL, NULL, NULL, NULL, NULL, NULL, NULL, NULL, NULL, NULL, NULL, NULL, NULL, NULL, NULL, NULL, NULL, NULL, NULL),
(51, NULL, NULL, NULL, 45, 2, 'Openable Door', 12.00, 43.00, 1, 516.00, 5.79, 9.58, 0.00, 9.58, 0.00, 858.56, 0.00, 0.00, 0.00, 0, 4, 4, 0, 4, 4, 50, 30, 120.00, 30, 0, 0, 0, 0.00, 0.00, 103200.00, 103200.00, '2025-07-07 12:43:42', '2025-07-07 12:43:42', NULL, NULL, NULL, NULL, NULL, NULL, NULL, NULL, NULL, NULL, NULL, NULL, NULL, NULL, NULL, NULL, NULL, NULL, NULL, NULL, NULL, NULL),
(52, NULL, NULL, NULL, 45, 2, '2PSL', 2.00, 2.00, 1, 4.00, 0.42, 0.63, 0.32, 0.63, 0.21, 3.25, 2.00, 1.43, 14.00, 1, 2, 2, 2, 2, 2, 20, 8, 25.00, 8, 2, 8, 2, 0.00, 0.00, 800.00, 800.00, '2025-07-07 12:44:10', '2025-07-07 12:44:10', NULL, NULL, NULL, NULL, NULL, NULL, NULL, NULL, NULL, NULL, NULL, NULL, NULL, NULL, NULL, NULL, NULL, NULL, NULL, NULL, NULL, NULL),
(53, NULL, NULL, NULL, 45, 2, '3PSL', 2.00, 3.00, 1, 6.00, 0.53, 0.95, 0.47, 0.95, 0.32, 4.63, 4.00, 0.11, 26.00, 2, 2, 4, 4, 4, 4, 40, 30, 70.00, 30, 2, 30, 2, 0.00, 0.00, 1200.00, 1200.00, '2025-07-07 12:44:55', '2025-07-07 12:44:55', NULL, NULL, NULL, NULL, NULL, NULL, NULL, NULL, NULL, NULL, NULL, NULL, NULL, NULL, NULL, NULL, NULL, NULL, NULL, NULL, NULL, NULL),
(54, NULL, NULL, NULL, 45, 2, 'Fix Window', 1.00, 2.00, 1, 2.00, 0.32, 0.00, 0.00, 0.32, 0.00, 0.75, 0.00, 0.00, 0.00, 0, 0, 0, 0, 0, 0, 0, 15, 20.00, 15, 0, 15, 0, 0.00, 0.00, 400.00, 400.00, '2025-07-07 12:45:21', '2025-07-07 12:45:21', NULL, NULL, NULL, NULL, NULL, NULL, NULL, NULL, NULL, NULL, NULL, NULL, NULL, NULL, NULL, NULL, NULL, NULL, NULL, NULL, NULL, NULL),
(55, NULL, NULL, NULL, 45, 2, 'Top Hung', 22.00, 22.00, 1, 484.00, 4.63, 4.63, 0.00, 4.63, 0.00, 26.13, 0.00, 0.00, 0.00, 1, 0, 0, 0, 0, 0, 15, 10, 18.00, 10, 1, 0, 0, 0.00, 0.00, 96800.00, 96800.00, '2025-07-07 12:45:50', '2025-07-07 12:45:50', NULL, NULL, NULL, NULL, NULL, NULL, NULL, NULL, NULL, NULL, NULL, NULL, NULL, NULL, NULL, NULL, NULL, NULL, NULL, NULL, NULL, NULL),
(56, NULL, NULL, NULL, 45, 2, 'Door', 5.70, 34.00, 1, 193.80, 2.39, 4.18, 0.00, 4.18, 0.00, 15.60, 0.00, 0.00, 0.00, 0, 0, 0, 0, 0, 0, 0, 0, 0.00, 0, 0, 0, 0, 0.00, 0.00, 19380.00, 19380.00, '2025-07-07 12:46:20', '2025-07-07 12:46:20', NULL, NULL, NULL, NULL, NULL, NULL, NULL, NULL, NULL, NULL, NULL, NULL, NULL, NULL, NULL, NULL, NULL, NULL, NULL, NULL, NULL, NULL),
(57, NULL, NULL, NULL, 45, 2, 'Half-Door', 22.00, 33.00, 1, 726.00, 4.05, 5.79, 0.00, 9.26, 0.00, 27.50, 0.00, 0.00, 0.00, 1, 0, 0, 0, 0, 0, 30, 15, 40.00, 15, 0, 0, 0, 0.00, 0.00, 145200.00, 145200.00, '2025-07-07 12:46:43', '2025-07-07 12:46:43', NULL, NULL, NULL, NULL, NULL, NULL, NULL, NULL, NULL, NULL, NULL, NULL, NULL, NULL, NULL, NULL, NULL, NULL, NULL, NULL, NULL, NULL),
(58, NULL, NULL, NULL, 45, 2, 'Half-Door', 22.00, 22.00, 1, 484.00, 3.47, 4.63, 0.00, 6.95, 0.00, 22.00, 0.00, 0.00, 0.00, 1, 0, 0, 0, 0, 0, 30, 15, 40.00, 15, 0, 0, 0, 0.00, 0.00, 96800.00, 96800.00, '2025-07-07 12:47:08', '2025-07-07 12:47:08', NULL, NULL, NULL, NULL, NULL, NULL, NULL, NULL, NULL, NULL, NULL, NULL, NULL, NULL, NULL, NULL, NULL, NULL, NULL, NULL, NULL, NULL),
(59, NULL, NULL, NULL, 44, 3, 'Openable Door', 22.00, 22.00, 1, 484.00, 4.63, 11.58, 0.00, 11.58, 0.00, 966.63, 0.00, 0.00, 0.00, 0, 4, 4, 0, 4, 4, 50, 30, 120.00, 30, 0, 0, 0, 0.00, 0.00, 96800.00, 96800.00, '2025-07-07 12:47:38', '2025-07-07 12:47:38', NULL, NULL, NULL, NULL, NULL, NULL, NULL, NULL, NULL, NULL, NULL, NULL, NULL, NULL, NULL, NULL, NULL, NULL, NULL, NULL, NULL, NULL),
(60, NULL, NULL, NULL, 45, 2, 'Glass Door', 22.00, 22.00, 1, 484.00, 3.47, 6.95, 0.00, 6.95, 0.00, 209.00, 0.00, 0.00, 0.00, 1, 0, 0, 0, 0, 0, 0, 15, 60.00, 15, 0, 0, 0, 0.00, 0.00, 48400.00, 48400.00, '2025-07-07 12:48:03', '2025-07-07 12:48:03', NULL, NULL, NULL, NULL, NULL, NULL, NULL, NULL, NULL, NULL, NULL, NULL, NULL, NULL, NULL, NULL, NULL, NULL, NULL, NULL, NULL, NULL),
(61, NULL, NULL, NULL, 45, 2, 'Openable Door', 11.00, 2.00, 1, 22.00, 1.37, 4.84, 0.00, 4.84, 0.00, 387.13, 0.00, 0.00, 0.00, 0, 4, 4, 0, 4, 4, 50, 30, 120.00, 30, 0, 0, 0, 0.00, 0.00, 4400.00, 4400.00, '2025-07-07 12:49:39', '2025-07-07 12:49:39', NULL, NULL, NULL, NULL, NULL, NULL, NULL, NULL, NULL, NULL, NULL, NULL, NULL, NULL, NULL, NULL, NULL, NULL, NULL, NULL, NULL, NULL),
(62, NULL, NULL, NULL, 45, 2, '2PSL', 5.00, 5.00, 1, 25.00, 1.05, 1.58, 0.79, 1.58, 0.53, 8.13, 12.50, 3.56, 35.00, 1, 2, 2, 2, 2, 2, 20, 16, 100.00, 16, 2, 16, 2, 0.00, 0.00, 5000.00, 5000.00, '2025-07-07 12:50:59', '2025-07-07 12:50:59', NULL, NULL, NULL, NULL, NULL, NULL, NULL, NULL, NULL, NULL, NULL, NULL, NULL, NULL, NULL, NULL, NULL, NULL, NULL, NULL, NULL, NULL),
(63, NULL, NULL, NULL, 45, 2, '3PSL', 6.00, 6.00, 1, 36.00, 1.26, 2.27, 1.14, 2.27, 0.76, 11.10, 24.00, 0.27, 66.00, 2, 2, 4, 4, 4, 4, 40, 30, 70.00, 30, 2, 30, 2, 0.00, 0.00, 7200.00, 7200.00, '2025-07-07 12:51:17', '2025-07-07 12:51:17', NULL, NULL, NULL, NULL, NULL, NULL, NULL, NULL, NULL, NULL, NULL, NULL, NULL, NULL, NULL, NULL, NULL, NULL, NULL, NULL, NULL, NULL),
(64, NULL, NULL, NULL, 45, 2, 'Fix Window', 7.00, 7.00, 1, 49.00, 1.47, 0.00, 0.00, 1.47, 0.00, 3.50, 0.00, 0.00, 0.00, 0, 0, 0, 0, 0, 0, 0, 15, 20.00, 15, 0, 15, 0, 0.00, 0.00, 9800.00, 9800.00, '2025-07-07 12:51:54', '2025-07-07 12:51:54', NULL, NULL, NULL, NULL, NULL, NULL, NULL, NULL, NULL, NULL, NULL, NULL, NULL, NULL, NULL, NULL, NULL, NULL, NULL, NULL, NULL, NULL),
(65, NULL, NULL, NULL, 45, 2, 'Top Hung', 6.00, 6.00, 1, 36.00, 1.26, 1.26, 0.00, 1.26, 0.00, 7.13, 0.00, 0.00, 0.00, 1, 0, 0, 0, 0, 0, 15, 10, 18.00, 10, 1, 0, 0, 0.00, 0.00, 7200.00, 7200.00, '2025-07-07 12:52:23', '2025-07-07 12:52:23', NULL, NULL, NULL, NULL, NULL, NULL, NULL, NULL, NULL, NULL, NULL, NULL, NULL, NULL, NULL, NULL, NULL, NULL, NULL, NULL, NULL, NULL),
(66, NULL, NULL, NULL, 45, 2, 'Door', 10.00, 10.00, 1, 100.00, 1.58, 2.11, 0.00, 2.11, 0.00, 8.75, 0.00, 0.00, 0.00, 0, 0, 0, 0, 0, 0, 0, 0, 0.00, 0, 0, 0, 0, 0.00, 0.00, 10000.00, 10000.00, '2025-07-07 12:53:00', '2025-07-07 12:53:00', NULL, NULL, NULL, NULL, NULL, NULL, NULL, NULL, NULL, NULL, NULL, NULL, NULL, NULL, NULL, NULL, NULL, NULL, NULL, NULL, NULL, NULL),
(67, NULL, NULL, NULL, 45, 2, 'Half-Door', 12.00, 12.00, 1, 144.00, 1.89, 2.53, 0.00, 3.79, 0.00, 12.00, 0.00, 0.00, 0.00, 1, 0, 0, 0, 0, 0, 30, 15, 40.00, 15, 0, 0, 0, 0.00, 0.00, 28800.00, 28800.00, '2025-07-07 12:53:23', '2025-07-07 12:53:23', NULL, NULL, NULL, NULL, NULL, NULL, NULL, NULL, NULL, NULL, NULL, NULL, NULL, NULL, NULL, NULL, NULL, NULL, NULL, NULL, NULL, NULL),
(68, NULL, NULL, NULL, 45, 2, 'Openable Door', 4267.20, 4267.20, 1, 18208995.84, 898.36, 2245.89, 0.00, 2245.89, 0.00, 187490.10, 0.00, 0.00, 0.00, 0, 4, 4, 0, 4, 4, 50, 30, 120.00, 30, 0, 0, 0, 0.00, 0.00, 3641799168.00, 3641799168.00, '2025-07-07 12:53:51', '2025-07-07 12:53:51', NULL, NULL, NULL, NULL, NULL, NULL, NULL, NULL, NULL, NULL, NULL, NULL, NULL, NULL, NULL, NULL, NULL, NULL, NULL, NULL, NULL, NULL),
(69, NULL, NULL, NULL, 45, 2, 'Glass Door', 15.00, 15.00, 1, 225.00, 2.37, 4.74, 0.00, 4.74, 0.00, 142.50, 0.00, 0.00, 0.00, 1, 0, 0, 0, 0, 0, 0, 15, 60.00, 15, 0, 0, 0, 0.00, 0.00, 22500.00, 22500.00, '2025-07-07 12:54:28', '2025-07-07 12:54:28', NULL, NULL, NULL, NULL, NULL, NULL, NULL, NULL, NULL, NULL, NULL, NULL, NULL, NULL, NULL, NULL, NULL, NULL, NULL, NULL, NULL, NULL),
(70, NULL, NULL, NULL, 45, 2, '2PSL', 5.00, 5.00, 1, 25.00, 1.05, 1.58, 0.79, 1.58, 0.53, 8.13, 12.50, 3.56, 35.00, 1, 2, 2, 2, 2, 2, 20, 16, 100.00, 16, 2, 16, 2, 0.00, 0.00, 5000.00, 5000.00, '2025-07-07 13:02:47', '2025-07-07 13:02:47', NULL, NULL, NULL, NULL, NULL, NULL, NULL, NULL, NULL, NULL, NULL, NULL, NULL, NULL, NULL, NULL, NULL, NULL, NULL, NULL, NULL, NULL),
(71, NULL, NULL, NULL, 45, 2, '3PSL', 8.00, 8.00, 1, 64.00, 1.68, 3.03, 1.52, 3.03, 1.01, 14.80, 42.67, 0.36, 88.00, 2, 2, 4, 4, 4, 4, 40, 30, 70.00, 30, 2, 30, 2, 0.00, 0.00, 12800.00, 12800.00, '2025-07-07 13:03:23', '2025-07-07 13:03:23', NULL, NULL, NULL, NULL, NULL, NULL, NULL, NULL, NULL, NULL, NULL, NULL, NULL, NULL, NULL, NULL, NULL, NULL, NULL, NULL, NULL, NULL),
(72, NULL, NULL, NULL, 45, 2, 'Fix Window', 9.00, 9.00, 1, 81.00, 1.89, 0.00, 0.00, 1.89, 0.00, 4.50, 0.00, 0.00, 0.00, 0, 0, 0, 0, 0, 0, 0, 15, 20.00, 15, 0, 15, 0, 0.00, 0.00, 16200.00, 16200.00, '2025-07-07 13:03:59', '2025-07-07 13:03:59', NULL, NULL, NULL, NULL, NULL, NULL, NULL, NULL, NULL, NULL, NULL, NULL, NULL, NULL, NULL, NULL, NULL, NULL, NULL, NULL, NULL, NULL),
(73, NULL, NULL, NULL, 45, 2, 'Top Hung', 6.00, 6.00, 1, 36.00, 1.26, 1.26, 0.00, 1.26, 0.00, 7.13, 0.00, 0.00, 0.00, 1, 0, 0, 0, 0, 0, 15, 10, 18.00, 10, 1, 0, 0, 0.00, 0.00, 7200.00, 7200.00, '2025-07-07 13:04:38', '2025-07-07 13:04:38', NULL, NULL, NULL, NULL, NULL, NULL, NULL, NULL, NULL, NULL, NULL, NULL, NULL, NULL, NULL, NULL, NULL, NULL, NULL, NULL, NULL, NULL),
(74, NULL, NULL, NULL, 45, 2, 'Door', 5.00, 5.00, 1, 25.00, 0.79, 1.05, 0.00, 1.05, 0.00, 4.38, 0.00, 0.00, 0.00, 0, 0, 0, 0, 0, 0, 0, 0, 0.00, 0, 0, 0, 0, 0.00, 0.00, 2500.00, 2500.00, '2025-07-07 13:05:27', '2025-07-07 13:05:27', NULL, NULL, NULL, NULL, NULL, NULL, NULL, NULL, NULL, NULL, NULL, NULL, NULL, NULL, NULL, NULL, NULL, NULL, NULL, NULL, NULL, NULL),
(75, NULL, NULL, NULL, 45, 2, 'Half-Door', 23.00, 34.00, 1, 782.00, 4.21, 6.00, 0.00, 9.58, 0.00, 28.50, 0.00, 0.00, 0.00, 1, 0, 0, 0, 0, 0, 30, 15, 40.00, 15, 0, 0, 0, 0.00, 0.00, 156400.00, 156400.00, '2025-07-07 13:06:15', '2025-07-07 13:06:15', NULL, NULL, NULL, NULL, NULL, NULL, NULL, NULL, NULL, NULL, NULL, NULL, NULL, NULL, NULL, NULL, NULL, NULL, NULL, NULL, NULL, NULL),
(76, NULL, NULL, NULL, 45, 2, 'Half-Door', 3.00, 3.00, 1, 9.00, 0.47, 0.63, 0.00, 0.95, 0.00, 3.00, 0.00, 0.00, 0.00, 1, 0, 0, 0, 0, 0, 30, 15, 40.00, 15, 0, 0, 0, 0.00, 0.00, 1800.00, 1800.00, '2025-07-07 13:08:27', '2025-07-07 13:08:27', NULL, NULL, NULL, NULL, NULL, NULL, NULL, NULL, NULL, NULL, NULL, NULL, NULL, NULL, NULL, NULL, NULL, NULL, NULL, NULL, NULL, NULL),
(77, NULL, NULL, NULL, 45, 2, 'Openable Door', 6.00, 6.00, 1, 36.00, 1.26, 3.16, 0.00, 3.16, 0.00, 263.63, 0.00, 0.00, 0.00, 0, 4, 4, 0, 4, 4, 50, 30, 120.00, 30, 0, 0, 0, 0.00, 0.00, 7200.00, 7200.00, '2025-07-07 13:10:27', '2025-07-07 13:10:27', NULL, NULL, NULL, NULL, NULL, NULL, NULL, NULL, NULL, NULL, NULL, NULL, NULL, NULL, NULL, NULL, NULL, NULL, NULL, NULL, NULL, NULL),
(78, NULL, NULL, NULL, 45, 2, 'Glass Door', 7.00, 7.00, 1, 49.00, 1.11, 2.21, 0.00, 2.21, 0.00, 66.50, 0.00, 0.00, 0.00, 1, 0, 0, 0, 0, 0, 0, 15, 60.00, 15, 0, 0, 0, 0.00, 0.00, 4900.00, 4900.00, '2025-07-07 13:11:08', '2025-07-07 13:11:08', NULL, NULL, NULL, NULL, NULL, NULL, NULL, NULL, NULL, NULL, NULL, NULL, NULL, NULL, NULL, NULL, NULL, NULL, NULL, NULL, NULL, NULL),
(79, NULL, NULL, NULL, 45, 2, 'Half-Door', 5.00, 5.00, 1, 25.00, 0.79, 1.05, 0.00, 1.58, 0.00, 5.00, 0.00, 0.00, 0.00, 1, 0, 0, 0, 0, 0, 30, 15, 40.00, 15, 0, 0, 0, 0.00, 0.00, 5000.00, 5000.00, '2025-07-07 13:14:31', '2025-07-07 13:14:31', NULL, NULL, NULL, NULL, NULL, NULL, NULL, NULL, NULL, NULL, NULL, NULL, NULL, NULL, NULL, NULL, NULL, NULL, NULL, NULL, NULL, NULL),
(80, NULL, NULL, NULL, 45, 2, 'Door', 5.00, 5.00, 1, 25.00, 0.79, 1.05, 0.00, 1.05, 0.00, 4.38, 0.00, 0.00, 0.00, 0, 0, 0, 0, 0, 0, 0, 0, 0.00, 0, 0, 0, 0, 0.00, 0.00, 2500.00, 2500.00, '2025-07-07 13:15:59', '2025-07-07 13:15:59', NULL, NULL, NULL, NULL, NULL, NULL, NULL, NULL, NULL, NULL, NULL, NULL, NULL, NULL, NULL, NULL, NULL, NULL, NULL, NULL, NULL, NULL),
(81, NULL, NULL, NULL, 45, 2, 'Half-Door', 3.00, 3.00, 1, 9.00, 0.47, 0.63, 0.00, 0.95, 0.00, 3.00, 0.00, 0.00, 0.00, 1, 0, 0, 0, 0, 0, 30, 15, 40.00, 15, 0, 0, 0, 0.00, 0.00, 1800.00, 1800.00, '2025-07-07 13:16:35', '2025-07-07 13:16:35', NULL, NULL, NULL, NULL, NULL, NULL, NULL, NULL, NULL, NULL, NULL, NULL, NULL, NULL, NULL, NULL, NULL, NULL, NULL, NULL, NULL, NULL),
(82, NULL, NULL, NULL, 45, 2, '2PSL', 5.70, 43.00, 1, 245.10, 5.13, 7.69, 3.84, 7.69, 2.56, 39.57, 122.55, 17.35, 39.00, 1, 2, 2, 2, 2, 2, 20, 20, 125.00, 20, 2, 20, 2, 0.00, 0.00, 49020.00, 49020.00, '2025-07-07 13:18:21', '2025-07-07 13:18:21', NULL, NULL, NULL, NULL, NULL, NULL, NULL, NULL, NULL, NULL, NULL, NULL, NULL, NULL, NULL, NULL, NULL, NULL, NULL, NULL, NULL, NULL),
(83, NULL, NULL, NULL, 45, 2, '3PSL', 23.00, 23.00, 1, 529.00, 4.84, 8.72, 4.36, 8.72, 2.91, 42.55, 352.67, 1.04, 253.00, 2, 2, 4, 4, 4, 4, 40, 30, 70.00, 30, 2, 30, 2, 0.00, 0.00, 105800.00, 105800.00, '2025-07-07 13:18:47', '2025-07-07 13:18:47', NULL, NULL, NULL, NULL, NULL, NULL, NULL, NULL, NULL, NULL, NULL, NULL, NULL, NULL, NULL, NULL, NULL, NULL, NULL, NULL, NULL, NULL),
(84, NULL, NULL, NULL, 45, 2, 'Fix Window', 12.00, 342.00, 1, 4104.00, 37.26, 0.00, 0.00, 37.26, 0.00, 88.50, 0.00, 0.00, 0.00, 0, 0, 0, 0, 0, 0, 0, 15, 20.00, 15, 0, 15, 0, 0.00, 0.00, 820800.00, 820800.00, '2025-07-07 13:19:16', '2025-07-07 13:19:16', NULL, NULL, NULL, NULL, NULL, NULL, NULL, NULL, NULL, NULL, NULL, NULL, NULL, NULL, NULL, NULL, NULL, NULL, NULL, NULL, NULL, NULL),
(85, NULL, NULL, NULL, 45, 2, 'Top Hung', 223.00, 23.00, 1, 5129.00, 25.89, 25.89, 0.00, 25.89, 0.00, 146.06, 0.00, 0.00, 0.00, 1, 0, 0, 0, 0, 0, 15, 10, 18.00, 10, 1, 0, 0, 0.00, 0.00, 1025800.00, 1025800.00, '2025-07-07 13:19:41', '2025-07-07 13:19:41', NULL, NULL, NULL, NULL, NULL, NULL, NULL, NULL, NULL, NULL, NULL, NULL, NULL, NULL, NULL, NULL, NULL, NULL, NULL, NULL, NULL, NULL),
(86, NULL, NULL, NULL, 45, 2, 'Door', 23.00, 32.00, 1, 736.00, 4.11, 5.79, 0.00, 5.79, 0.00, 23.50, 0.00, 0.00, 0.00, 0, 0, 0, 0, 0, 0, 0, 0, 0.00, 0, 0, 0, 0, 0.00, 0.00, 73600.00, 73600.00, '2025-07-07 13:20:06', '2025-07-07 13:20:06', NULL, NULL, NULL, NULL, NULL, NULL, NULL, NULL, NULL, NULL, NULL, NULL, NULL, NULL, NULL, NULL, NULL, NULL, NULL, NULL, NULL, NULL),
(87, NULL, NULL, NULL, 45, 2, 'Half-Door', 12.00, 12.00, 1, 144.00, 1.89, 2.53, 0.00, 3.79, 0.00, 12.00, 0.00, 0.00, 0.00, 1, 0, 0, 0, 0, 0, 30, 15, 40.00, 15, 0, 0, 0, 0.00, 0.00, 28800.00, 28800.00, '2025-07-07 13:20:33', '2025-07-07 13:20:33', NULL, NULL, NULL, NULL, NULL, NULL, NULL, NULL, NULL, NULL, NULL, NULL, NULL, NULL, NULL, NULL, NULL, NULL, NULL, NULL, NULL, NULL),
(88, NULL, NULL, NULL, 45, 2, 'Openable Door', 123.00, 23.00, 1, 2829.00, 15.37, 54.21, 0.00, 54.21, 0.00, 4335.56, 0.00, 0.00, 0.00, 0, 4, 4, 0, 4, 4, 50, 30, 120.00, 30, 0, 0, 0, 0.00, 0.00, 565800.00, 565800.00, '2025-07-07 13:20:56', '2025-07-07 13:20:56', NULL, NULL, NULL, NULL, NULL, NULL, NULL, NULL, NULL, NULL, NULL, NULL, NULL, NULL, NULL, NULL, NULL, NULL, NULL, NULL, NULL, NULL),
(89, NULL, NULL, NULL, 45, 2, 'Glass Door', 123.00, 112.00, 1, 13776.00, 18.84, 37.68, 0.00, 37.68, 0.00, 1142.38, 0.00, 0.00, 0.00, 1, 0, 0, 0, 0, 0, 0, 15, 60.00, 15, 0, 0, 0, 0.00, 0.00, 1377600.00, 1377600.00, '2025-07-07 13:21:19', '2025-07-07 13:21:19', NULL, NULL, NULL, NULL, NULL, NULL, NULL, NULL, NULL, NULL, NULL, NULL, NULL, NULL, NULL, NULL, NULL, NULL, NULL, NULL, NULL, NULL),
(90, NULL, NULL, NULL, 45, 2, '3PSL', 12.00, 21.00, 1, 252.00, 3.47, 6.25, 3.13, 6.25, 2.08, 30.53, 168.00, 0.74, 168.00, 2, 2, 4, 4, 4, 4, 40, 30, 70.00, 30, 2, 30, 2, 0.00, 0.00, 50400.00, 50400.00, '2025-07-07 13:29:57', '2025-07-07 13:29:57', NULL, NULL, NULL, NULL, NULL, NULL, NULL, NULL, NULL, NULL, NULL, NULL, NULL, NULL, NULL, NULL, NULL, NULL, NULL, NULL, NULL, NULL),
(91, NULL, NULL, NULL, 33, 1, '3PSL', 5.00, 5.00, 1, 25.00, 1.05, 1.89, 0.95, 1.89, 0.63, 9.25, 16.67, 0.23, 55.00, 2, 2, 4, 4, 4, 4, 40, 30, 70.00, 30, 2, 30, 2, 11953.00, 960.00, 5000.00, 17913.58, '2025-07-08 07:38:20', '2025-07-08 07:38:20', NULL, NULL, NULL, NULL, NULL, NULL, NULL, NULL, NULL, NULL, NULL, NULL, NULL, NULL, NULL, NULL, NULL, NULL, NULL, NULL, NULL, NULL),
(92, NULL, NULL, NULL, 33, 1, '2PSL', 12.00, 12.00, 1, 144.00, 2.53, 3.79, 1.89, 3.79, 1.26, 19.50, 72.00, 8.55, 84.00, 1, 2, 2, 2, 2, 2, 20, 20, 125.00, 20, 2, 20, 2, 33199.00, 965.00, 28800.00, 62964.50, '2025-07-09 06:42:39', '2025-07-09 06:42:39', NULL, NULL, NULL, NULL, NULL, NULL, NULL, NULL, NULL, NULL, NULL, NULL, NULL, NULL, NULL, NULL, NULL, NULL, NULL, NULL, NULL, NULL),
(93, NULL, NULL, NULL, 33, 1, '3PSL', 12.00, 12.00, 1, 144.00, 2.53, 4.55, 2.27, 4.55, 1.52, 22.20, 96.00, 0.54, 132.00, 2, 2, 4, 4, 4, 4, 40, 30, 70.00, 30, 2, 30, 2, 29808.00, 960.00, 28800.00, 59568.60, '2025-07-09 09:14:38', '2025-07-09 09:14:38', NULL, NULL, NULL, NULL, NULL, NULL, NULL, NULL, NULL, NULL, NULL, NULL, NULL, NULL, NULL, NULL, NULL, NULL, NULL, NULL, NULL, NULL),
(94, NULL, NULL, NULL, 33, 1, '3PSL', 12.00, 12.00, 1, 144.00, 2.53, 4.55, 2.27, 4.55, 1.52, 22.20, 96.00, 0.54, 132.00, 2, 2, 4, 4, 4, 4, 40, 30, 70.00, 30, 2, 30, 2, 29808.00, 960.00, 28800.00, 59568.60, '2025-07-09 09:16:10', '2025-07-09 09:16:10', NULL, NULL, NULL, NULL, NULL, NULL, NULL, NULL, NULL, NULL, NULL, NULL, NULL, NULL, NULL, NULL, NULL, NULL, NULL, NULL, NULL, NULL),
(95, NULL, NULL, NULL, 33, 1, '3PSL', 22.00, 1.00, 22, 484.00, 53.26, 95.87, 47.94, 95.87, 31.96, 468.05, 322.67, 11.39, 3476.00, 44, 44, 88, 88, 88, 88, 880, 660, 1540.00, 660, 44, 660, 44, 597902.00, 21120.00, 96800.00, 715822.98, '2025-07-09 09:19:57', '2025-07-09 09:19:57', NULL, NULL, NULL, NULL, NULL, NULL, NULL, NULL, NULL, NULL, NULL, NULL, NULL, NULL, NULL, NULL, NULL, NULL, NULL, NULL, NULL, NULL),
(96, NULL, NULL, NULL, 33, 1, '3PSL', 12.00, 12.00, 1, 144.00, 2.53, 4.55, 2.27, 4.55, 1.52, 22.20, 96.00, 0.54, 132.00, 2, 2, 4, 4, 4, 4, 40, 30, 70.00, 30, 2, 30, 2, 29808.00, 960.00, 28800.00, 59568.60, '2025-07-09 09:21:14', '2025-07-09 09:21:14', NULL, NULL, NULL, NULL, NULL, NULL, NULL, NULL, NULL, NULL, NULL, NULL, NULL, NULL, NULL, NULL, NULL, NULL, NULL, NULL, NULL, NULL),
(97, NULL, NULL, NULL, 33, 1, '2PSL', 12.00, 12.00, 1, 144.00, 2.53, 3.79, 1.89, 3.79, 1.26, 19.50, 72.00, 8.55, 84.00, 1, 2, 2, 2, 2, 2, 20, 20, 125.00, 20, 2, 20, 2, 33199.00, 965.00, 28800.00, 62964.50, '2025-07-09 09:22:36', '2025-07-09 09:22:36', NULL, NULL, NULL, NULL, NULL, NULL, NULL, NULL, NULL, NULL, NULL, NULL, NULL, NULL, NULL, NULL, NULL, NULL, NULL, NULL, NULL, NULL),
(98, NULL, NULL, NULL, 33, 1, '2PSL', 12.00, 12.00, 1, 144.00, 2.53, 3.79, 1.89, 3.79, 1.26, 19.50, 72.00, 8.55, 84.00, 1, 2, 2, 2, 2, 2, 20, 20, 125.00, 20, 2, 20, 2, 33199.00, 965.00, 28800.00, 62964.50, '2025-07-09 09:23:14', '2025-07-09 09:23:14', NULL, NULL, NULL, NULL, NULL, NULL, NULL, NULL, NULL, NULL, NULL, NULL, NULL, NULL, NULL, NULL, NULL, NULL, NULL, NULL, NULL, NULL),
(99, NULL, NULL, NULL, 33, 1, 'Door', 1.00, 1.00, 1, 1.00, 0.16, 0.21, 0.00, 0.21, 0.00, 0.88, 0.00, 0.00, 0.00, 0, 0, 0, 0, 0, 0, 0, 0, 0.00, 0, 0, 0, 0, 1057.00, 425.00, 100.00, 1582.50, '2025-07-09 11:54:24', '2025-07-09 11:54:24', NULL, NULL, NULL, NULL, NULL, NULL, NULL, NULL, NULL, NULL, NULL, NULL, NULL, NULL, NULL, NULL, NULL, NULL, NULL, NULL, NULL, NULL),
(100, NULL, NULL, 'QP-20250709135814', 33, 1, 'Fix Window', 11.00, 11.00, 1, 121.00, 2.32, 0.00, 0.00, 2.32, 0.00, 5.50, 0.00, 0.00, 0.00, 0, 0, 0, 0, 0, 0, 0, 15, 20.00, 15, 0, 15, 0, 8470.00, 205.00, 24200.00, 32875.00, '2025-07-09 11:55:31', '2025-07-09 11:58:14', NULL, NULL, NULL, NULL, NULL, NULL, NULL, NULL, NULL, NULL, NULL, NULL, NULL, NULL, NULL, NULL, NULL, NULL, NULL, NULL, NULL, NULL),
(101, NULL, NULL, NULL, 33, 1, '3PSL', 1.00, 1.00, 1, 1.00, 0.21, 0.38, 0.19, 0.38, 0.13, 1.85, 0.67, 0.04, 11.00, 2, 2, 4, 4, 4, 4, 40, 30, 70.00, 30, 2, 30, 2, 2337.00, 960.00, 200.00, 3497.38, '2025-07-09 11:58:47', '2025-07-09 11:58:47', NULL, NULL, NULL, NULL, NULL, NULL, NULL, NULL, NULL, NULL, NULL, NULL, NULL, NULL, NULL, NULL, NULL, NULL, NULL, NULL, NULL, NULL),
(102, NULL, NULL, NULL, 33, 1, 'Top Hung', 1.00, 1.00, 1, 1.00, 0.21, 0.21, 0.00, 0.21, 0.00, 1.19, 0.00, 0.00, 0.00, 1, 0, 0, 0, 0, 0, 15, 10, 18.00, 10, 1, 0, 0, 1350.00, 215.00, 200.00, 1765.00, '2025-07-09 11:59:54', '2025-07-09 11:59:54', NULL, NULL, NULL, NULL, NULL, NULL, NULL, NULL, NULL, NULL, NULL, NULL, NULL, NULL, NULL, NULL, NULL, NULL, NULL, NULL, NULL, NULL),
(103, NULL, NULL, NULL, 33, 1, '3PSL', 11.00, 11.00, 1, 121.00, 2.32, 4.17, 2.08, 4.17, 1.39, 20.35, 80.67, 0.50, 121.00, 2, 2, 4, 4, 4, 4, 40, 30, 70.00, 30, 2, 30, 2, 27177.00, 960.00, 24200.00, 52337.88, '2025-07-09 12:00:16', '2025-07-09 12:00:16', NULL, NULL, NULL, NULL, NULL, NULL, NULL, NULL, NULL, NULL, NULL, NULL, NULL, NULL, NULL, NULL, NULL, NULL, NULL, NULL, NULL, NULL),
(104, NULL, NULL, NULL, 45, 2, '2PSL', 1.00, 1.00, 1, 1.00, 0.21, 0.32, 0.16, 0.32, 0.11, 1.63, 0.50, 0.71, 7.00, 1, 2, 2, 2, 2, 2, 20, 8, 25.00, 8, 2, 8, 2, 0.00, 0.00, 200.00, 200.00, '2025-07-09 12:05:40', '2025-07-09 12:05:40', NULL, NULL, NULL, NULL, NULL, NULL, NULL, NULL, NULL, NULL, NULL, NULL, NULL, NULL, NULL, NULL, NULL, NULL, NULL, NULL, NULL, NULL),
(105, NULL, NULL, 'QP-20250711231309', 33, 1, '2PSL', 22.00, 22.00, 1, 484.00, 4.63, 6.95, 3.47, 6.95, 2.32, 35.75, 242.00, 15.68, 154.00, 1, 2, 2, 2, 2, 2, 20, 20, 125.00, 20, 2, 20, 2, 63066.00, 965.00, 96800.00, 160831.20, '2025-07-11 17:43:21', '2025-07-11 21:13:09', NULL, NULL, NULL, NULL, NULL, NULL, NULL, NULL, NULL, NULL, NULL, NULL, NULL, NULL, NULL, NULL, NULL, NULL, NULL, NULL, NULL, NULL),
(106, NULL, NULL, 'QP-20250711194404', 42, 1, '2PSL', 22.00, 22.00, 1, 484.00, 4.63, 6.95, 3.47, 6.95, 2.32, 35.75, 242.00, 15.68, 154.00, 1, 2, 2, 2, 2, 2, 20, 20, 125.00, 20, 2, 20, 2, 63066.00, 965.00, 96800.00, 160831.20, '2025-07-11 17:43:49', '2025-07-11 17:44:04', NULL, NULL, NULL, NULL, NULL, NULL, NULL, NULL, NULL, NULL, NULL, NULL, NULL, NULL, NULL, NULL, NULL, NULL, NULL, NULL, NULL, NULL),
(107, NULL, NULL, 'QP-20250711202823', 33, 1, '2PSL', 32.00, 23.00, 1, 736.00, 5.79, 8.68, 4.34, 8.68, 2.89, 44.69, 368.00, 19.59, 224.00, 1, 2, 2, 2, 2, 2, 20, 20, 125.00, 20, 2, 20, 2, 72939.00, 965.00, 147200.00, 221104.30, '2025-07-11 18:28:09', '2025-07-11 18:28:23', NULL, NULL, NULL, NULL, NULL, NULL, NULL, NULL, NULL, NULL, NULL, NULL, NULL, NULL, NULL, NULL, NULL, NULL, NULL, NULL, NULL, NULL),
(108, NULL, NULL, 'QP-20250711203059', 33, 1, '2PSL', 23.00, 23.00, 1, 529.00, 4.84, 7.26, 3.63, 7.26, 2.42, 37.38, 264.50, 16.39, 161.00, 1, 2, 2, 2, 2, 2, 20, 20, 125.00, 20, 2, 20, 2, 60872.00, 965.00, 105800.00, 167637.70, '2025-07-11 18:30:50', '2025-07-11 18:30:59', NULL, NULL, NULL, NULL, NULL, NULL, NULL, NULL, NULL, NULL, NULL, NULL, NULL, NULL, NULL, NULL, NULL, NULL, NULL, NULL, NULL, NULL),
(109, NULL, NULL, NULL, 33, 1, '3PSL', 1122.00, 1122.00, 1, 1258884.00, 236.21, 425.18, 212.59, 425.18, 141.73, 2075.70, 839256.00, 50.49, 12342.00, 2, 2, 4, 4, 4, 4, 40, 30, 70.00, 30, 2, 30, 2, 2607584.00, 960.00, 251776800.00, 254385344.10, '2025-07-11 18:53:31', '2025-07-11 18:53:31', NULL, NULL, NULL, NULL, NULL, NULL, NULL, NULL, NULL, NULL, NULL, NULL, NULL, NULL, NULL, NULL, NULL, NULL, NULL, NULL, NULL, NULL),
(110, NULL, NULL, NULL, 33, 1, '3PSL', 23.00, 22.00, 1, 506.00, 4.74, 8.53, 4.26, 8.53, 2.84, 41.62, 337.33, 1.01, 249.00, 2, 2, 4, 4, 4, 4, 40, 30, 70.00, 30, 2, 30, 2, 52298.00, 960.00, 101200.00, 154458.63, '2025-07-11 20:37:50', '2025-07-11 20:37:50', NULL, NULL, NULL, NULL, NULL, NULL, NULL, NULL, NULL, NULL, NULL, NULL, NULL, NULL, NULL, NULL, NULL, NULL, NULL, NULL, NULL, NULL),
(111, NULL, NULL, 'QP-20250711231309', 33, 1, '3PSL', 22.00, 22.00, 1, 484.00, 4.63, 8.34, 4.17, 8.34, 2.78, 40.70, 322.67, 0.99, 242.00, 2, 2, 4, 4, 4, 4, 40, 30, 70.00, 30, 2, 30, 2, 51129.00, 960.00, 96800.00, 148889.10, '2025-07-11 20:38:24', '2025-07-11 21:13:09', NULL, NULL, NULL, NULL, NULL, NULL, NULL, NULL, NULL, NULL, NULL, NULL, NULL, NULL, NULL, NULL, NULL, NULL, NULL, NULL, NULL, NULL),
(112, NULL, NULL, 'QP-20250712073108', 33, 1, '2PSL', 11.00, 11.00, 1, 121.00, 2.32, 3.47, 1.74, 3.47, 1.16, 17.88, 60.50, 7.84, 77.00, 1, 2, 2, 2, 2, 2, 20, 20, 125.00, 20, 2, 20, 2, 29113.00, 965.00, 24200.00, 54278.20, '2025-07-12 05:28:28', '2025-07-12 05:31:08', NULL, NULL, NULL, NULL, NULL, NULL, NULL, NULL, NULL, NULL, NULL, NULL, NULL, NULL, NULL, NULL, NULL, NULL, NULL, NULL, NULL, NULL),
(113, NULL, NULL, 'QP-20250712073108', 33, 1, '3PSL', 22.00, 22.00, 1, 484.00, 4.63, 8.34, 4.17, 8.34, 2.78, 40.70, 322.67, 0.99, 242.00, 2, 2, 4, 4, 4, 4, 40, 30, 70.00, 30, 2, 30, 2, 51129.00, 960.00, 96800.00, 148889.10, '2025-07-12 05:28:56', '2025-07-12 05:31:08', NULL, NULL, NULL, NULL, NULL, NULL, NULL, NULL, NULL, NULL, NULL, NULL, NULL, NULL, NULL, NULL, NULL, NULL, NULL, NULL, NULL, NULL),
(114, NULL, NULL, 'QP-20250712073108', 33, 1, 'Fix Window', 33.00, 33.00, 1, 1089.00, 6.95, 0.00, 0.00, 6.95, 0.00, 16.50, 0.00, 0.00, 0.00, 0, 0, 0, 0, 0, 0, 0, 15, 20.00, 15, 0, 15, 0, 25410.00, 205.00, 217800.00, 243415.00, '2025-07-12 05:29:38', '2025-07-12 05:31:08', NULL, NULL, NULL, NULL, NULL, NULL, NULL, NULL, NULL, NULL, NULL, NULL, NULL, NULL, NULL, NULL, NULL, NULL, NULL, NULL, NULL, NULL),
(115, NULL, NULL, 'QP-20250712073108', 33, 1, 'Top Hung', 44.00, 44.00, 1, 1936.00, 9.26, 9.26, 0.00, 9.26, 0.00, 52.25, 0.00, 0.00, 0.00, 1, 0, 0, 0, 0, 0, 15, 10, 18.00, 10, 1, 0, 0, 59400.00, 215.00, 387200.00, 446815.00, '2025-07-12 05:30:10', '2025-07-12 05:31:08', NULL, NULL, NULL, NULL, NULL, NULL, NULL, NULL, NULL, NULL, NULL, NULL, NULL, NULL, NULL, NULL, NULL, NULL, NULL, NULL, NULL, NULL),
(116, NULL, NULL, 'QP-20250712073108', 33, 1, 'Door', 55.00, 55.00, 1, 3025.00, 8.68, 11.58, 0.00, 11.58, 0.00, 48.13, 0.00, 0.00, 0.00, 0, 0, 0, 0, 0, 0, 0, 0, 0.00, 0, 0, 0, 0, 503662.00, 425.00, 302500.00, 806587.50, '2025-07-12 05:30:50', '2025-07-12 05:31:08', NULL, NULL, NULL, NULL, NULL, NULL, NULL, NULL, NULL, NULL, NULL, NULL, NULL, NULL, NULL, NULL, NULL, NULL, NULL, NULL, NULL, NULL),
(117, NULL, NULL, 'QP-20250712083334', 33, 1, '2PSL', 22.00, 22.00, 1, 484.00, NULL, NULL, NULL, NULL, NULL, NULL, NULL, NULL, NULL, NULL, NULL, NULL, NULL, NULL, NULL, NULL, NULL, NULL, NULL, NULL, NULL, NULL, 58226.20, 965.00, 96800.00, 155991.20, '2025-07-12 06:33:20', '2025-07-12 06:33:34', NULL, NULL, NULL, NULL, NULL, NULL, NULL, NULL, NULL, NULL, NULL, NULL, NULL, NULL, NULL, NULL, NULL, NULL, NULL, NULL, NULL, NULL),
(118, NULL, NULL, NULL, 33, 1, '2PSL', 33.00, 23.00, 1, 759.00, 5.89, 8.84, 4.42, 8.84, 2.95, 45.50, 379.00, 19.00, 231.00, 1, 2, 2, 2, 2, 2, 20, 20, 125.00, 20, 2, 20, 2, 74280.50, 965.00, 151800.00, 227045.50, '2025-07-12 06:46:49', '2025-07-12 06:46:49', 12320.00, 16800.00, 7560.00, 13440.00, 3920.00, 17290.00, 0.00, 1795.50, 1155.00, 0.00, 0.00, 0.00, 80.00, 0.00, 20.00, 100.00, 100.00, 625.00, 0.00, 0.00, 40.00, 0.00),
(119, NULL, NULL, 'QP-20250712085333', 33, 1, '2PSL', 332.00, 234.00, 1, 77688.00, 59.58, 89.37, 44.68, 89.37, 29.79, 459.88, 38844.00, 201.00, 2324.00, 1, 2, 2, 2, 2, 2, 20, 20, 125.00, 20, 2, 20, 2, 750710.20, 965.00, 15537600.00, 16289275.20, '2025-07-12 06:49:54', '2025-07-12 06:53:33', 124520.00, 169800.00, 76410.00, 135840.00, 39620.00, 174752.60, 0.00, 18147.60, 11620.00, 0.00, 0.00, 0.00, 80.00, 0.00, 20.00, 100.00, 100.00, 625.00, 0.00, 0.00, 40.00, 0.00),
(120, NULL, NULL, 'QP-20250712085525', 33, 1, '2PSL', 334.00, 334.00, 1, 111556.00, 70.32, 105.47, 52.74, 105.47, 35.16, 542.75, 55778.00, 237.00, 2338.00, 1, 2, 2, 2, 2, 2, 20, 20, 125.00, 20, 2, 20, 2, 883972.30, 965.00, 22311200.00, 23196137.30, '2025-07-12 06:54:49', '2025-07-12 06:55:25', 146960.00, 200400.00, 90180.00, 160320.00, 46760.00, 206245.00, 0.00, 21417.30, 11690.00, 0.00, 0.00, 0.00, 80.00, 0.00, 20.00, 100.00, 100.00, 625.00, 0.00, 0.00, 40.00, 0.00),
(121, NULL, NULL, 'QP-20250712090037', 33, 1, '2PSL', 43.00, 43.00, 1, 1849.00, 9.05, 13.58, 6.79, 13.58, 4.53, 69.88, 924.00, 30.00, 301.00, 1, 2, 2, 2, 2, 2, 20, 20, 125.00, 20, 2, 20, 2, 113805.20, 965.00, 369800.00, 484570.20, '2025-07-12 06:59:19', '2025-07-12 07:00:37', 18920.00, 25800.00, 11610.00, 20640.00, 6020.00, 26552.60, 0.00, 2757.60, 1505.00, 0.00, 0.00, 0.00, 80.00, 0.00, 20.00, 100.00, 100.00, 625.00, 0.00, 0.00, 40.00, 0.00),
(122, NULL, NULL, 'QP-20250712090037', 33, 1, '2PSL', 22.00, 22.00, 1, 484.00, 4.63, 6.95, 3.47, 6.95, 2.32, 35.75, 242.00, 15.00, 154.00, 1, 2, 2, 2, 2, 2, 20, 20, 125.00, 20, 2, 20, 2, 58226.20, 965.00, 96800.00, 155991.20, '2025-07-12 07:00:26', '2025-07-12 07:00:37', 9680.00, 13200.00, 5940.00, 10560.00, 3080.00, 13585.00, 0.00, 1411.20, 770.00, 0.00, 0.00, 0.00, 80.00, 0.00, 20.00, 100.00, 100.00, 625.00, 0.00, 0.00, 40.00, 0.00),
(123, NULL, NULL, 'QP-20250712090235', 33, 1, '2PSL', 123.00, 123.00, 1, 15129.00, 25.89, 38.84, 19.42, 38.84, 12.95, 199.88, 7564.00, 87.00, 861.00, 1, 2, 2, 2, 2, 2, 20, 20, 125.00, 20, 2, 20, 2, 325535.20, 965.00, 3025800.00, 3352300.20, '2025-07-12 07:02:21', '2025-07-12 07:02:35', 54120.00, 73800.00, 33210.00, 59040.00, 17220.00, 75952.60, 0.00, 7887.60, 4305.00, 0.00, 0.00, 0.00, 80.00, 0.00, 20.00, 100.00, 100.00, 625.00, 0.00, 0.00, 40.00, 0.00),
(124, NULL, NULL, 'QP-20250712092005', 33, 1, '2PSL', 22.00, 22.00, 1, 484.00, 4.63, 6.95, 3.47, 6.95, 2.32, 35.75, 242.00, 15.00, 154.00, 1, 2, 2, 2, 2, 2, 20, 20, 125.00, 20, 2, 20, 2, 58226.20, 965.00, 96800.00, 155991.20, '2025-07-12 07:19:52', '2025-07-12 07:20:05', 9680.00, 13200.00, 5940.00, 10560.00, 3080.00, 13585.00, 0.00, 1411.20, 770.00, 0.00, 0.00, 0.00, 80.00, 0.00, 20.00, 100.00, 100.00, 625.00, 0.00, 0.00, 40.00, 0.00),
(125, NULL, NULL, 'QP-20250712104236', 33, 1, '3PSL', 2.00, 22.00, 1, 44.00, 2.53, 4.55, 2.27, 4.55, 1.52, 22.20, 29.00, 0.00, 102.00, 2, 2, 4, 4, 4, 4, 40, 30, 70.00, 30, 2, 30, 2, 27738.60, 960.00, 8800.00, 37498.60, '2025-07-12 08:01:46', '2025-07-12 08:42:36', 0.00, 0.00, 0.00, 0.00, 0.00, 0.00, 0.00, 0.00, 0.00, 0.00, 0.00, 0.00, 0.00, 0.00, 0.00, 0.00, 0.00, 0.00, 0.00, 0.00, 0.00, 0.00),
(126, NULL, NULL, 'QP-20250712104236', 33, 1, '2PSL', 22.00, 22.00, 1, 484.00, 4.63, 6.95, 3.47, 6.95, 2.32, 35.75, 242.00, 15.00, 154.00, 1, 2, 2, 2, 2, 2, 20, 20, 125.00, 20, 2, 20, 2, 58226.20, 965.00, 96800.00, 155991.20, '2025-07-12 08:42:17', '2025-07-12 08:42:36', 9680.00, 13200.00, 5940.00, 10560.00, 3080.00, 13585.00, 0.00, 1411.20, 770.00, 0.00, 0.00, 0.00, 80.00, 0.00, 20.00, 100.00, 100.00, 625.00, 0.00, 0.00, 40.00, 0.00),
(127, NULL, NULL, 'QP-20250712104854', 33, 1, '3PSL', 12.00, 12.00, 1, 144.00, 2.53, 4.55, 2.27, 4.55, 1.52, 22.20, 96.00, 0.00, 132.00, 2, 2, 4, 4, 4, 4, 40, 30, 70.00, 30, 2, 30, 2, 27888.60, 960.00, 28800.00, 57648.60, '2025-07-12 08:48:35', '2025-07-12 08:48:54', 0.00, 0.00, 0.00, 0.00, 0.00, 0.00, 0.00, 0.00, 0.00, 0.00, 0.00, 0.00, 0.00, 0.00, 0.00, 0.00, 0.00, 0.00, 0.00, 0.00, 0.00, 0.00),
(128, NULL, NULL, NULL, 48, 1, '2PSL', 11.00, 11.00, 1, 121.00, 2.32, 3.47, 1.74, 3.47, 1.16, 17.88, 60.00, 7.00, 77.00, 1, 2, 2, 2, 2, 2, 20, 20, 125.00, 20, 2, 20, 2, 29113.20, 965.00, 24200.00, 54278.20, '2025-07-12 10:43:14', '2025-07-12 10:43:14', 4840.00, 6600.00, 2970.00, 5280.00, 1540.00, 6792.60, 0.00, 705.60, 385.00, 0.00, 0.00, 0.00, 80.00, 0.00, 20.00, 100.00, 100.00, 625.00, 0.00, 0.00, 40.00, 0.00),
(129, NULL, NULL, NULL, 48, 1, '3PSL', 22.00, 22.00, 1, 484.00, 4.63, 8.34, 4.17, 8.34, 2.78, 40.70, 322.00, 0.00, 242.00, 2, 2, 4, 4, 4, 4, 40, 30, 70.00, 30, 2, 30, 2, 51129.10, 960.00, 96800.00, 148889.10, '2025-07-12 10:43:38', '2025-07-12 10:43:38', 0.00, 0.00, 0.00, 0.00, 0.00, 0.00, 0.00, 0.00, 0.00, 0.00, 0.00, 0.00, 0.00, 0.00, 0.00, 0.00, 0.00, 0.00, 0.00, 0.00, 0.00, 0.00),
(130, NULL, NULL, NULL, 48, 1, 'Fix Window', 33.00, 33.00, 1, 1089.00, 6.95, 0.00, 0.00, 6.95, 0.00, 16.50, 0.00, 0.00, 0.00, 0, 0, 0, 0, 0, 0, 0, 15, 20.00, 15, 0, 15, 0, 25410.00, 205.00, 217800.00, 243415.00, '2025-07-12 10:44:07', '2025-07-12 10:44:07', 0.00, 0.00, 0.00, 0.00, 0.00, 0.00, 0.00, 0.00, 0.00, 0.00, 0.00, 0.00, 0.00, 0.00, 0.00, 0.00, 0.00, 0.00, 0.00, 0.00, 0.00, 0.00),
(131, NULL, NULL, NULL, 48, 1, 'Top Hung', 44.00, 44.00, 1, 1936.00, 9.26, 9.26, 0.00, 9.26, 0.00, 52.25, 0.00, 0.00, 0.00, 1, 0, 0, 0, 0, 0, 15, 10, 18.00, 10, 1, 0, 0, 59400.00, 215.00, 387200.00, 446815.00, '2025-07-12 10:44:34', '2025-07-12 10:44:34', 0.00, 0.00, 0.00, 0.00, 0.00, 0.00, 0.00, 0.00, 0.00, 0.00, 0.00, 0.00, 0.00, 0.00, 0.00, 0.00, 0.00, 0.00, 0.00, 0.00, 0.00, 0.00),
(132, NULL, NULL, NULL, 48, 1, 'Door', 55.00, 55.00, 1, 3025.00, 8.68, 11.58, 0.00, 11.58, 0.00, 48.13, 0.00, 0.00, 0.00, 0, 0, 0, 0, 0, 0, 0, 0, 0.00, 0, 0, 0, 0, 503662.50, 425.00, 302500.00, 806587.50, '2025-07-12 10:45:05', '2025-07-12 10:45:05', 0.00, 0.00, 0.00, 0.00, 0.00, 0.00, 0.00, 0.00, 0.00, 0.00, 0.00, 0.00, 0.00, 0.00, 0.00, 0.00, 0.00, 0.00, 0.00, 0.00, 0.00, 0.00),
(133, NULL, NULL, 'QP-20250712132312', 48, 1, '2PSL', 22.00, 11.00, 1, 242.00, 3.47, 5.21, 2.61, 5.21, 1.74, 26.81, 121.00, 11.00, 154.00, 1, 2, 2, 2, 2, 2, 20, 20, 125.00, 20, 2, 20, 2, 43862.20, 965.00, 48400.00, 93227.20, '2025-07-12 10:48:49', '2025-07-12 11:23:12', 7260.00, 9900.00, 4455.00, 7920.00, 2310.00, 10188.80, 0.00, 1058.40, 770.00, 0.00, 0.00, 0.00, 80.00, 0.00, 20.00, 100.00, 100.00, 625.00, 0.00, 0.00, 40.00, 0.00),
(134, NULL, NULL, 'QP-20250712132312', 48, 1, '3PSL', 33.00, 33.00, 1, 1089.00, 6.95, 12.51, 6.25, 12.51, 4.17, 61.05, 726.00, 1.00, 363.00, 2, 2, 4, 4, 4, 4, 40, 30, 70.00, 30, 2, 30, 2, 76693.65, 960.00, 217800.00, 295453.65, '2025-07-12 10:51:22', '2025-07-12 11:23:12', 0.00, 0.00, 0.00, 0.00, 0.00, 0.00, 0.00, 0.00, 0.00, 0.00, 0.00, 0.00, 0.00, 0.00, 0.00, 0.00, 0.00, 0.00, 0.00, 0.00, 0.00, 0.00),
(135, NULL, NULL, 'QP-20250712132312', 48, 1, 'Fix Window', 44.00, 44.00, 1, 1936.00, 9.26, 0.00, 0.00, 9.26, 0.00, 22.00, 0.00, 0.00, 0.00, 0, 0, 0, 0, 0, 0, 0, 15, 20.00, 15, 0, 15, 0, 33880.00, 205.00, 387200.00, 421285.00, '2025-07-12 10:54:28', '2025-07-12 11:23:12', 0.00, 0.00, 0.00, 0.00, 0.00, 0.00, 0.00, 0.00, 0.00, 0.00, 0.00, 0.00, 0.00, 0.00, 0.00, 0.00, 0.00, 0.00, 0.00, 0.00, 0.00, 0.00),
(136, NULL, NULL, 'QP-20250712132312', 48, 1, 'Top Hung', 55.00, 55.00, 1, 3025.00, 11.58, 11.58, 0.00, 11.58, 0.00, 65.31, 0.00, 0.00, 0.00, 1, 0, 0, 0, 0, 0, 15, 10, 18.00, 10, 1, 0, 0, 74250.00, 215.00, 605000.00, 679465.00, '2025-07-12 10:55:04', '2025-07-12 11:23:12', 0.00, 0.00, 0.00, 0.00, 0.00, 0.00, 0.00, 0.00, 0.00, 0.00, 0.00, 0.00, 0.00, 0.00, 0.00, 0.00, 0.00, 0.00, 0.00, 0.00, 0.00, 0.00),
(137, NULL, NULL, 'QP-20250712132312', 48, 1, 'Door', 66.00, 66.00, 1, 4356.00, 10.42, 13.89, 0.00, 13.89, 0.00, 57.75, 0.00, 0.00, 0.00, 0, 0, 0, 0, 0, 0, 0, 0, 0.00, 0, 0, 0, 0, 713295.00, 425.00, 435600.00, 1149320.00, '2025-07-12 10:55:42', '2025-07-12 11:23:12', 0.00, 0.00, 0.00, 0.00, 0.00, 0.00, 0.00, 0.00, 0.00, 0.00, 0.00, 0.00, 0.00, 0.00, 0.00, 0.00, 0.00, 0.00, 0.00, 0.00, 0.00, 0.00),
(138, NULL, NULL, 'QP-20250712132312', 48, 1, 'Door', 66.00, 66.00, 1, 4356.00, 10.42, 13.89, 0.00, 13.89, 0.00, 57.75, 0.00, 0.00, 0.00, 0, 0, 0, 0, 0, 0, 0, 0, 0.00, 0, 0, 0, 0, 713295.00, 425.00, 435600.00, 1149320.00, '2025-07-12 10:57:32', '2025-07-12 11:23:12', 0.00, 0.00, 0.00, 0.00, 0.00, 0.00, 0.00, 0.00, 0.00, 0.00, 0.00, 0.00, 0.00, 0.00, 0.00, 0.00, 0.00, 0.00, 0.00, 0.00, 0.00, 0.00),
(139, NULL, NULL, NULL, 48, 1, 'Half-Door', 77.00, 77.00, 1, 5929.00, 12.16, 16.21, 0.00, 24.32, 0.00, 77.00, 0.00, 0.00, 0.00, 1, 0, 0, 0, 0, 0, 30, 15, 40.00, 15, 0, 0, 0, 82390.00, 425.00, 1185800.00, 1268615.00, '2025-07-12 10:57:55', '2025-07-12 10:57:55', 0.00, 0.00, 0.00, 0.00, 0.00, 0.00, 0.00, 0.00, 0.00, 0.00, 0.00, 0.00, 0.00, 0.00, 0.00, 0.00, 0.00, 0.00, 0.00, 0.00, 0.00, 0.00),
(140, NULL, NULL, NULL, 48, 1, 'Half-Door', 88.00, 88.00, 1, 7744.00, 13.89, 18.53, 0.00, 27.79, 0.00, 88.00, 0.00, 0.00, 0.00, 1, 0, 0, 0, 0, 0, 30, 15, 40.00, 15, 0, 0, 0, 94160.00, 425.00, 1548800.00, 1643385.00, '2025-07-12 10:59:17', '2025-07-12 10:59:17', 0.00, 0.00, 0.00, 0.00, 0.00, 0.00, 0.00, 0.00, 0.00, 0.00, 0.00, 0.00, 0.00, 0.00, 0.00, 0.00, 0.00, 0.00, 0.00, 0.00, 0.00, 0.00),
(141, NULL, NULL, NULL, 48, 1, 'Openable Door', 99.00, 99.00, 1, 9801.00, 20.84, 52.11, 0.00, 52.11, 0.00, 4349.81, 0.00, 0.00, 0.00, 0, 4, 4, 0, 4, 4, 50, 30, 120.00, 30, 0, 0, 0, 376571.25, 1200.00, 1960200.00, 2337971.25, '2025-07-12 11:00:02', '2025-07-12 11:00:02', 0.00, 0.00, 0.00, 0.00, 0.00, 0.00, 0.00, 0.00, 0.00, 0.00, 0.00, 0.00, 0.00, 0.00, 0.00, 0.00, 0.00, 0.00, 0.00, 0.00, 0.00, 0.00),
(142, NULL, NULL, NULL, 48, 1, 'Glass Door', 0.07, 0.07, 1, 0.01, 0.01, 0.02, 0.00, 0.02, 0.00, 0.69, 0.00, 0.00, 0.00, 1, 0, 0, 0, 0, 0, 0, 15, 60.00, 15, 0, 0, 0, 98.17, 385.00, 0.52, 483.69, '2025-07-12 11:12:36', '2025-07-12 11:12:36', 0.00, 0.00, 0.00, 0.00, 0.00, 0.00, 0.00, 0.00, 0.00, 0.00, 0.00, 0.00, 0.00, 0.00, 0.00, 0.00, 0.00, 0.00, 0.00, 0.00, 0.00, 0.00),
(143, NULL, NULL, NULL, 48, 1, 'Glass Door', 0.08, 0.08, 1, 0.01, 0.01, 0.02, 0.00, 0.02, 0.00, 0.72, 0.00, 0.00, 0.00, 1, 0, 0, 0, 0, 0, 0, 15, 60.00, 15, 2, 0, 0, 102.63, 385.00, 0.57, 488.20, '2025-07-12 11:19:24', '2025-07-12 11:19:24', 0.00, 0.00, 0.00, 0.00, 0.00, 0.00, 0.00, 0.00, 0.00, 0.00, 0.00, 0.00, 0.00, 0.00, 0.00, 0.00, 0.00, 0.00, 0.00, 0.00, 0.00, 0.00);
INSERT INTO `window_calculation_details` (`id`, `calculation_id`, `quotation_id`, `quotation_number`, `client_id`, `company_id`, `window_type`, `height`, `width`, `quantity`, `total_area`, `frame_length`, `sash_length`, `net_sash_length`, `beading_length`, `interlock_length`, `steel_quantity`, `net_area`, `net_rubber_quantity`, `burshi_length`, `locks`, `dummy`, `boofer`, `stopper`, `double_wheel`, `net_wheel`, `sada_screw`, `fitting_screw`, `self_screw`, `rawal_plug`, `silicon_white`, `hole_caps`, `water_caps`, `material_cost`, `hardware_cost`, `glass_cost`, `total_cost`, `created_at`, `updated_at`, `frame_cost`, `sash_cost`, `net_sash_cost`, `beading_cost`, `interlock_cost`, `steel_cost`, `net_cost`, `net_rubber_cost`, `burshi_cost`, `locks_cost`, `dummy_cost`, `boofer_cost`, `stopper_cost`, `double_wheel_cost`, `net_wheel_cost`, `sada_screw_cost`, `fitting_screw_cost`, `self_screw_cost`, `rawal_plug_cost`, `silicon_white_cost`, `hole_caps_cost`, `water_caps_cost`) VALUES
(144, NULL, NULL, NULL, 48, 1, 'Glass Door', 0.11, 0.11, 1, 0.01, 0.02, 0.03, 0.00, 0.03, 0.00, 1.03, 0.00, 0.00, 0.00, 1, 0, 0, 0, 0, 0, 0, 15, 60.00, 15, 2, 0, 0, 147.25, 385.00, 1.17, 533.43, '2025-07-12 11:22:36', '2025-07-12 11:22:36', 0.00, 0.00, 0.00, 0.00, 0.00, 0.00, 0.00, 0.00, 0.00, 0.00, 0.00, 0.00, 0.00, 0.00, 0.00, 0.00, 0.00, 0.00, 0.00, 0.00, 0.00, 0.00),
(145, NULL, NULL, NULL, 48, 1, 'Glass Door', 0.07, 0.07, 1, 0.01, 0.01, 0.02, 0.00, 0.02, 0.00, 0.69, 0.00, 0.00, 0.00, 1, 0, 0, 0, 0, 0, 0, 15, 60.00, 15, 0, 0, 0, 98.17, 385.00, 0.52, 483.69, '2025-07-12 11:24:27', '2025-07-12 11:24:27', 0.00, 0.00, 0.00, 0.00, 0.00, 0.00, 0.00, 0.00, 0.00, 0.00, 0.00, 0.00, 0.00, 0.00, 0.00, 0.00, 0.00, 0.00, 0.00, 0.00, 0.00, 0.00),
(146, NULL, NULL, NULL, 48, 1, 'Glass Door', 0.04, 0.04, 1, 0.00, 0.01, 0.01, 0.00, 0.01, 0.00, 0.34, 0.00, 0.00, 0.00, 1, 0, 0, 0, 0, 0, 0, 15, 60.00, 15, 0, 0, 0, 49.08, 385.00, 0.13, 434.21, '2025-07-12 11:24:51', '2025-07-12 11:24:51', 0.00, 0.00, 0.00, 0.00, 0.00, 0.00, 0.00, 0.00, 0.00, 0.00, 0.00, 0.00, 0.00, 0.00, 0.00, 0.00, 0.00, 0.00, 0.00, 0.00, 0.00, 0.00),
(147, NULL, NULL, NULL, 48, 1, 'Glass Door', 0.11, 0.11, 1, 0.01, 0.02, 0.03, 0.00, 0.03, 0.00, 1.03, 0.00, 0.00, 0.00, 1, 0, 0, 0, 0, 0, 0, 15, 60.00, 15, 0, 0, 0, 147.25, 385.00, 1.17, 533.43, '2025-07-12 11:25:38', '2025-07-12 11:25:38', 0.00, 0.00, 0.00, 0.00, 0.00, 0.00, 0.00, 0.00, 0.00, 0.00, 0.00, 0.00, 0.00, 0.00, 0.00, 0.00, 0.00, 0.00, 0.00, 0.00, 0.00, 0.00),
(148, NULL, NULL, NULL, 48, 1, 'Glass Door', 0.07, 0.07, 1, 0.01, 0.01, 0.02, 0.00, 0.02, 0.00, 0.69, 0.00, 0.00, 0.00, 1, 0, 0, 0, 0, 0, 0, 15, 60.00, 15, 0, 0, 0, 98.17, 385.00, 0.52, 483.69, '2025-07-12 11:27:06', '2025-07-12 11:27:06', 0.00, 0.00, 0.00, 0.00, 0.00, 0.00, 0.00, 0.00, 0.00, 0.00, 0.00, 0.00, 0.00, 0.00, 0.00, 0.00, 0.00, 0.00, 0.00, 0.00, 0.00, 0.00),
(149, NULL, NULL, NULL, 48, 1, 'Glass Door', 0.11, 0.11, 1, 0.01, 0.02, 0.03, 0.00, 0.03, 0.00, 1.03, 0.00, 0.00, 0.00, 1, 0, 0, 0, 0, 0, 0, 15, 60.00, 15, 0, 0, 0, 147.25, 385.00, 1.17, 533.43, '2025-07-12 11:36:55', '2025-07-12 11:36:55', 0.00, 0.00, 0.00, 0.00, 0.00, 0.00, 0.00, 0.00, 0.00, 0.00, 0.00, 0.00, 0.00, 0.00, 0.00, 0.00, 0.00, 0.00, 0.00, 0.00, 0.00, 0.00),
(150, NULL, NULL, NULL, 33, 1, 'Openable Door', 43.00, 34.00, 1, 1462.00, 8.11, 21.68, 0.00, 21.68, 0.00, 1793.13, 0.00, 0.00, 0.00, 0, 4, 4, 0, 4, 4, 50, 30, 120.00, 30, 0, 0, 0, 156012.50, 1200.00, 292400.00, 449612.50, '2025-07-12 11:37:29', '2025-07-12 11:37:29', 0.00, 0.00, 0.00, 0.00, 0.00, 0.00, 0.00, 0.00, 0.00, 0.00, 0.00, 0.00, 0.00, 0.00, 0.00, 0.00, 0.00, 0.00, 0.00, 0.00, 0.00, 0.00),
(151, NULL, NULL, NULL, 48, 1, 'Openable Door', 22.00, 22.00, 1, 484.00, 4.63, 11.58, 0.00, 11.58, 0.00, 966.63, 0.00, 0.00, 0.00, 0, 4, 4, 0, 4, 4, 50, 30, 120.00, 30, 0, 0, 0, 83682.50, 1200.00, 96800.00, 181682.50, '2025-07-12 11:38:19', '2025-07-12 11:38:19', 0.00, 0.00, 0.00, 0.00, 0.00, 0.00, 0.00, 0.00, 0.00, 0.00, 0.00, 0.00, 0.00, 0.00, 0.00, 0.00, 0.00, 0.00, 0.00, 0.00, 0.00, 0.00),
(152, NULL, NULL, NULL, 48, 1, 'Half-Door', 33.00, 33.00, 1, 1089.00, 5.21, 6.95, 0.00, 10.42, 0.00, 33.00, 0.00, 0.00, 0.00, 1, 0, 0, 0, 0, 0, 30, 15, 40.00, 15, 0, 0, 0, 35310.00, 425.00, 217800.00, 253535.00, '2025-07-12 11:38:50', '2025-07-12 11:38:50', 0.00, 0.00, 0.00, 0.00, 0.00, 0.00, 0.00, 0.00, 0.00, 0.00, 0.00, 0.00, 0.00, 0.00, 0.00, 0.00, 0.00, 0.00, 0.00, 0.00, 0.00, 0.00),
(153, NULL, NULL, NULL, 38, 1, '3PSL', 123.00, 123.00, 1, 15129.00, 25.89, 46.61, 23.31, 46.61, 15.54, 227.55, 10086.00, 5.00, 1353.00, 2, 2, 4, 4, 4, 4, 40, 30, 70.00, 30, 2, 30, 2, 285858.15, 960.00, 3025800.00, 3312618.15, '2025-07-12 11:44:53', '2025-07-12 11:44:53', 54120.00, 88560.00, 39852.00, 70848.00, 20664.00, 4551.00, 0.00, 498.15, 6765.00, 0.00, 0.00, 0.00, 160.00, 0.00, 40.00, 200.00, 150.00, 350.00, 0.00, 0.00, 60.00, 0.00),
(154, NULL, NULL, NULL, 48, 1, 'Fix Window', 234.00, 234.00, 1, 54756.00, 49.26, 0.00, 0.00, 49.26, 0.00, 117.00, 0.00, 0.00, 0.00, 0, 0, 0, 0, 0, 0, 0, 15, 20.00, 15, 0, 15, 0, 180180.00, 205.00, 10951200.00, 11131585.00, '2025-07-12 11:49:18', '2025-07-12 11:49:18', 102960.00, 0.00, 0.00, 74880.00, 0.00, 2340.00, 0.00, 0.00, 0.00, 0.00, 0.00, 0.00, 0.00, 0.00, 0.00, 0.00, 75.00, 100.00, 0.00, 0.00, 30.00, 0.00),
(155, NULL, NULL, 'QP-20250712135305', 48, 1, 'Door', 22.00, 22.00, 1, 484.00, 3.47, 4.63, 0.00, 4.63, 0.00, 19.25, 0.00, 0.00, 0.00, 1, 0, 0, 0, 0, 0, 30, 15, 40.00, 15, 2, 0, 0, 92565.00, 425.00, 48400.00, 141390.00, '2025-07-12 11:52:05', '2025-07-12 11:53:05', 7260.00, 5280.00, 0.00, 7040.00, 0.00, 385.00, 0.00, 0.00, 0.00, 0.00, 0.00, 0.00, 0.00, 0.00, 0.00, 150.00, 75.00, 200.00, 0.00, 0.00, 0.00, 0.00),
(156, NULL, NULL, NULL, 48, 1, 'Glass Door', 0.04, 0.07, 1, 0.00, 0.01, 0.02, 0.00, 0.02, 0.00, 0.44, 0.00, 0.00, 0.00, 1, 0, 0, 0, 0, 0, 0, 15, 60.00, 15, 0, 0, 0, 66.46, 385.00, 0.27, 451.74, '2025-07-12 12:03:17', '2025-07-12 12:03:17', 16.24, 17.72, 0.00, 23.62, 0.00, 8.88, 0.00, 0.00, 0.00, 0.00, 0.00, 0.00, 0.00, 0.00, 0.00, 0.00, 75.00, 300.00, 0.00, 0.00, 0.00, 0.00),
(157, NULL, NULL, NULL, 33, 1, 'Glass Door', 123.00, 234.00, 1, 28782.00, 25.26, 50.53, 0.00, 50.53, 0.00, 1432.13, 0.00, 0.00, 0.00, 1, 0, 0, 0, 0, 0, 0, 15, 60.00, 15, 0, 0, 0, 242352.24, 385.00, 2878200.00, 3120937.24, '2025-07-12 12:04:33', '2025-07-12 12:04:33', 52800.00, 57600.00, 0.00, 76800.00, 0.00, 28642.50, 0.00, 0.00, 0.00, 0.00, 0.00, 0.00, 0.00, 0.00, 0.00, 0.00, 75.00, 300.00, 0.00, 0.00, 0.00, 0.00),
(158, NULL, NULL, NULL, 48, 1, 'Half-Door', 22.00, 22.00, 1, 484.00, 3.47, 4.63, 0.00, 6.95, 0.00, 22.00, 0.00, 0.00, 0.00, 1, 0, 0, 0, 0, 0, 30, 15, 40.00, 15, 0, 0, 0, 23540.00, 425.00, 96800.00, 120765.00, '2025-07-12 12:06:35', '2025-07-12 12:06:35', 7260.00, 5280.00, 0.00, 10560.00, 0.00, 440.00, 0.00, 0.00, 0.00, 0.00, 0.00, 0.00, 0.00, 0.00, 0.00, 150.00, 75.00, 200.00, 0.00, 0.00, 0.00, 0.00),
(159, NULL, NULL, NULL, 33, 1, 'Top Hung', 33.00, 33.00, 1, 1089.00, 6.95, 6.95, 0.00, 6.95, 0.00, 39.19, 0.00, 0.00, 0.00, 1, 0, 0, 0, 0, 0, 15, 10, 18.00, 10, 1, 0, 0, 44550.00, 215.00, 217800.00, 262565.00, '2025-07-12 12:12:09', '2025-07-12 12:12:09', 14520.00, 13200.00, 0.00, 10560.00, 0.00, 6270.00, 0.00, 0.00, 0.00, 0.00, 0.00, 0.00, 0.00, 0.00, 0.00, 75.00, 50.00, 90.00, 0.00, 0.00, 0.00, 0.00),
(160, NULL, NULL, NULL, 33, 1, 'Openable Door', 55.00, 33.00, 1, 1815.00, 9.26, 26.63, 0.00, 26.63, 0.00, 2181.44, 0.00, 0.00, 0.00, 0, 4, 4, 0, 4, 4, 50, 30, 120.00, 30, 0, 0, 0, 190753.75, 1200.00, 363000.00, 554953.75, '2025-07-12 12:15:59', '2025-07-12 12:15:59', 19360.00, 50600.00, 0.00, 40480.00, 0.00, 43628.75, 0.00, 0.00, 0.00, 0.00, 0.00, 0.00, 0.00, 0.00, 40.00, 250.00, 150.00, 600.00, 0.00, 0.00, 0.00, 0.00),
(161, NULL, NULL, NULL, 33, 1, 'Openable Door', 23.00, 23.00, 1, 529.00, 4.84, 12.11, 0.00, 12.11, 0.00, 1010.56, 0.00, 0.00, 0.00, 0, 4, 4, 0, 4, 4, 50, 30, 120.00, 30, 0, 0, 0, 87486.25, 1200.00, 105800.00, 194486.25, '2025-07-12 12:16:37', '2025-07-12 12:16:37', 10120.00, 23000.00, 0.00, 18400.00, 0.00, 20211.25, 0.00, 0.00, 0.00, 0.00, 0.00, 0.00, 0.00, 0.00, 40.00, 250.00, 150.00, 600.00, 0.00, 0.00, 0.00, 0.00),
(162, NULL, NULL, NULL, 33, 1, 'Openable Door', 23.00, 23.00, 1, 529.00, 4.84, 12.11, 0.00, 12.11, 0.00, 1010.56, 0.00, 0.00, 0.00, 0, 4, 4, 0, 4, 4, 50, 30, 120.00, 30, 0, 0, 0, 87486.25, 1200.00, 105800.00, 194486.25, '2025-07-12 12:18:21', '2025-07-12 12:18:21', 10120.00, 23000.00, 0.00, 18400.00, 0.00, 20211.25, 0.00, 0.00, 0.00, 0.00, 0.00, 0.00, 0.00, 0.00, 40.00, 250.00, 150.00, 600.00, 0.00, 0.00, 0.00, 0.00),
(163, NULL, NULL, NULL, 33, 1, 'Openable Door', 44.00, 44.00, 1, 1936.00, 9.26, 23.16, 0.00, 23.16, 0.00, 1933.25, 0.00, 0.00, 0.00, 0, 4, 4, 0, 4, 4, 50, 30, 120.00, 30, 0, 0, 0, 167365.00, 1200.00, 387200.00, 555765.00, '2025-07-12 12:19:19', '2025-07-12 12:19:19', 19360.00, 44000.00, 0.00, 35200.00, 0.00, 38665.00, 0.00, 0.00, 0.00, 0.00, 0.00, 0.00, 0.00, 0.00, 40.00, 250.00, 150.00, 600.00, 0.00, 0.00, 0.00, 0.00),
(164, NULL, NULL, NULL, 48, 1, 'Openable Door', 543.00, 345.00, 1, 187335.00, 93.47, 264.95, 0.00, 264.95, 0.00, 21741.94, 0.00, 0.00, 0.00, 0, 4, 4, 0, 4, 4, 50, 30, 120.00, 30, 0, 0, 0, 1899363.75, 1200.00, 37467000.00, 39367563.75, '2025-07-12 12:20:30', '2025-07-12 12:20:30', 195360.00, 503400.00, 0.00, 402720.00, 0.00, 434838.75, 0.00, 0.00, 0.00, 0.00, 0.00, 0.00, 0.00, 0.00, 40.00, 250.00, 150.00, 600.00, 0.00, 0.00, 0.00, 0.00),
(165, NULL, NULL, 'QP-20250712142853', 48, 1, 'Top Hung', 12.00, 12.00, 1, 144.00, 2.53, 2.53, 0.00, 2.53, 0.00, 14.25, 0.00, 0.00, 0.00, 1, 0, 0, 0, 0, 0, 15, 10, 18.00, 10, 1, 0, 0, 16200.00, 215.00, 28800.00, 45215.00, '2025-07-12 12:26:43', '2025-07-12 12:28:53', 5280.00, 4800.00, 0.00, 3840.00, 0.00, 2280.00, 0.00, 0.00, 0.00, 0.00, 0.00, 0.00, 0.00, 0.00, 0.00, 75.00, 50.00, 90.00, 0.00, 0.00, 0.00, 0.00),
(166, NULL, NULL, 'QP-20250712150412', 33, 1, '3PSL', 12.00, 12.00, 1, 144.00, 2.53, 4.55, 2.27, 4.55, 1.52, 22.20, 96.00, 0.00, 132.00, 2, 2, 4, 4, 4, 4, 40, 30, 70.00, 30, 2, 30, 2, 27888.60, 960.00, 28800.00, 57648.60, '2025-07-12 13:01:52', '2025-07-12 13:04:12', 5280.00, 8640.00, 3888.00, 6912.00, 2016.00, 444.00, 0.00, 48.60, 660.00, 0.00, 0.00, 0.00, 160.00, 0.00, 40.00, 200.00, 150.00, 350.00, 0.00, 0.00, 60.00, 0.00),
(167, NULL, NULL, NULL, 33, 1, 'Half-Door', 12.00, 12.00, 1, 144.00, 1.89, 2.53, 0.00, 3.79, 0.00, 12.00, 0.00, 0.00, 0.00, 1, 0, 0, 0, 0, 0, 30, 15, 40.00, 15, 0, 0, 0, 12840.00, 425.00, 28800.00, 42065.00, '2025-07-12 13:03:54', '2025-07-12 13:03:54', 3960.00, 2880.00, 0.00, 5760.00, 0.00, 240.00, 0.00, 0.00, 0.00, 0.00, 0.00, 0.00, 0.00, 0.00, 0.00, 150.00, 75.00, 200.00, 0.00, 0.00, 0.00, 0.00),
(168, NULL, NULL, NULL, 33, 1, 'Glass Door', 0.07, 0.07, 1, 0.01, 0.01, 0.02, 0.00, 0.02, 0.00, 0.69, 0.00, 0.00, 0.00, 1, 0, 0, 0, 0, 0, 0, 15, 60.00, 15, 0, 0, 0, 98.17, 385.00, 0.52, 483.69, '2025-07-12 13:16:05', '2025-07-12 13:16:05', 23.82, 25.98, 0.00, 34.65, 0.00, 13.71, 0.00, 0.00, 0.00, 0.00, 0.00, 0.00, 0.00, 0.00, 0.00, 0.00, 75.00, 300.00, 0.00, 0.00, 0.00, 0.00),
(169, NULL, NULL, NULL, 33, 1, '3PSL', 12.00, 12.00, 1, 144.00, 2.53, 4.55, 2.27, 4.55, 1.52, 22.20, 96.00, 0.00, 132.00, 2, 2, 4, 4, 4, 4, 40, 30, 70.00, 30, 2, 30, 2, 27888.60, 960.00, 28800.00, 57648.60, '2025-07-12 13:16:31', '2025-07-12 13:16:31', 5280.00, 8640.00, 3888.00, 6912.00, 2016.00, 444.00, 0.00, 48.60, 660.00, 0.00, 0.00, 0.00, 160.00, 0.00, 40.00, 200.00, 150.00, 350.00, 0.00, 0.00, 60.00, 0.00),
(170, NULL, NULL, NULL, 48, 1, '2PSL', 22.00, 22.00, 1, 484.00, 4.63, 6.95, 3.47, 6.95, 2.32, 35.75, 242.00, 15.00, 154.00, 1, 2, 2, 2, 2, 2, 20, 20, 125.00, 20, 2, 20, 2, 58226.20, 965.00, 96800.00, 155991.20, '2025-07-12 13:18:12', '2025-07-12 13:18:12', 9680.00, 13200.00, 5940.00, 10560.00, 3080.00, 13585.00, 0.00, 1411.20, 770.00, 0.00, 0.00, 0.00, 80.00, 0.00, 20.00, 100.00, 100.00, 625.00, 0.00, 0.00, 40.00, 0.00),
(171, NULL, NULL, NULL, 48, 1, '2PSL', 22.00, 22.00, 1, 484.00, 4.63, 6.95, 3.47, 6.95, 2.32, 35.75, 242.00, 15.00, 154.00, 1, 2, 2, 2, 2, 2, 20, 20, 125.00, 20, 2, 20, 2, 58226.20, 965.00, 96800.00, 155991.20, '2025-07-12 13:29:27', '2025-07-12 13:29:27', 9680.00, 13200.00, 5940.00, 10560.00, 3080.00, 13585.00, 0.00, 1411.20, 770.00, 0.00, 0.00, 0.00, 80.00, 0.00, 20.00, 100.00, 100.00, 625.00, 0.00, 0.00, 40.00, 0.00),
(172, NULL, NULL, NULL, 33, 1, '3PSL', 12.00, 12.00, 1, 144.00, 2.53, 4.55, 2.27, 4.55, 1.52, 22.20, 96.00, 0.00, 132.00, 2, 2, 4, 4, 4, 4, 40, 30, 70.00, 30, 2, 30, 2, 27888.60, 960.00, 28800.00, 57648.60, '2025-07-12 13:36:33', '2025-07-12 13:36:33', 5280.00, 8640.00, 3888.00, 6912.00, 2016.00, 444.00, 0.00, 48.60, 660.00, 0.00, 0.00, 0.00, 160.00, 0.00, 40.00, 200.00, 150.00, 350.00, 0.00, 0.00, 60.00, 0.00),
(173, NULL, NULL, NULL, 33, 1, '2PSL', 12.00, 12.00, 1, 144.00, 2.53, 3.79, 1.89, 3.79, 1.26, 19.50, 72.00, 8.00, 84.00, 1, 2, 2, 2, 2, 2, 20, 20, 125.00, 20, 2, 20, 2, 31759.50, 965.00, 28800.00, 61524.50, '2025-07-12 13:44:56', '2025-07-12 13:44:56', 5280.00, 7200.00, 3240.00, 5760.00, 1680.00, 7410.00, 0.00, 769.50, 420.00, 0.00, 0.00, 0.00, 80.00, 0.00, 20.00, 100.00, 100.00, 625.00, 0.00, 0.00, 40.00, 0.00),
(174, NULL, NULL, NULL, 33, 1, '3PSL', 23.00, 23.00, 1, 529.00, 4.84, 8.72, 4.36, 8.72, 2.91, 42.55, 352.00, 1.00, 253.00, 2, 2, 4, 4, 4, 4, 40, 30, 70.00, 30, 2, 30, 2, 53453.15, 960.00, 105800.00, 160213.15, '2025-07-12 14:06:24', '2025-07-12 14:06:24', 10120.00, 16560.00, 7452.00, 13248.00, 3864.00, 851.00, 0.00, 93.15, 1265.00, 0.00, 0.00, 0.00, 160.00, 0.00, 40.00, 200.00, 150.00, 350.00, 0.00, 0.00, 60.00, 0.00),
(175, NULL, NULL, NULL, 33, 1, 'Door', 23.00, 23.00, 1, 529.00, 3.63, 4.84, 0.00, 4.84, 0.00, 20.13, 0.00, 0.00, 0.00, 1, 0, 0, 0, 0, 0, 30, 15, 40.00, 15, 2, 0, 0, 100222.50, 425.00, 52900.00, 153547.50, '2025-07-12 14:06:50', '2025-07-12 14:06:50', 7590.00, 5520.00, 0.00, 7360.00, 0.00, 402.50, 0.00, 0.00, 0.00, 0.00, 0.00, 0.00, 0.00, 0.00, 0.00, 150.00, 75.00, 200.00, 0.00, 0.00, 0.00, 0.00),
(176, NULL, NULL, NULL, 33, 1, '3PSL', 21.00, 12.00, 1, 252.00, 3.47, 6.25, 3.13, 6.25, 2.08, 30.53, 168.00, 0.00, 195.00, 2, 2, 4, 4, 4, 4, 40, 30, 70.00, 30, 2, 30, 2, 38414.33, 960.00, 50400.00, 89774.33, '2025-07-12 14:07:37', '2025-07-12 14:07:37', 7260.00, 11880.00, 5346.00, 9504.00, 2772.00, 610.50, 0.00, 66.83, 975.00, 0.00, 0.00, 0.00, 160.00, 0.00, 40.00, 200.00, 150.00, 350.00, 0.00, 0.00, 60.00, 0.00),
(177, NULL, NULL, NULL, 33, 1, '3PSL', 12.00, 12.00, 1, 144.00, 2.53, 4.55, 2.27, 4.55, 1.52, 22.20, 96.00, 0.00, 132.00, 2, 2, 4, 4, 4, 4, 40, 30, 70.00, 30, 2, 30, 2, 27888.60, 960.00, 28800.00, 57648.60, '2025-07-12 14:08:02', '2025-07-12 14:08:02', 5280.00, 8640.00, 3888.00, 6912.00, 2016.00, 444.00, 0.00, 48.60, 660.00, 0.00, 0.00, 0.00, 160.00, 0.00, 40.00, 200.00, 150.00, 350.00, 0.00, 0.00, 60.00, 0.00);

-- --------------------------------------------------------

--
-- Table structure for table `window_drawings`
--

CREATE TABLE `window_drawings` (
  `id` int(11) NOT NULL,
  `calculation_id` int(11) DEFAULT NULL,
  `quotation_id` int(11) DEFAULT NULL,
  `svg_data` text DEFAULT NULL,
  `created_at` timestamp NOT NULL DEFAULT current_timestamp()
) ENGINE=InnoDB DEFAULT CHARSET=utf8mb4 COLLATE=utf8mb4_general_ci;

--
-- Indexes for dumped tables
--

--
-- Indexes for table `calculation_records`
--
ALTER TABLE `calculation_records`
  ADD PRIMARY KEY (`id`),
  ADD KEY `client_id` (`client_id`),
  ADD KEY `company_id` (`company_id`);

--
-- Indexes for table `clients`
--
ALTER TABLE `clients`
  ADD PRIMARY KEY (`id`),
  ADD KEY `company_id` (`company_id`);

--
-- Indexes for table `companies`
--
ALTER TABLE `companies`
  ADD PRIMARY KEY (`id`);

--
-- Indexes for table `expenses`
--
ALTER TABLE `expenses`
  ADD PRIMARY KEY (`id`),
  ADD KEY `company_id` (`company_id`);

--
-- Indexes for table `expense_items`
--
ALTER TABLE `expense_items`
  ADD PRIMARY KEY (`id`),
  ADD KEY `expense_id` (`expense_id`);

--
-- Indexes for table `hardware`
--
ALTER TABLE `hardware`
  ADD PRIMARY KEY (`id`),
  ADD KEY `company_id` (`company_id`);

--
-- Indexes for table `materials`
--
ALTER TABLE `materials`
  ADD PRIMARY KEY (`id`),
  ADD KEY `company_id` (`company_id`);

--
-- Indexes for table `product_types`
--
ALTER TABLE `product_types`
  ADD PRIMARY KEY (`id`),
  ADD KEY `company_id` (`company_id`);

--
-- Indexes for table `quotations`
--
ALTER TABLE `quotations`
  ADD PRIMARY KEY (`id`),
  ADD UNIQUE KEY `quotation_number` (`quotation_number`),
  ADD KEY `company_id` (`company_id`),
  ADD KEY `client_id` (`client_id`);

--
-- Indexes for table `quotation_calculations`
--
ALTER TABLE `quotation_calculations`
  ADD PRIMARY KEY (`id`),
  ADD KEY `quotation_id` (`quotation_id`),
  ADD KEY `product_type_id` (`product_type_id`);

--
-- Indexes for table `quotation_calculation_link`
--
ALTER TABLE `quotation_calculation_link`
  ADD PRIMARY KEY (`quotation_id`,`calculation_id`),
  ADD KEY `calculation_id` (`calculation_id`);

--
-- Indexes for table `quotation_items`
--
ALTER TABLE `quotation_items`
  ADD PRIMARY KEY (`id`),
  ADD KEY `quotation_id` (`quotation_id`);

--
-- Indexes for table `users`
--
ALTER TABLE `users`
  ADD PRIMARY KEY (`id`),
  ADD UNIQUE KEY `username` (`username`);

--
-- Indexes for table `window_calculation_details`
--
ALTER TABLE `window_calculation_details`
  ADD PRIMARY KEY (`id`),
  ADD KEY `calculation_id` (`calculation_id`),
  ADD KEY `quotation_id` (`quotation_id`),
  ADD KEY `client_id` (`client_id`),
  ADD KEY `company_id` (`company_id`);

--
-- Indexes for table `window_drawings`
--
ALTER TABLE `window_drawings`
  ADD PRIMARY KEY (`id`),
  ADD KEY `calculation_id` (`calculation_id`),
  ADD KEY `quotation_id` (`quotation_id`);

--
-- AUTO_INCREMENT for dumped tables
--

--
-- AUTO_INCREMENT for table `calculation_records`
--
ALTER TABLE `calculation_records`
  MODIFY `id` int(11) NOT NULL AUTO_INCREMENT, AUTO_INCREMENT=281;

--
-- AUTO_INCREMENT for table `clients`
--
ALTER TABLE `clients`
  MODIFY `id` int(11) NOT NULL AUTO_INCREMENT, AUTO_INCREMENT=49;

--
-- AUTO_INCREMENT for table `companies`
--
ALTER TABLE `companies`
  MODIFY `id` int(11) NOT NULL AUTO_INCREMENT, AUTO_INCREMENT=9;

--
-- AUTO_INCREMENT for table `expenses`
--
ALTER TABLE `expenses`
  MODIFY `id` int(11) NOT NULL AUTO_INCREMENT, AUTO_INCREMENT=3;

--
-- AUTO_INCREMENT for table `expense_items`
--
ALTER TABLE `expense_items`
  MODIFY `id` int(11) NOT NULL AUTO_INCREMENT, AUTO_INCREMENT=6;

--
-- AUTO_INCREMENT for table `hardware`
--
ALTER TABLE `hardware`
  MODIFY `id` int(11) NOT NULL AUTO_INCREMENT, AUTO_INCREMENT=35;

--
-- AUTO_INCREMENT for table `materials`
--
ALTER TABLE `materials`
  MODIFY `id` int(11) NOT NULL AUTO_INCREMENT, AUTO_INCREMENT=73;

--
-- AUTO_INCREMENT for table `product_types`
--
ALTER TABLE `product_types`
  MODIFY `id` int(11) NOT NULL AUTO_INCREMENT;

--
-- AUTO_INCREMENT for table `quotations`
--
ALTER TABLE `quotations`
  MODIFY `id` int(11) NOT NULL AUTO_INCREMENT, AUTO_INCREMENT=89;

--
-- AUTO_INCREMENT for table `quotation_calculations`
--
ALTER TABLE `quotation_calculations`
  MODIFY `id` int(11) NOT NULL AUTO_INCREMENT;

--
-- AUTO_INCREMENT for table `quotation_items`
--
ALTER TABLE `quotation_items`
  MODIFY `id` int(11) NOT NULL AUTO_INCREMENT, AUTO_INCREMENT=481;

--
-- AUTO_INCREMENT for table `users`
--
ALTER TABLE `users`
  MODIFY `id` int(11) NOT NULL AUTO_INCREMENT, AUTO_INCREMENT=2;

--
-- AUTO_INCREMENT for table `window_calculation_details`
--
ALTER TABLE `window_calculation_details`
  MODIFY `id` int(11) NOT NULL AUTO_INCREMENT, AUTO_INCREMENT=178;

--
-- AUTO_INCREMENT for table `window_drawings`
--
ALTER TABLE `window_drawings`
  MODIFY `id` int(11) NOT NULL AUTO_INCREMENT;

--
-- Constraints for dumped tables
--

--
-- Constraints for table `calculation_records`
--
ALTER TABLE `calculation_records`
  ADD CONSTRAINT `calculation_records_ibfk_1` FOREIGN KEY (`client_id`) REFERENCES `clients` (`id`),
  ADD CONSTRAINT `calculation_records_ibfk_2` FOREIGN KEY (`company_id`) REFERENCES `companies` (`id`);

--
-- Constraints for table `clients`
--
ALTER TABLE `clients`
  ADD CONSTRAINT `clients_ibfk_1` FOREIGN KEY (`company_id`) REFERENCES `companies` (`id`) ON DELETE CASCADE;

--
-- Constraints for table `expenses`
--
ALTER TABLE `expenses`
  ADD CONSTRAINT `expenses_ibfk_1` FOREIGN KEY (`company_id`) REFERENCES `companies` (`id`);

--
-- Constraints for table `expense_items`
--
ALTER TABLE `expense_items`
  ADD CONSTRAINT `expense_items_ibfk_1` FOREIGN KEY (`expense_id`) REFERENCES `expenses` (`id`) ON DELETE CASCADE;

--
-- Constraints for table `hardware`
--
ALTER TABLE `hardware`
  ADD CONSTRAINT `hardware_ibfk_1` FOREIGN KEY (`company_id`) REFERENCES `companies` (`id`) ON DELETE CASCADE;

--
-- Constraints for table `materials`
--
ALTER TABLE `materials`
  ADD CONSTRAINT `materials_ibfk_1` FOREIGN KEY (`company_id`) REFERENCES `companies` (`id`) ON DELETE CASCADE;

--
-- Constraints for table `product_types`
--
ALTER TABLE `product_types`
  ADD CONSTRAINT `product_types_ibfk_1` FOREIGN KEY (`company_id`) REFERENCES `companies` (`id`) ON DELETE CASCADE;

--
-- Constraints for table `quotations`
--
ALTER TABLE `quotations`
  ADD CONSTRAINT `quotations_ibfk_1` FOREIGN KEY (`company_id`) REFERENCES `companies` (`id`) ON DELETE CASCADE,
  ADD CONSTRAINT `quotations_ibfk_2` FOREIGN KEY (`client_id`) REFERENCES `clients` (`id`) ON DELETE CASCADE;

--
-- Constraints for table `quotation_calculations`
--
ALTER TABLE `quotation_calculations`
  ADD CONSTRAINT `quotation_calculations_ibfk_1` FOREIGN KEY (`quotation_id`) REFERENCES `quotations` (`id`) ON DELETE CASCADE,
  ADD CONSTRAINT `quotation_calculations_ibfk_2` FOREIGN KEY (`product_type_id`) REFERENCES `product_types` (`id`);

--
-- Constraints for table `quotation_calculation_link`
--
ALTER TABLE `quotation_calculation_link`
  ADD CONSTRAINT `quotation_calculation_link_ibfk_1` FOREIGN KEY (`quotation_id`) REFERENCES `quotations` (`id`),
  ADD CONSTRAINT `quotation_calculation_link_ibfk_2` FOREIGN KEY (`calculation_id`) REFERENCES `calculation_records` (`id`);

--
-- Constraints for table `quotation_items`
--
ALTER TABLE `quotation_items`
  ADD CONSTRAINT `quotation_items_ibfk_1` FOREIGN KEY (`quotation_id`) REFERENCES `quotations` (`id`) ON DELETE CASCADE;

--
-- Constraints for table `window_calculation_details`
--
ALTER TABLE `window_calculation_details`
  ADD CONSTRAINT `window_calculation_details_ibfk_1` FOREIGN KEY (`calculation_id`) REFERENCES `calculation_records` (`id`),
  ADD CONSTRAINT `window_calculation_details_ibfk_2` FOREIGN KEY (`quotation_id`) REFERENCES `quotations` (`id`),
  ADD CONSTRAINT `window_calculation_details_ibfk_3` FOREIGN KEY (`client_id`) REFERENCES `clients` (`id`),
  ADD CONSTRAINT `window_calculation_details_ibfk_4` FOREIGN KEY (`company_id`) REFERENCES `companies` (`id`);

--
-- Constraints for table `window_drawings`
--
ALTER TABLE `window_drawings`
  ADD CONSTRAINT `window_drawings_ibfk_1` FOREIGN KEY (`calculation_id`) REFERENCES `calculation_records` (`id`),
  ADD CONSTRAINT `window_drawings_ibfk_2` FOREIGN KEY (`quotation_id`) REFERENCES `quotations` (`id`);
COMMIT;

/*!40101 SET CHARACTER_SET_CLIENT=@OLD_CHARACTER_SET_CLIENT */;
/*!40101 SET CHARACTER_SET_RESULTS=@OLD_CHARACTER_SET_RESULTS */;
/*!40101 SET COLLATION_CONNECTION=@OLD_COLLATION_CONNECTION */;
